"Awarding Office","FAIN","Award Number","Recipient Name","Action Date (Date Terminated)","Total Amount Obligated","Total Amount Expended","Total Payment Amount (As of Termination)","Unliquidated Obligations (As of Termination)","Award Title","Presidential Action","For Cause (Put X if applicable)","nan","nan","nan","Download Date"
"ACF","90CA1896","90CA1896","American Bar Association","2025-02-20","500000.00","99362.99","","","Michigan Stop Overreporting Our People (Mi Stop)","N/A - Termination for Cause","X","","","","2025-03-29"
"NIH","C06OD030152","1C06OD030152-01","Columbia University","2025-03-12","8000000.00","8000000.00","","","Creation Of An Institutional Biobanking Facility","N/A - Departmental Authority","","","","","2025-03-29"
"NIH","C06OD034040","1C06OD034040-01","Whitman-Walker Institute, Inc.","2025-03-21","2000000.00","666957.31","","1333042.69","Developing A Community-Based Facility To Support Next Generation Biomedical Hiv Research","N/A - Departmental Authority","","","","","2025-03-29"
"NIH","C06OD034042","1C06OD034042-01","Meharry Medical College","2025-03-21","2000000.00","109460.26","","1890539.74","Meharry Hiv/Aids Research And Training Facility","N/A - Departmental Authority","","","","","2025-03-29"
"NIH","DP2DA058436","1DP2DA058436-01","University Of Central Florida","2025-03-14","2280000.00","269080.94","","2010919.06","Entrust - Economic Navigation And Strengthening To Realize Unrestricted Services For Transgender Women","N/A - Departmental Authority","","","","","2025-03-29"
"NIH","DP2MH132938","1DP2MH132938-01","University Of Florida","2025-03-21","1444190.00","726316.67","","717873.33","Transdiagnostic Intervention To Reduce Internalized Health-Related Stigma","N/A - Departmental Authority","","","","","2025-03-29"
"NIH","DP2MH132941","1DP2MH132941-01","Harvard University","2025-03-14","1521000.00","1521000.00","","","The Optics Of Health: Race Skin Tone Minority Health And Health Disparities In The U.S.","N/A - Departmental Authority","","","","","2025-03-29"
"NIH","DP5OD037400","1DP5OD037400-01","Columbia University","2025-03-14","411250.00","","","411250.00","The Behavioral Cost Of Carbon","N/A - Departmental Authority","","","","","2025-03-29"
"NIH","F31AA031420","1F31AA031420-01A1","University Of Tennessee Knoxville","2025-03-19","48974.00","34424.71","","14549.29","Examining Proximal Associations Between Minority Stress Ptsd Symptoms And Alcohol Use Among Bi+ College Students With Trauma Histories","N/A - Departmental Authority","","","","","2025-03-29"
"NIH","F31AA031605","1F31AA031605-01","University Of Memphis","2025-03-18","40769.00","31143.20","","9625.80","A Mixed Methods Study To Enhance Alcohol Treatment Help-Seeking And Engagement Among Gender Diverse Adults","N/A - Departmental Authority","","","","","2025-03-29"
"NIH","F31AA031618","1F31AA031618-01","University Of Nebraska Lincoln","2025-03-18","48974.00","33485.24","","15488.76","Post-Traumatic Stress And Alcohol Use As Mechanisms Explaining Ipv Among Bisexual Women Who Disclose Sexual Violence To Partners: Examining Minority Stress As A Moderator","N/A - Departmental Authority","","","","","2025-03-29"
"NIH","F31AG090071","1F31AG090071-01","Columbia University","2025-03-14","48974.00","44270.00","","4704.00","The Impact Of Alzheimer'S Disease On Novel Genetic Signatures Of Hippocampal Memory Traces","N/A - Departmental Authority","","","","","2025-03-29"
"NIH","F31AI176760","1F31AI176760-01A1","Columbia University","2025-03-14","48974.00","48974.00","","","Host Factors Required By Human Parainfluenza Virus 3: Determinants Of Entry And Viral Spread","N/A - Departmental Authority","","","","","2025-03-29"
"NIH","F31AI176851","1F31AI176851-01A1","Columbia University","2025-03-14","36053.00","33701.00","","2352.00","Investigating The Potential Of Wastewater Surveillance Data To Improve Sars- Cov-2 Dynamical Modeling And Forecasting","N/A - Departmental Authority","","","","","2025-03-29"
"NIH","F31AI178878","1F31AI178878-01A1","Johns Hopkins University","2025-03-10","48974.00","38375.25","","10598.75","Epidemiological Factors Related To Human Monkeypox Virus (Mpox) In Men Who Have Sex With Men (Msm) In The United States","N/A - Departmental Authority","","","","","2025-03-29"
"NIH","F31AI181431","1F31AI181431-01A1","University Of Washington","2025-03-18","48974.00","32441.80","","16532.20","Prevention Of Chlamydia Trachomatis Infections: Evaluation Of Vaccination And Post-Exposure Prophylactic Antibiotic Use As Population-Level Strategies","N/A - Departmental Authority","","","","","2025-03-29"
"NIH","F31AI181556","1F31AI181556-01","Columbia University","2025-03-14","48974.00","44270.00","","4704.00","Mechanistic Insights Into Lipid A Modification By The Phosphoethanolamine Transferase Mcr-1","N/A - Departmental Authority","","","","","2025-03-29"
"NIH","F31DA062473","1F31DA062473-01","Univ Of North Carolina Chapel Hill","2025-03-18","40441.00","17392.82","","23048.18","Social Safety As A Novel Mechanism Of Risk For Problematic Substance Use Among Sexual And Gender Minority Youth","N/A - Departmental Authority","","","","","2025-03-29"
"NIH","F31DK137600","1F31DK137600-01A1","Columbia University","2025-03-14","48974.00","48970.43","","3.57","Acetylation As A Novel Post-Translational Modification Of Mafa","N/A - Departmental Authority","","","","","2025-03-29"
"NIH","F31DK142531","1F31DK142531-01","Columbia University","2025-03-14","48974.00","9852.78","","39121.22","Immature Neutrophil Migration Promotes Inflammation During Obesity","N/A - Departmental Authority","","","","","2025-03-29"
"NIH","F31GM153136","1F31GM153136-01","Johns Hopkins University","2025-03-03","48974.00","22238.90","","26735.10","Understanding How Chromosomal Makeup And Cross-Sex Hormone Administration Affect Wound Healing In Mice","N/A - Departmental Authority","","","","","2025-03-29"
"NIH","F31HD114449","1F31HD114449-01A1","Columbia University","2025-03-14","48974.00","15051.67","","33922.33","Biomechanics And Mechanobiology Of Human Uterine Fibroids","N/A - Departmental Authority","","","","","2025-03-29"
"NIH","F31HD114466","1F31HD114466-01A1","Columbia University","2025-03-14","48974.00","48874.00","","100.00","Brain-Wide Neural Mechanisms Enhancing Maternal Behavioral Response To Infant Cues","N/A - Departmental Authority","","","","","2025-03-29"
"NIH","F31HD115324","1F31HD115324-01","Columbia University","2025-03-14","42574.00","28425.00","","14149.00","Associations Among Maternal Stress Infant Epigenetics And Behavioral And Cognitive Development Across The First Few Years Of Life","N/A - Departmental Authority","","","","","2025-03-29"
"NIH","F31MD019521","1F31MD019521-01A1","University Of Houston","2025-03-12","36978.00","10584.00","","26394.00","A Multi-Level Study Of The Link Between Fear Of Deportation And Mental Health In Latinx Young Adults: The Role Of Systemic Inflammation And Related Risk And Protective Factors","N/A - Departmental Authority","","","","","2025-03-29"
"NIH","F31MD019985","1F31MD019985-01","Johns Hopkins University","2025-03-18","48974.00","28307.06","","20666.94","Characterizing Economic Determinants Of Violence And Safety Disparities Among Sexual And Gender Diverse Populations","N/A - Departmental Authority","","","","","2025-03-29"
"NIH","F31MH134720","1F31MH134720-01A1","Medical College Of Wisconsin","2025-03-18","48974.00","35587.30","","13386.70","Understanding Patient Level Implementation Determinants Related To Long- Acting Injectable Hiv Pre-Exposure Prophylaxis Among Young Men Who Have Sex With Men Living In Rural Areas","N/A - Departmental Authority","","","","","2025-03-29"
"NIH","F31MH135828","1F31MH135828-01","University Of Miami School Of Medicine","2025-03-21","47694.00","32652.72","","15041.28","Employment As Prevention: Adapting A Structural Intervention To Achieve Hiv Equity Among Immigrant Latino Msm.","N/A - Departmental Authority","","","","","2025-03-29"
"NIH","F31MH136729","1F31MH136729-01A1","Fordham University","2025-03-18","48974.00","","","48974.00","Determining The Role Of Discrimination In Clinical Presentation And Treatment Response Among Sexual Minority People With Ocd: A Machine Learning Approach","N/A - Departmental Authority","","","","","2025-03-29"
"NIH","F31MH136856","1F31MH136856-01","Johns Hopkins University","2025-03-18","48974.00","37756.27","","11217.73","Aligning Hiv Services With Gender Diverse Community Priorities Through Person- Centered Care: A Mixed Methods Study In India","N/A - Departmental Authority","","","","","2025-03-29"
"NIH","F31MH138075","1F31MH138075-01","Duke University","2025-03-12","42014.00","28262.76","","13751.24","Intersectional Discrimination And Sexual Health Among Young Black Men Who Have Sex With Men: A Mixed Methods Study","N/A - Departmental Authority","","","","","2025-03-29"
"NIH","F31MH138212","1F31MH138212-01","University Of Miami School Of Medicine","2025-03-18","42749.00","31066.47","","11682.53","Exploring Acceptability & Potential Reach Of Game-Based & Social Network Strategies For Improving Prep & Hiv Self-Testing Uptake Among Latinx Sexual Minority Men Living In An Ehe Priority Jurisdiction","N/A - Departmental Authority","","","","","2025-03-29"
"NIH","F31MH139225","1F31MH139225-01","Johns Hopkins University","2025-03-18","42574.00","4704.00","","37870.00","Structural Stigma And Mental Health Among Transgender And Gender Diverse Adults Living In The Rural United States","N/A - Departmental Authority","","","","","2025-03-29"
"NIH","F31MH139392","1F31MH139392-01","George Washington University","2025-03-18","48974.00","6724.00","","42250.00","Hiv Risk Messaging And Medical Mistrust In The Era Of Undetectable=Untransmittable: Psychosocial And Behavioral Implications Among Black Latino/A/E/X And Multiracial Sexual And Gender Minorities","N/A - Departmental Authority","","","","","2025-03-29"
"NIH","F31NR021239","1F31NR021239-01","Columbia University","2025-03-14","48974.00","46549.00","","2425.00","Personal Healthcare Networks Of Transgender And Gender-Diverse Adults After Gender-Affirming Surgery","N/A - Departmental Authority","","","","","2025-03-29"
"NIH","F31NR021243","1F31NR021243-01","University Of Miami Coral Gables","2025-03-18","48974.00","22374.39","","26599.61","Intergenerational And Cultural Drivers Of Depressive Symptoms In Hispanic Sexual Minority Youth","N/A - Departmental Authority","","","","","2025-03-29"
"NIH","F31NR021247","1F31NR021247-01","Ohio State University","2025-03-18","42104.00","21801.91","","20302.09","Client And Clinician Priorities For Same-Day Prep And Doxypep Awareness Uptake And Persistence In Primary Care.","N/A - Departmental Authority","","","","","2025-03-29"
"NIH","F31NR021330","1F31NR021330-01","Columbia University","2025-03-14","51974.00","37168.00","","14806.00","The Role Of Social Determinants In Reproductive Coercion: Understanding Health Information And Support Needs","N/A - Departmental Authority","","","","","2025-03-29"
"NIH","F32MH138253","1F32MH138253-01","Yale University","2025-03-18","77908.00","1086.58","","76821.42","Training In Behavioral Design Interventions To Address Stigma Among Men Who Have Sex With Men","N/A - Departmental Authority","","","","","2025-03-29"
"NIH","G13LM014426","1G13LM014426-01","University Of Washington","2025-03-12","47535.00","","","47535.00","Securing Health Equity: Philosophical Foundations For Equality And Social Justice In Public Health And Health Care","N/A - Departmental Authority","","","","","2025-03-29"
"NIH","K01ES036202","1K01ES036202-01A1","Columbia University","2025-03-14","157841.00","20264.53","","137576.47","Establishing A Unified Evaluation And Implementation Framework To Inform Heat-Health Warning Systems","N/A - Departmental Authority","","","","","2025-03-29"
"NIH","K01MH132899","1K01MH132899-01A1","University Of Minnesota","2025-03-10","187261.00","103877.04","","83383.96","Using Data Science To Quantify The Impact Of Misinformation, Mistrust, And Other Key Psychosocial Factors On Vaccine Hesitancy Among Vulnerable People Experiencing Psychopathology","N/A - Departmental Authority","","","","","2025-03-29"
"NIH","K23HD112599","1K23HD112599-01A1","Children'S Research Institute","2025-03-10","155322.00","81941.77","","73380.23","Caregiver Decision Making For Seasonal Respiratory Vaccines For Children","N/A - Departmental Authority","","","","","2025-03-29"
"NIH","K23MH134111","1K23MH134111-01","Virginia Commonwealth University","2025-03-18","205308.00","197638.79","","7669.21","Using Youth-Engaged Methods To Develop And Evaluate A Measure For Disordered Eating Behaviors In Transgender And Gender-Diverse Youth","N/A - Departmental Authority","","","","","2025-03-29"
"NIH","K23MH137389","1K23MH137389-01","Hunter College","2025-03-18","211103.00","117677.83","","93425.17","Alive: Development And Feasibility Of A Psychosocial Intervention For Sexual And Gender Minority Autistic Adults","N/A - Departmental Authority","","","","","2025-03-29"
"NIH","K43TW012850","1K43TW012850-01","Hanoi Medical University","2025-03-18","66427.00","66427.00","","","Adapting An Evidence-Based Intervention To Improve Hiv Testing And Prep Uptake Among Young Men Who Have Sex With Men In Vietnam","N/A - Departmental Authority","","","","","2025-03-29"
"NIH","K99ES035895","1K99ES035895-01A1","Columbia University","2025-03-14","126333.00","69367.63","","56965.37","Spatiotemporal Effects And Associations Between Deforestation And Alcohol And Tobacco Use In Indonesia","N/A - Departmental Authority","","","","","2025-03-29"
"NIH","OT2OD035659","1OT2OD035659-01","Healthy Tarrant County Collaboration","2025-03-22","1447396.00","951403.11","","495992.89","Macro-Level Health Considerations Of Community And Criminal Justice System Relationships In North Texas","N/A - Departmental Authority","","","","","2025-03-29"
"NIH","OT2OD035669","1OT2OD035669-01","Asian Community Health Coalition","2025-03-22","1499985.00","1142797.50","","357187.50","Asian Community-Led Health Equity Structural Intervention (Asian Chesi)","N/A - Departmental Authority","","","","","2025-03-29"
"NIH","OT2OD035834","1OT2OD035834-01","Asian American Health Coalition/Houston","2025-03-22","1491475.00","511332.65","","980142.35","Addressing Systemic Barriers Impacting Health In Chc Communities","N/A - Departmental Authority","","","","","2025-03-29"
"NIH","OT2OD035877","1OT2OD035877-01","My Brother'S Keeper, Inc.","2025-03-22","1500000.00","1500000.00","","","Achieving Optimal Sexual And Reproductive Health (Srwh Project)","N/A - Departmental Authority","","","","","2025-03-29"
"NIH","OT2OD035935","1OT2OD035935-01","Urban Health Partnerships","2025-02-28","1500000.00","1177852.31","","322147.69","Leveraging A Community-Driven Approach To Address The Impact Of Social Determinants Of Health On Structural Inequities Among Miami-Dade County'S Intergenerational Lgbtq+ Community","N/A - Departmental Authority","","","","","2025-03-29"
"NIH","OT2OD036428","1OT2OD036428-01","University Of California-Irvine","2025-03-22","4300147.00","2808694.07","","1491452.93","All Of Us Southern California Consortium (Aouscc): Engagement Enrollment And Retention Of Diverse Populations","N/A - Departmental Authority","","","","","2025-03-29"
"NIH","OT2OD037655","1OT2OD037655-01","New York University","2025-03-22","450000.00","136649.15","","313350.85","Building A Diverse Network To Support And Build Pathways For Historically Underrepresented Students In Quantitative-Focused Research Areas Within The All Of Us Research Program","N/A - Departmental Authority","","","","","2025-03-29"
"NIH","OT2OD037880","1OT2OD037880-01","Comprehensive Cancer Center/ Univ/Pr","2025-03-22","1000000.00","187837.64","","812162.36","National Latino Network (Nln) For Precision Medicine And Health Disparities Research","N/A - Departmental Authority","","","","","2025-03-29"
"NIH","P01AI158571","1P01AI158571-01A1","Duke University","2025-03-24","27999998.00","21031895.04","","6968102.96","Design And Development Of A Pan-Betacoronavirus Vaccine","N/A - Departmental Authority","","","","","2025-03-29"
"NIH","P01AI165072","1P01AI165072-01","Brigham & Women`S Hospital","2025-03-24","19638315.00","12024354.66","","7613960.34","Discovering Durable Pan-Coronavirus Immunity","N/A - Departmental Authority","","","","","2025-03-29"
"NIH","P01AI165077","1P01AI165077-01","University Of Wisconsin System/Board Of Regents","2025-03-24","11618493.00","6994679.24","","4623813.76","Pancorvac (Center For Pan-Coronavirus Vaccine Development)","N/A - Departmental Authority","","","","","2025-03-29"
"NIH","P20AG093975","1P20AG093975-01","Columbia University","2025-03-14","1397411.00","161078.29","","1236332.71","Climate And Health: Action And Research For Transformational Change (Chart)","N/A - Departmental Authority","","","","","2025-03-29"
"NIH","P20TW012808","1P20TW012808-01","Columbia University","2025-03-14","1061973.00","","","1061973.00","Anga Center For Climate Justice Health Equity And Community Wellbeing","N/A - Departmental Authority","","","","","2025-03-29"
"NIH","P50MD019473","1P50MD019473-01","State University Of New York At Buffalo","2025-03-12","724502.00","81501.68","","643000.32","Igniting Hope In Buffalo New York Communities: Training The Next Generation Of Health Equity Researchers","N/A - Departmental Authority","","","","","2025-03-29"
"NIH","P50MD019475","1P50MD019475-01","Icahn School Of Medicine At Mount Sinai","2025-03-20","759917.00","18974.39","","740942.61","The Institute For Health Equity Research Catalyst Center","N/A - Departmental Authority","","","","","2025-03-29"
"NIH","R01AA031637","1R01AA031637-01A1","Pacific Institute For Res And Evaluation","2025-03-20","668532.00","425705.04","","242826.96","The Role Of Local Structural Stigma In Alcohol Related Inequities Among Sgm Young Adults","N/A - Departmental Authority","","","","","2025-03-29"
"NIH","R01AG087121","1R01AG087121-01A1","University Of Michigan At Ann Arbor","2025-03-21","1059015.00","11011.57","","1048003.43","Adrd Risk And Resilience Among Black Americans: A 20-Year Longitudinal Study","N/A - Departmental Authority","","","","","2025-03-29"
"NIH","R01AG089099","1R01AG089099-01","Rutgers The State University Of New Jersey","2025-03-11","739827.00","141547.72","","598279.28","Social Networks And Cognitive Health Among Black And Latino Sexual Minority Men In Nj","N/A - Departmental Authority","","","","","2025-03-29"
"NIH","R01AI169543","1R01AI169543-01","Keck Graduate Institute Of Applied Life Sciences","2025-03-24","1851627.00","1851627.00","","","Rapid Response For Pandemics: Single Cell Sequencing And Deep Learning To Predict Antibody Sequences Against An Emerging Antigen","N/A - Departmental Authority","","","","","2025-03-29"
"NIH","R01AI181732","1R01AI181732-01A1","University Of California, San Francisco","2025-03-20","1628180.00","72484.33","","1555695.67","The Doxy-Pep Impact Study: A Multi-City Us Longitudinal Cohort To Evaluate Doxy-Pep Field Effectiveness Investigate Associated Antimicrobial Resistance And Establish Doxy-Pep To Need Ratios","N/A - Departmental Authority","","","","","2025-03-29"
"NIH","R01AI182165","1R01AI182165-01","Columbia University Health Sciences","2025-03-10","866647.00","388782.55","","477864.45","Text4Vax: Understanding The Effectiveness And Implementation Of Text Message Reminders For Pediatric Covid-19 And Influenza Vaccines","N/A - Departmental Authority","","","","","2025-03-29"
"NIH","R01AI186142","1R01AI186142-01A1","Tulane University Of Louisiana","2025-03-20","770842.00","233635.46","","537206.54","A Seek Test And Treat Intervention To Reduce Chlamydia Trachomatis Disparities In Black Youth Living In The Deep South","N/A - Departmental Authority","","","","","2025-03-29"
"NIH","R01AI186641","1R01AI186641-01","The Regents Of The University Of California, San Francisco","2025-03-20","781821.00","161465.21","","620355.79","Randomized Directly Observed Therapy Study To Interpret Clinical Trials Of Doxy-Pep","N/A - Departmental Authority","","","","","2025-03-29"
"NIH","R01AI189309","1R01AI189309-01","Johns Hopkins University","2025-03-20","771490.00","24623.55","","746866.45","Impact Of Gender Affirming Hormone Therapy On Hiv Viral Dynamics And Immune Responses In Transgender Women","N/A - Departmental Authority","","","","","2025-03-29"
"NIH","R01CA279145","1R01CA279145-01A1","Columbia University","2025-03-14","694771.00","400375.19","","294395.81","Spectrum (Studying Pride To Enhance Cancer Screening Guidelines For Transgender Users Of Gender-Affirming Hormones)","N/A - Departmental Authority","","","","","2025-03-29"
"NIH","R01DA058994","1R01DA058994-01A1","University Of Rhode Island","2025-03-20","771618.00","30454.67","","741163.33","Network-Based Study Design Statistical And Modeling Solutions For Hiv Among Populations That Use Illicit Substances: Informing Interventions And Policy In Real-World Settings Using Existing Data","N/A - Departmental Authority","","","","","2025-03-29"
"NIH","R01DA059240","1R01DA059240-01A1","Florida State University","2025-03-20","701204.00","229654.53","","471549.47","Characterizing Intersectional Geospatial Stigma And Affirmation Landscapes And Their Influence On Black And Latino Bisexual Men At Risk For Substance Abuse And Hiv","N/A - Departmental Authority","","","","","2025-03-29"
"NIH","R01DA059480","1R01DA059480-01A1","University Of Oklahoma Hlth Sciences Ctr","2025-03-21","406246.00","109269.43","","296976.57","Elucidating Minority Stress Influences On Tobacco Use At The Intersection Of Sexual Orientation And Rurality","N/A - Departmental Authority","","","","","2025-03-29"
"NIH","R01DA061247","1R01DA061247-01","Northwestern University At Chicago","2025-03-12","777568.00","172284.98","","605283.02","Silos: Structural Inequities Across Layers Of Social-Context As Drivers Of Hiv And Substance Use","N/A - Departmental Authority","","","","","2025-03-29"
"NIH","R01DA061345","1R01DA061345-01","University Of California Los Angeles","2025-03-20","439153.00","4681.37","","434471.63","Race & Place: The Impacts Of Racial Inequality On Substance Use And Hiv Outcomes In Los Angeles","N/A - Departmental Authority","","","","","2025-03-29"
"NIH","R01DA061661","1R01DA061661-01","University Of Connecticut Storrs","2025-03-20","773845.00","121168.96","","652676.04","Optimizing A Just-In-Time Adaptive Intervention To Increase Uptake Of Chemsex Harm Reduction Services In Msm: A Micro-Randomized Trial","N/A - Departmental Authority","","","","","2025-03-29"
"NIH","R01DE031927","1R01DE031927-01","Genendeavor Llc","2025-03-24","4504502.00","3844921.40","","659580.60","Development Of A Handheld Rapid Air Sensing System To Monitor And Quantify Sars-Cov-2 In Aerosols In Real-Time","N/A - Departmental Authority","","","","","2025-03-29"
"NIH","R01DK132735","1R01DK132735-01","University Of California-Los Angeles, Board Of Regents","2025-03-24","3636473.00","3636473.00","","","Metabolic And Epigenetic Reprogramming Of Vital Organs In Sars-Cov-2 Induced Systemic Toxicity","N/A - Departmental Authority","","","","","2025-03-29"
"NIH","R01ES036258","1R01ES036258-01","Columbia University Health Sciences","2025-03-20","430305.00","73867.96","","356437.04","Reframing Personal And Community Report Back Of Consumer Products By Centering Intersectionality","N/A - Departmental Authority","","","","","2025-03-29"
"NIH","R01GM155395","1R01GM155395-01","University Of Pittsburgh At Pittsburgh","2025-03-21","879690.00","327394.83","","552295.17","Promoting Inclusive Excellence","N/A - Departmental Authority","","","","","2025-03-29"
"NIH","R01HD110428","1R01HD110428-01A1","University Of Pittsburgh At Pittsburgh","2025-03-10","633148.00","177430.94","","455717.06","Modeling Adolescent Health Care Decision-Making For Vaccines: A Community- Based Participatory Approach","N/A - Departmental Authority","","","","","2025-03-29"
"NIH","R01HD111516","1R01HD111516-01A1","University Of Pennsylvania","2025-03-21","698557.00","171166.03","","527390.97","Intervention To Improve Parent Communication About Sexuality With Sexual Minority Male Adolescents","N/A - Departmental Authority","","","","","2025-03-29"
"NIH","R01HD112464","1R01HD112464-01A1","University Of California, San Francisco","2025-03-21","538719.00","126042.69","","412676.31","Health And Economic Consequences Of Changing Federal And State Policies On Reproductive Health.","N/A - Departmental Authority","","","","","2025-03-29"
"NIH","R01HD115551","1R01HD115551-01","Northwestern University At Chicago","2025-03-21","718900.00","5852.91","","713047.09","Understanding Multilevel Predictors Affecting Family Formation Among Sexual And Gender Minority Couples","N/A - Departmental Authority","","","","","2025-03-29"
"NIH","R01HD115881","1R01HD115881-01","Emory University","2025-03-03","377894.00","280949.79","","96944.21","Microbiome Mediated Effects Of Gender Affirming Hormone Therapy In Mice","N/A - Departmental Authority","","","","","2025-03-29"
"NIH","R01HD115921","1R01HD115921-01","Boston Children'S Hospital","2025-03-21","800403.00","378920.04","","421482.96","The Effects Of Gender-Affirming Sex Steroids On Brain Development In Adolescents","N/A - Departmental Authority","","","","","2025-03-29"
"NIH","R01HL168489","1R01HL168489-01A1","Columbia University Health Sciences","2025-03-21","1628588.00","671672.10","","956915.90","A Daily Diary Examination Of The Influence Of Intersectional Stigma On Blood Pressure","N/A - Departmental Authority","","","","","2025-03-29"
"NIH","R01HL169503","1R01HL169503-01A1","New York University","2025-03-21","636567.00","411804.10","","224762.90","Geographically-Explicit Ecological Momentary Assessment Protocol To Assess The Linkages Between Intersectional Discrimination And Cvd Risk Among Sexual And Gender Minorities","N/A - Departmental Authority","","","","","2025-03-29"
"NIH","R01HL177518","1R01HL177518-01","Medical College Of Wisconsin","2025-03-21","779771.00","42222.65","","737548.35","Cardiometabolic Impact Of Gender-Affirming Hormone Therapy In Transmasculine Young Adults","N/A - Departmental Authority","","","","","2025-03-29"
"NIH","R01MD018582","1R01MD018582-01A1","University Of Pittsburgh At Pittsburgh","2025-03-21","785097.00","288924.46","","496172.54","Psychosocial Predictors Of Risk For Suicidal Behavior Among Gender Minority Adolescents","N/A - Departmental Authority","","","","","2025-03-29"
"NIH","R01MD019956","1R01MD019956-01","Yale University","2025-03-12","1054907.00","104710.88","","950196.12","Theoretically Informed Behavioral Intervention To Enhance Qol And Prevent Hiv-Related Comorbidities In Ethnic And Racial Sexual Minority Men","N/A - Departmental Authority","","","","","2025-03-29"
"NIH","R01MD020284","1R01MD020284-01","Drexel University","2025-03-12","812946.00","11712.42","","801233.58","Measures Of Structural Stigmatization And Discrimination For Hiv Research With Latine Sexual And Gender Minorities","N/A - Departmental Authority","","","","","2025-03-29"
"NIH","R01MH135498","1R01MH135498-01A1","University Of Wisconsin Milwaukee","2025-03-21","423369.00","10779.45","","412589.55","Using Digital Photovoice To Explore The Relationships Between Social Media Content And Suicidality Among Transgender Adolescents","N/A - Departmental Authority","","","","","2025-03-29"
"NIH","R01MH137695","1R01MH137695-01","Vanderbilt University","2025-03-20","651915.00","153998.35","","497916.65","Measuring And Mapping Trajectories Of Risk And Resilience For Suicidal Thoughts And Behaviors In Sexual And Gender Minority Preteens","N/A - Departmental Authority","","","","","2025-03-29"
"NIH","R01MH138225","1R01MH138225-01","Yale University","2025-03-21","709213.00","80595.01","","628617.99","A Multi-Level Integrated Strategy To Optimize Prep Adherence For Black Msm And Accelerate Implementation At Scale","N/A - Departmental Authority","","","","","2025-03-29"
"NIH","R01MH138237","1R01MH138237-01","University Of Miami Coral Gables","2025-03-20","788119.00","128031.73","","660087.27","Leveraging A Strategic Alliance Of Community-Based Implementers And Researchers To Characterize Protocolize And Scale Up Local Implementation Strategies For Ending The Hiv Epidemic Among Latino Msm","N/A - Departmental Authority","","","","","2025-03-29"
"NIH","R01MH138335","1R01MH138335-01","Ohio State University","2025-03-20","815881.00","","","815881.00","Bisexual Adolescents' And Young Adults' Risk For Depression And Suicidal Ideation: Developmental Trajectories Risk And Protective Factors And Underlying Mechanisms","N/A - Departmental Authority","","","","","2025-03-29"
"NIH","R01MH140023","1R01MH140023-01","Vanderbilt University","2025-03-20","722293.00","","","722293.00","Mental Health Effects Of Marriage Policy: Evidence From Linked Administrative Data In New Zealand","N/A - Departmental Authority","","","","","2025-03-29"
"NIH","R01NR021461","1R01NR021461-01","Yale University","2025-03-20","2432517.00","73197.40","","2359319.60","Examining Non-Congregate Shelter Effects On Mental Health Crises Through Community Health Partnerships In Connecticut","N/A - Departmental Authority","","","","","2025-03-29"
"NIH","R01NR021691","1R01NR021691-01A1","George Washington University","2025-03-12","676457.00","77560.98","","598896.02","Identifying Multilevel Facilitators Of Care Outcomes Among Positive Deviants To Design An Intervention For Black Sexual Minority Men Living With Hiv","N/A - Departmental Authority","","","","","2025-03-29"
"NIH","R01TW012904","1R01TW012904-01","University Of Washington","2025-03-20","207738.00","76124.17","","131613.83","Kabawil: Adapting An Intervention To Reduce Intersectional Stigmas Among Indigenous Sexual Minority Men And Traditional Healers In Mesoamerica","N/A - Departmental Authority","","","","","2025-03-29"
"NIH","R03AA031740","1R03AA031740-01","Montana State University - Bozeman","2025-03-20","80316.00","9536.00","","70780.00","Romantic Relationships, Discrimination Stressors, And Alcohol Use Among Sexual And Gender Minority Adults","N/A - Departmental Authority","","","","","2025-03-29"
"NIH","R03CA289560","1R03CA289560-01","Mayo Clinic Rochester","2025-03-20","80700.00","80677.36","","22.64","Refinement Of A Training Module To Improve Discussions Of Sexual Orientation And Gender Identity In Cancer Clinics","N/A - Departmental Authority","","","","","2025-03-29"
"NIH","R03ES035509","1R03ES035509-01","Columbia University","2025-03-12","185979.00","123212.70","","62766.30","Drinking Water Contaminants And Fetal Loss In Northern California","N/A - Departmental Authority","","","","","2025-03-29"
"NIH","R13AI188929","1R13AI188929-01","Gordon Research Conferences","2025-03-20","3100.00","","","3100.00","2025 Sex Differences In Immunity Gordon Research Conference And Gordon Research Seminar","N/A - Departmental Authority","","","","","2025-03-29"
"NIH","R13HD117635","1R13HD117635-01","University Of Oklahoma Hlth Sciences Ctr","2025-03-20","10000.00","","","10000.00","Be Curious Not Judgmental: The 4Th National Symposium On Sexual Behavior Of Youth","N/A - Departmental Authority","","","","","2025-03-29"
"NIH","R13HL173969","1R13HL173969-01","Society Of Behavioral Medicine","2025-03-21","79300.00","79300.00","","","Society Of Behavioral Medicine 2024 Annual Meeting & Scientific Sessions","N/A - Departmental Authority","","","","","2025-03-29"
"NIH","R13HL177880","1R13HL177880-01","Gordon Research Conferences","2025-03-20","5000.00","5000.00","","","2025 Cardiac Arrhythmia Mechanisms Gordon Research Conference And Gordon Research Seminar","N/A - Departmental Authority","","","","","2025-03-29"
"NIH","R13MD019531","1R13MD019531-01","University Of California Berkeley","2025-03-21","47451.00","1250.00","","46201.00","Social Medicine Cases For Health Equity","N/A - Departmental Authority","","","","","2025-03-29"
"NIH","R13MH136663","1R13MH136663-01","New York State Psychiatric Institute","2025-03-20","30000.00","","","30000.00","Enhancing Diversity Equity And Inclusion In Mental Health Research: American Psychopathological Association Annual Meetings","N/A - Departmental Authority","","","","","2025-03-29"
"NIH","R13MH138043","1R13MH138043-01","Emory University","2025-03-12","20000.00","","","20000.00","National Lgbt Health Conference 2024","N/A - Departmental Authority","","","","","2025-03-29"
"NIH","R15AA030898","1R15AA030898-01A1","University Of North Carolina Charlotte","2025-03-20","458269.00","83130.17","","375138.83","Reconstruction Of An Sgm-Specific Sexual Violence Peer Support Program (Sss+)","N/A - Departmental Authority","","","","","2025-03-29"
"NIH","R15AI176375","1R15AI176375-01","Bentley University","2025-03-10","379139.00","204031.34","","175107.66","Covid-19 Vaccine Uptake And Risk Mitigation Behaviors: Understanding The Role Of Institutional Trust","N/A - Departmental Authority","","","","","2025-03-29"
"NIH","R15GM152943","1R15GM152943-01","University Of Tennessee Chattanooga","2025-03-10","331246.00","106492.66","","224753.34","Mathematical Modeling And Scientific Computing For Infectious Disease Research","N/A - Departmental Authority","","","","","2025-03-29"
"NIH","R21AA030373","1R21AA030373-01A1","Texas Tech University","2025-02-28","397892.00","186777.17","","211114.83","Internal Sources Of Minority Stress And Alcohol Consumption","N/A - Departmental Authority","","","","","2025-03-29"
"NIH","R21AA031548","1R21AA031548-01A1","Virginia Polytechnic Inst And St Univ","2025-03-20","218293.00","17733.22","","200559.78","Daily Impact Of Sexual Minority Stress On Alcohol-Related Intimate Partner Violence Among Bisexual+ Young Adults: A Couples' Daily Diary Study","N/A - Departmental Authority","","","","","2025-03-29"
"NIH","R21AG087792","1R21AG087792-01","Fenway Community Health Center","2025-03-21","443875.00","32191.48","","411683.52","Bridge To Belonging (B2B): Peer Led Intervention To Reduce Loneliness And Depression Among Older Gay And Bisexual Men","N/A - Departmental Authority","","","","","2025-03-29"
"NIH","R21AI161501","1R21AI161501-01","University Of Maryland","2025-03-24","414425.00","291135.69","","123289.31","Elucidating Airborne Sars-Cov-2 Infectivity At Single Aerosol Resolution","N/A - Departmental Authority","","","","","2025-03-29"
"NIH","R21AI178840","1R21AI178840-01A1","Case Western Reserve University","2025-03-21","241500.00","125345.90","","116154.10","Defining The Neovaginal Microbiome After Gender Affirming Vaginoplasty","N/A - Departmental Authority","","","","","2025-03-29"
"NIH","R21AI183544","1R21AI183544-01A1","New York Blood Center","2025-03-10","267121.00","","","267121.00","Understanding Transgender Women'S Immune And Behavioral Responses To Seasonal Covid-19 Vaccines To Improve Their Uptake","N/A - Departmental Authority","","","","","2025-03-29"
"NIH","R21AI183907","1R21AI183907-01A1","University Of Washington","2025-03-21","259807.00","52895.51","","206911.49","Applying A Behavioral Economic Approach On Prep And Hormone Options Among Transgender Women","N/A - Departmental Authority","","","","","2025-03-29"
"NIH","R21CA284313","1R21CA284313-01","University Of Rochester","2025-02-28","325032.00","221209.09","","103822.91","Transforma Tu Salud Dejando De Fumar: Advancing Smoking Cessation Among Transgender Individuals","N/A - Departmental Authority","","","","","2025-03-29"
"NIH","R21CA292185","1R21CA292185-01","Massachusetts General Hospital","2025-03-21","439966.00","1623.52","","438342.48","Adapting And Testing A Smoking Cessation Intervention For Transgender And Gender-Diverse Individuals","N/A - Departmental Authority","","","","","2025-03-29"
"NIH","R21DA060856","1R21DA060856-01A1","University Of California, San Diego","2025-03-21","202308.00","15974.43","","186333.57","Champion - Combining Hiv And Stimulant Prevention And Treatment Interventions Optimized For Hiv-Negative Msm","N/A - Departmental Authority","","","","","2025-03-29"
"NIH","R21DA062591","1R21DA062591-01","Graduate School Of Public Health And Health Policy","2025-03-21","420319.00","49287.82","","371031.18","Optimizing Long-Acting Injectable Prep Strategies For Sexual Minority Men Who Use Methamphetamine","N/A - Departmental Authority","","","","","2025-03-29"
"NIH","R21HD110617","1R21HD110617-01A1","Yale University","2025-03-21","463689.00","278015.35","","185673.65","Development And Initial Trial Of Brief Interventions To Help Parents Of Stigmatized Youth Reduce Distress And Strengthen Attachment","N/A - Departmental Authority","","","","","2025-03-29"
"NIH","R21HD110837","1R21HD110837-01A1","Arizona State University-Tempe Campus","2025-03-10","419796.00","216989.05","","199806.95","Reducing Vaccine Hesitancy Among Hispanic Parents Of Covid-19 Vaccine-Eligible Children","N/A - Departmental Authority","","","","","2025-03-29"
"NIH","R21HD115480","1R21HD115480-01A1","Columbia University","2025-03-14","295355.00","34232.81","","261122.19","Strengthening Informed Consent For Authentic Participation In Perinatal Hiv Research","N/A - Departmental Authority","","","","","2025-03-29"
"NIH","R21HD115838","1R21HD115838-01","University Of Colorado Denver","2025-03-21","429000.00","","","429000.00","Feasibility Study For Assessing Processes And Outcomes Related To Gender Affirming Care","N/A - Departmental Authority","","","","","2025-03-29"
"NIH","R21HD116080","1R21HD116080-01","Brigham And Women'S Hospital","2025-03-21","495307.00","25060.90","","470246.10","Confidentiality In Use Of Health Insurance Coverage For Reproductive Health Services","N/A - Departmental Authority","","","","","2025-03-29"
"NIH","R21MD019089","1R21MD019089-01A1","Temple Univ Of The Commonwealth","2025-03-21","250709.00","30694.58","","220014.42","Advancing Help-Seeking And Recovery Measures For Sexual And Gender Minority Survivors Of Gender-Based Violence","N/A - Departmental Authority","","","","","2025-03-29"
"NIH","R21MD019345","1R21MD019345-01A1","University Of Oklahoma Hlth Sciences Ctr","2025-03-21","216772.00","54116.53","","162655.47","Ecological Momentary Assessment Of Daily Minority Stressors And Cannabis And Tobacco Co-Use Among Sexual Minority Young Adults","N/A - Departmental Authority","","","","","2025-03-29"
"NIH","R21MD019829","1R21MD019829-01","University Of Southern California","2025-03-21","269438.00","50607.99","","218830.01","The Roles Of Parental Mental Health And Help-Seeking: Utilizing A Family Systems Approach To Upstream Suicide Prevention For Sexual Minority Youth","N/A - Departmental Authority","","","","","2025-03-29"
"NIH","R21MH130302","1R21MH130302-01A1","Ohio State University","2025-03-21","450125.00","302025.44","","148099.56","Impact Of Geographic Mobility On Prep And Hiv Care Outcomes Among Latino Gay, Bisexual And Other Men Who Have Sex With Men","N/A - Departmental Authority","","","","","2025-03-29"
"NIH","R21MH133755","1R21MH133755-01","Columbia University","2025-03-12","483983.00","200479.83","","283503.17","The Tail-Prep Study: Acceptability And Feasibility Of A Tailored Adherence Intervention For Safe Discontinuation Of Long-Acting Prep","N/A - Departmental Authority","","","","","2025-03-29"
"NIH","R21MH135130","1R21MH135130-01A1","Louisiana State Univ A&M Col Baton Rouge","2025-03-21","233101.00","9150.00","","223951.00","Cultural Consensus Modeling To Identify Culturally Relevant Risk And Protective Factors For Suicide Among Sexual Minority Youth","N/A - Departmental Authority","","","","","2025-03-29"
"NIH","R21MH135234","1R21MH135234-01A1","University Of California Santa Barbara","2025-03-21","416299.00","26628.99","","389670.01","Design Of A Lay Health Worker Training Intervention To Promote Mental Health Care Access For Racially Diverse Transgender Youth","N/A - Departmental Authority","","","","","2025-03-29"
"NIH","R21MH135779","1R21MH135779-01A1","University Of Colorado Denver","2025-03-21","211326.00","20077.56","","191248.44","Formative Work For The Development Of An Intervention To Support Combined Hiv/Syphilis Self-Testing And Linkage To Prevention And Treatment Services For Transgender Women In South Africa","N/A - Departmental Authority","","","","","2025-03-29"
"NIH","R21MH136855","1R21MH136855-01","Harvard Pilgrim Health Care, Inc.","2025-03-21","277552.00","57424.12","","220127.88","Over-The-Counter Prep: Acceptability Feasibility And Potential Impact Of Access Without A Prescription (Offscript)","N/A - Departmental Authority","","","","","2025-03-29"
"NIH","R21MH136915","1R21MH136915-01A1","New York Blood Center","2025-03-21","308371.00","142548.64","","165822.36","Impact Of Geographic Mobility On Prep And Hiv Care Outcomes Among Latino Gay, Bisexual And Other Men Who Have Sex With Men","N/A - Departmental Authority","","","","","2025-03-29"
"NIH","R24DA061190","1R24DA061190-01","University Of South Carolina At Columbia","2025-03-12","503095.00","154750.10","","348344.90","Pride-Cares Center: Patient-Responsive Initiatives For Diverse Engagement - Lgbtq+ Community Action In Research To Eliminate Substance Use Disorder","N/A - Departmental Authority","","","","","2025-03-29"
"NIH","R24NS132283","1R24NS132283-01","Neurovations","2025-03-21","7732800.00","3426978.38","","4305821.62","Purpose: Positively Uniting Researchers Of Pain To Opine Synthesize And Engage","N/A - Departmental Authority","","","","","2025-03-29"
"NIH","R25ES036012","1R25ES036012-01A1","Columbia University","2025-03-14","132347.00","","","132347.00","Bronx Environmental Health Summer Training For Justice","N/A - Departmental Authority","","","","","2025-03-29"
"NIH","R25HD116367","1R25HD116367-01","Univ Of North Carolina Chapel Hill","2025-03-21","428270.00","18079.86","","410190.14","Restoring Equity To Measuring And Preventing Perinatal Intimate Partner Violence (Remap-Ipv)","N/A - Departmental Authority","","","","","2025-03-29"
"NIH","R34AA030662","1R34AA030662-01A1","University Of Colorado","2025-03-21","653281.00","210020.63","","443260.37","An Online Family-Based Program To Prevent Alcohol Use And Dating And Sexual Violence Among Sexual And Gender Minority Youth","N/A - Departmental Authority","","","","","2025-03-29"
"NIH","R34MH132405","1R34MH132405-01","Public Health Foundation Enterprises","2025-03-21","521875.00","299199.77","","222675.23","Myprep Plus: Development And Pilot Testing Of Novel Pre-Exposure Prophylaxis Support Tools For Transgender Women","N/A - Departmental Authority","","","","","2025-03-29"
"NIH","R34MH133768","1R34MH133768-01A1","Lurie Children'S Hospital Of Chicago","2025-03-21","249765.00","70397.00","","179368.00","Development And Preliminary Trial Of A Digital Transdiagnostic Cbt Intervention For Transgender Adolescents","N/A - Departmental Authority","","","","","2025-03-29"
"NIH","R34MH134603","1R34MH134603-01A1","University Of Illinois At Chicago","2025-03-21","270250.00","33887.75","","236362.25","Feasibility Acceptability And Preliminary Efficacy Of An Adapted Group-Based And Online Hiv Prevention Intervention For Immigrant Sexual Minority Men In The Us","N/A - Departmental Authority","","","","","2025-03-29"
"NIH","R34MH134912","1R34MH134912-01A1","Case Western Reserve University","2025-03-21","279366.00","","","279366.00","Youth Empowerment And Safety Intervention For Systems-Involved Sexual And Gender Minority Youth At Risk Of Suicide","N/A - Departmental Authority","","","","","2025-03-29"
"NIH","R34MH136018","1R34MH136018-01A1","Boston College","2025-03-12","239551.00","","","239551.00","Development Of A School-Based Prevention Intervention To Promote Adolescent Mental Health Equity","N/A - Departmental Authority","","","","","2025-03-29"
"NIH","R34MH137753","1R34MH137753-01","Temple Univ Of The Commonwealth","2025-03-21","264871.00","106027.04","","158843.96","Developing And Pilot Testing An Ehealth Decision Support Tool For Young Trans Women To Improve Informed Decision Making About Prep","N/A - Departmental Authority","","","","","2025-03-29"
"NIH","R35GM157032","1R35GM157032-01","Brigham And Women'S Hospital","2025-03-12","442444.00","149085.99","","293358.00","Molecular Mechanisms Of Hormone-Mediated Sex Differences In Wound Healing","N/A - Departmental Authority","","","","","2025-03-29"
"NIH","R36DA058830","1R36DA058830-01A1","New School University","2025-03-12","53501.00","12320.36","","41180.64","Exploring Historical Trauma Racial Discrimination Ptsd And Substance Use Among Black Young Adults","N/A - Departmental Authority","","","","","2025-03-29"
"NIH","R36DA061635","1R36DA061635-01","Columbia University","2025-03-14","51390.00","43802.08","","7587.92","Dissecting The Role Of Loneliness On Substance Use- And Hiv-Related Outcomes Among Sexual Minority Men In The United States And Canada","N/A - Departmental Authority","","","","","2025-03-29"
"NIH","R43MD019197","1R43MD019197-01","Pro-Change Behavior Systems, Inc.","2025-03-21","324381.00","236702.43","","87678.57","Bridges: A Digital Intervention To Increase Workplace Belonging","N/A - Departmental Authority","","","","","2025-03-29"
"NIH","R44HD106855","1R44HD106855-01A1","Iris Media, Inc.","2025-03-21","283526.00","150251.98","","133274.02","Evidence-Based Parent Training For Diverse Families (Ptdf)","N/A - Departmental Authority","","","","","2025-03-29"
"NIH","R56AG079510","1R56AG079510-01A1","University Of California, San Francisco","2025-03-21","3432146.00","1477035.96","","1955110.04","Asian Americans & Racism: Individual And Structural Experiences (Arise)","N/A - Departmental Authority","","","","","2025-03-29"
"NIH","R56AG087032","1R56AG087032-01","Rand Corporation","2025-03-21","1040387.00","175272.74","","865114.26","Social Connectedness Loneliness And Health Among Aging Black Sexual Minority Men","N/A - Departmental Authority","","","","","2025-03-29"
"NIH","R56AI182347","1R56AI182347-01A1","Columbia University","2025-03-14","837185.00","738775.67","","98409.33","Doxy4Sticare - Doxycycline For Sexually Transmitted Infections; A Comprehensive Assessment Of Antimicrobial Resistance And Engagement","N/A - Departmental Authority","","","","","2025-03-29"
"NIH","R56AI186400","1R56AI186400-01","Regents Of The University Of Colorado, The","2025-03-24","726000.00","208258.04","","517741.96","A Tunable Nanophage Platform For Vaccine Development","N/A - Departmental Authority","","","","","2025-03-29"
"NIH","R56CA284564","1R56CA284564-01","Beth Israel Deaconess Medical Center","2025-03-12","299940.00","286927.92","","13012.08","Gender-Affirming Testosterone Therapy On Breast Cancer Risk And Treatment Outcomes","N/A - Departmental Authority","","","","","2025-03-29"
"NIH","R56HD113725","1R56HD113725-01A1","Innovation Research And Training, Inc.","2025-03-21","263996.00","148997.30","","114998.70","Examining Reproductive And Sexual Health During The Transition To Adulthood","N/A - Departmental Authority","","","","","2025-03-29"
"NIH","R61DA058985","1R61DA058985-01","Columbia University","2025-03-14","418343.00","21642.98","","396700.00","Structural Racism Neurocognition In Reward Related Decision Making And Substance Use Risk","N/A - Departmental Authority","","","","","2025-03-29"
"NIH","R61HD117134","1R61HD117134-01","Harvard Pilgrim Health Care, Inc.","2025-03-12","838837.00","117448.86","","721388.14","Supportive And Restrictive Factors And Mental Health In Lgbt Adolescent And Young Adult Populations","N/A - Departmental Authority","","","","","2025-03-29"
"NIH","R61MH133710","1R61MH133710-01A1","Auburn University At Auburn","2025-03-21","978986.00","274440.27","","704545.73","Targeting Minority Stressors To Improve Eating Disorder Symptoms In Sexual Minority Individuals With Eating Disorders","N/A - Departmental Authority","","","","","2025-03-29"
"NIH","RF1MH132348","1RF1MH132348-01","Brown University","2025-02-28","2368492.00","1388545.25","","979946.75","Improving Mental Health Among The Lgbtq+ Community Impacted By The Covid-19 Pandemic","N/A - Departmental Authority","","","","","2025-03-29"
"NIH","RF1MH132360","1RF1MH132360-01","Graduate School Of Public Health And Health Policy","2025-03-10","3296734.00","2442158.73","","854575.27","Brief Digital Intervention To Increase Covid-19 Vaccination Among Individuals With Anxiety Or Depression","N/A - Departmental Authority","","","","","2025-03-29"
"NIH","T32DA057926","1T32DA057926-01A1","University Of Pittsburgh At Pittsburgh","2025-03-21","202337.00","58589.01","","143747.99","Building An Interprofessional And Diverse Workforce In Substance Use And Pain","N/A - Departmental Authority","","","","","2025-03-29"
"NIH","T32MD019780","1T32MD019780-01","University Of Alabama At Birmingham","2025-03-21","250060.00","22842.74","","227217.26","Advance Sgm Health For Research Diversity","N/A - Departmental Authority","","","","","2025-03-29"
"NIH","T34GM149823","1T34GM149823-01A1","Spelman College","2025-03-21","90514.00","90514.00","","","U-Rise At Spelman College","N/A - Departmental Authority","","","","","2025-03-29"
"NIH","U01DA057849","1U01DA057849-01","University Of Oregon","2025-03-24","2029962.00","1504677.63","","525284.37","Supported Employment To Create A Community Culture Of Sars-Cov-2 Rapid Testing Among People Who Inject Drugs: Peerconnect2Test","N/A - Departmental Authority","","","","","2025-03-29"
"NIH","U01MD018310","1U01MD018310-01","University Of Missouri Kansas City","2025-03-21","1997263.00","1065333.81","","931929.19","Faithful Response Ii: Covid-19 Rapid Test-To-Treat With African American Churches","N/A - Departmental Authority","","","","","2025-03-29"
"NIH","U19AI171110","1U19AI171110-01","University Of California-San Francisco","2025-03-24","67452049.00","56237645.96","","11214403.04","Qcrg Pandemic Response Program","N/A - Departmental Authority","","","","","2025-03-29"
"NIH","U19AI171292","1U19AI171292-01","University Of North Carolina At Chapel Hill","2025-03-24","65483194.00","47898650.80","","17584543.20","Rapidly Emerging Antiviral Drug Development Initiative- Avidd Center (Readdi-Ac)","N/A - Departmental Authority","","","","","2025-03-29"
"NIH","U19AI171399","1U19AI171399-01","Sloan Kettering Institute For Cancer Research","2025-03-24","68201902.00","45800686.42","","22401215.58","Ai-Driven Structure-Enabled Antiviral Platform (Asap)","N/A - Departmental Authority","","","","","2025-03-29"
"NIH","U19AI171401","1U19AI171401-01","Hackensack Medical Center","2025-03-24","65141731.00","49200080.29","","15941650.71","Metropolitan Antiviral Drug Accelerator","N/A - Departmental Authority","","","","","2025-03-29"
"NIH","U19AI171403","1U19AI171403-01","Emory University","2025-03-24","51914880.00","34244377.26","","17670502.74","Antiviral Countermeasures Development Center (Ac/Dc)","N/A - Departmental Authority","","","","","2025-03-29"
"NIH","U19AI171413","1U19AI171413-01","University Of Texas, Medical Branch At Galveston","2025-03-24","75012640.00","41509495.81","","33503144.19","Utmb-Novartis Alliance For Pandemic Preparedness","N/A - Departmental Authority","","","","","2025-03-29"
"NIH","U19AI171421","1U19AI171421-01","Stanford University","2025-03-24","69058677.00","40700147.79","","28358529.21","Development Of Outpatient Antiviral Cocktails Against Sars-Cov-2 And Other Potential Pandemic Rna Viruses.","N/A - Departmental Authority","","","","","2025-03-29"
"NIH","U19AI171443","1U19AI171443-01","Scripps Research Institute","2025-03-24","67624156.00","57984390.17","","9639765.83","Center For Antiviral Medicines & Pandemic Preparedness (Campp)","N/A - Departmental Authority","","","","","2025-03-29"
"NIH","U19AI171954","1U19AI171954-01","University Of Minnesota","2025-03-24","66887966.00","51764002.12","","15123963.88","Midwest Avidd Center","N/A - Departmental Authority","","","","","2025-03-29"
"NIH","U24DK138889","1U24DK138889-01","Virginia Commonwealth University","2025-03-21","521354.00","","","521354.00","Vcu National Coordinating Center For Advancing Gender Inclusive Excellence","N/A - Departmental Authority","","","","","2025-03-29"
"NIH","UG3HD115253","1UG3HD115253-01","Eastern Michigan University","2025-03-21","1410608.00","370876.78","","1039731.22","Adaptable Community-Engaged Intervention For Violence Prevention: Michigan Model","N/A - Departmental Authority","","","","","2025-03-29"
"NIH","R01HD094081","2R01HD094081-06A1","University Of Minnesota","2025-03-12","672168.00","423385.38","","248782.62","A Longitudinal Examination Of Mechanisms Underlying Intersectional Health Disparities In The United States","N/A - Departmental Authority","","","","","2025-03-29"
"NIH","R13AG066389","2R13AG066389-06","University Of South Carolina At Columbia","2025-03-21","74959.00","60089.04","","14869.96","The Adar Summit Meeting","N/A - Departmental Authority","","","","","2025-03-29"
"NIH","R25GM109435","2R25GM109435-10","University Of Georgia","2025-03-12","343158.00","","","343158.00","Prep At University Of Georgia","N/A - Departmental Authority","","","","","2025-03-29"
"NIH","U54MD007582","2U54MD007582-39","Florida Agricultural And Mechanical Univ","2025-03-21","3362171.00","427643.45","","2934527.55","Famu Center For Health Disparities Research","N/A - Departmental Authority","","","","","2025-03-29"
"NIH","U54MD007598","2U54MD007598-16","Charles R. Drew University Of Med & Sci","2025-03-21","4351410.00","1395736.38","","2955673.62","Center For Accelerating Excellence In Translational Science (Axis)","N/A - Departmental Authority","","","","","2025-03-29"
"NIH","K01HL151902","3K01HL151902-04S1","Boston Medical Center","2025-03-21","696928.00","637455.10","","59472.90","Assessing The Burden Of Dementia In Transgender Populations","N/A - Departmental Authority","","","","","2025-03-29"
"NIH","K01MH116737","3K01MH116737-06S1","Florida State University","2025-03-21","898574.00","861017.18","","37556.82","Covid-19 Administrative Supplement To K01: Adapting Pilot Testing A Behavioral Intervention To Incorporate Advances In Hiv Prevention For Black Young Msm In Alabama","N/A - Departmental Authority","","","","","2025-03-29"
"NIH","K01MH117142","3K01MH117142-05S1","University Of Pittsburgh At Pittsburgh","2025-03-21","878685.00","869947.69","","8737.31","Biological Mechanisms Of Suicidal Behavior Among Sexual Minority Adolescents - Supplement","N/A - Departmental Authority","","","","","2025-03-29"
"NIH","K12AR084217","3K12AR084217-09S1","Tufts University Boston","2025-03-21","2729507.00","1782703.55","","946803.45","Supporting The Tufts Bircwh Program With An Additional Scholar Position","N/A - Departmental Authority","","","","","2025-03-29"
"NIH","K12AR084219","3K12AR084219-26S1","University Of California, San Francisco","2025-03-21","3603974.00","3338187.92","","265786.08","Ucsf-Kaiser Department Of Research Building Interdisciplinary Research Careers In Women'S Health (Bircwh) Program","N/A - Departmental Authority","","","","","2025-03-29"
"NIH","K12AR084220","3K12AR084220-21S1","University Of California At Davis","2025-03-21","3656085.00","3130973.50","","525111.50","Building Interdisciplinary Research Careers In Women'S Health At Uc Davis","N/A - Departmental Authority","","","","","2025-03-29"
"NIH","OT2HL158287","3OT2HL158287-01S6","Westat, Inc","2025-03-24","4000000.00","","","4000000.00","Nhlbi Community Engagement Technical Assistance Center (Cetac)","N/A - Departmental Authority","","","","","2025-03-29"
"NIH","OT2HL161847","3OT2HL161847-01S1","New York University Medical Center","2025-03-24","33203136.00","19400799.77","","13802336.23","Ota-21-015A Post-Acute Sequelae Of Sars-Cov-2 Infection Initiative: Nyu Langone Health Clinical Science Core, Data Resource Core, And Pasc Biorepository Core","N/A - Departmental Authority","","","","","2025-03-29"
"NIH","OT2OD035980","3OT2OD035980-01S1","Vanderbilt University Medical Center","2025-03-22","2826653.00","1994118.60","","832534.40","Engaging Diverse Stakeholders In Genomic/Precision Medicine Research: The All Of Us Research Program Engagement Core","N/A - Departmental Authority","","","","","2025-03-29"
"NIH","P30AI117943","3P30AI117943-10S1","Northwestern University At Chicago","2025-03-12","19812684.00","18612684.00","","752751.18","Partnering And Programming For A Bipoc Sgm Pathway To Hiv Research","N/A - Departmental Authority","","","","","2025-03-29"
"NIH","P30CA016056","3P30CA016056-47S1","Roswell Park Cancer Institute Corp","2025-03-21","5500829.63","3407087.94","","2093741.69","Two-Spirit Films In Indigenous Cancer Health","N/A - Departmental Authority","","","","","2025-03-29"
"NIH","P50DA048756","3P50DA048756-04S3","University Of Oregon","2025-03-24","18012501.00","16306805.74","","1705695.26","Prevention Research Center: Parenting Among Women Who Are Opioid Users","N/A - Departmental Authority","","","","","2025-03-29"
"NIH","R01AA029076","3R01AA029076-04S1","Northwestern University At Chicago","2025-03-21","2872007.00","2390563.89","","481443.11","Improving Measurement Of Alcohol Use And Other Disparities By Sex, Sexual Orientation, And Gender Identity Through Community Engagement","N/A - Departmental Authority","","","","","2025-03-29"
"NIH","R01AG075734","3R01AG075734-03S1","University Of Minnesota","2025-03-21","2281240.00","1776632.76","","504607.24","Training The Long-Term Services And Supports Dementia Care Workforce In Provision Of Care To Sexual And Gender Minority Residents","N/A - Departmental Authority","","","","","2025-03-29"
"NIH","R01AI169636","3R01AI169636-03S1","Albert Einstein College Of Medicine","2025-03-21","2722149.00","2008488.42","","713660.58","Ed2Prep - Patient Focused Low-Burden Strategies For Prep Uptake Among Emergency Departments Patients: A Cross-Over Hybrid Implementation- Effectiveness Trial","N/A - Departmental Authority","","","","","2025-03-29"
"NIH","R01AR065493","3R01AR065493-07S2","Tulane University, School Of Medicine","2025-03-24","4215616.00","3936457.76","","279158.24","Psychosocial Factors And Lupus Disease Progression Among African American Women","N/A - Departmental Authority","","","","","2025-03-29"
"NIH","R01DK122564","3R01DK122564-05S1","Columbia University","2025-03-12","1553286.00","1394867.12","","158418.88","Skeletal Health In Youth With Type 1 Diabetes And Gender Diversity","N/A - Departmental Authority","","","","","2025-03-29"
"NIH","R01DK130864","3R01DK130864-03S1","University Of Michigan At Ann Arbor","2025-03-21","1787640.00","1038873.11","","748766.89","The Role Of Circulating Meta-Inflammatory Monocytes In Adolescent Insulin Resistance","N/A - Departmental Authority","","","","","2025-03-29"
"NIH","R01HD075787","3R01HD075787-08S1","Research Triangle Institute","2025-03-11","100507.00","","","100507.00","Social Influences On Sexual Health Among Latinx Adolescents And Emerging Adults Who Identify As Lgbtq+ In An Agricultural Community","N/A - Departmental Authority","","","","","2025-03-29"
"NIH","R01HD092347","3R01HD092347-08S1","Princeton University","2025-03-12","1331119.00","1168292.81","","45300.08","Views Of Gender In Adolescence","N/A - Departmental Authority","","","","","2025-03-29"
"NIH","R01MD013907","3R01MD013907-05S1","Emma Pendleton Bradley Hospital","2025-03-21","1047555.00","833424.00","","214131.00","A Culturally Centered Cbt Protocol For Suicidal Ideation And Suicide Attempts Among Latinx Youth","N/A - Departmental Authority","","","","","2025-03-29"
"NIH","R01MD017588","3R01MD017588-03S1","University Of Miami Coral Gables","2025-03-21","2566175.00","2474400.71","","91774.29","Promoting Health And Reducing Risk Among Hispanic Sexual Minority Youth And Their Families","N/A - Departmental Authority","","","","","2025-03-29"
"NIH","R01MH127014","3R01MH127014-03S1","University Of Pittsburgh At Pittsburgh","2025-03-21","2379519.00","1520413.56","","859105.44","Dopamine Availability And Developmental Pathways Of Adolescent Depression And Anhedonia","N/A - Departmental Authority","","","","","2025-03-29"
"NIH","R01MH134176","3R01MH134176-02S1","University Of Massachusetts Amherst","2025-03-21","1450233.00","312537.19","","1137695.81","Effect Of Medicaid Accountable Care Organizations On Behavioral Health Care Quality And Outcomes For Children","N/A - Departmental Authority","","","","","2025-03-29"
"NIH","R01NR020154","3R01NR020154-04S1","Emory University","2025-03-12","1652521.00","1446967.54","","37685.28","Exploring Stigma Social Support And Cancer Screenings Among Sexual And Gender Diverse People Living With Hiv In Georgia","N/A - Departmental Authority","","","","","2025-03-29"
"NIH","R01NS123639","3R01NS123639-04S1","Columbia University","2025-03-12","3168286.00","1154945.00","","2013341.00","Strengthening Healthcare And Research Engagement Through Data Sharing: Share","N/A - Departmental Authority","","","","","2025-03-29"
"NIH","R25GM132758","3R25GM132758-03S1","University Of Rochester","2025-03-10","53996.00","53996.00","","","One Health Education: Connecting Humans, Animals, And The Environment","N/A - Departmental Authority","","","","","2025-03-29"
"NIH","S06GM127983","3S06GM127983-03S1","The Cherokee Nation","2025-03-24","6448338.00","4656427.93","","1791910.07","Rad-X Up Narch Supplement: A Cherokee Nation Community-Driven Program For Testing And Contact Tracing (Cherokee Protect)","N/A - Departmental Authority","","","","","2025-03-29"
"NIH","S06GM127983","3S06GM127983-04S1","The Cherokee Nation","2025-03-24","6448338.00","4656427.93","","1791910.07","Cherokee Nation Native Americanresearch Center For Health","N/A - Departmental Authority","","","","","2025-03-29"
"NIH","U01AI138897","3U01AI138897-05S2","Johns Hopkins University","2025-03-24","22264539.00","21074777.46","","1189761.54","Hope In Action: A Clinical Trial Of Hiv-To-Hiv Liver Transplantation","N/A - Departmental Authority","","","","","2025-03-29"
"NIH","U01AI167892","3U01AI167892-03S2","La Jolla Institute For Immunology","2025-03-24","10837493.00","9070076.67","","1767416.33","Hipc Data Coordinating Center","N/A - Departmental Authority","","","","","2025-03-29"
"NIH","U01DA040381","3U01DA040381-05S2","Florida International University","2025-03-24","9618541.00","9491829.36","","126711.64","Community-Engaged Research On Covid-19 Testing Among Underserved And/Or Vulnerable Populations","N/A - Departmental Authority","","","","","2025-03-29"
"NIH","U01GM132133","3U01GM132133-05S1","University Of Pittsburgh At Pittsburgh","2025-03-21","2822273.00","2757193.39","","65079.61","Building Up","N/A - Departmental Authority","","","","","2025-03-29"
"NIH","U01GM132133","3U01GM132133-05S2","University Of Pittsburgh At Pittsburgh","2025-03-21","2822273.00","2757193.39","","65079.61","Building Up","N/A - Departmental Authority","","","","","2025-03-29"
"NIH","U24TR001608","3U24TR001608-06S1","Duke University","2025-03-24","176958715.00","138261343.17","","38697371.83","Activ-6","N/A - Departmental Authority","","","","","2025-03-29"
"NIH","U24TR001608","3U24TR001608-07S1","Duke University","2025-03-24","176958715.00","138261343.17","","38697371.83","Activ-6","N/A - Departmental Authority","","","","","2025-03-29"
"NIH","U54EB015408","3U54EB015408-08S1","Massachusetts General Hospital, The","2025-03-24","39862575.00","37222241.63","","2640333.37","Point Of Care Technology Research Center In Primary Care","N/A - Departmental Authority","","","","","2025-03-29"
"NIH","U54EB015408","3U54EB015408-08S2","Massachusetts General Hospital, The","2025-03-24","39862575.00","37222241.63","","2640333.37","Point Of Care Technology Research Center In Primary Care","N/A - Departmental Authority","","","","","2025-03-29"
"NIH","U54MD007601","3U54MD007601-38S2","University Of Hawaii At Manoa","2025-03-21","14337263.00","12420048.20","","1917214.80","Evaluating Hpv Vaccination Uptake Barriers And Its Efficacy In Plwh","N/A - Departmental Authority","","","","","2025-03-29"
"NIH","U54MD012523","3U54MD012523-05S1","University Of Illinois At Chicago","2025-03-21","7937590.00","7233843.13","","703746.87","Center For Health Equity Research (Cher)","N/A - Departmental Authority","","","","","2025-03-29"
"NIH","UM1AI068618","3UM1AI068618-18S1","Fred Hutchinson Cancer Center","2025-03-24","210411010.00","176601911.10","","33809098.90","Covpn 3008 Multi-Center, Randomized, Efficacy Study Of Early Vs Deferred Vaccination With Covid-19 Mrna Vaccine In Regions With Sars-Cov-2 Variants Of Concern - Lc Repository","N/A - Departmental Authority","","","","","2025-03-29"
"NIH","UM1AI068618","3UM1AI068618-18S2","Fred Hutchinson Cancer Center","2025-03-24","210411010.00","176601911.10","","33809098.90","Covpn 3008 Multi-Center, Randomized, Efficacy Study Of Early Vs Deferred Vaccination With Covid-19 Mrna Vaccine In Regions With Sars-Cov-2 Variants Of Concern - Lc Gy18","N/A - Departmental Authority","","","","","2025-03-29"
"NIH","UM1AI068635","3UM1AI068635-18S1","Fred Hutchinson Cancer Center","2025-03-24","187252221.00","178745171.21","","8507049.79","Covpn 3008 2022-2023","N/A - Departmental Authority","","","","","2025-03-29"
"NIH","UM1AI148684","3UM1AI148684-03S1","Emory University","2025-03-24","4239265.01","4239265.01","","","Leadership Group For The Infectious Diseases Clinical Research Consortium (Idcrclg)","N/A - Departmental Authority","","","","","2025-03-29"
"NIH","OT2OD025276","4OT2OD025276-03","Stanford University","2025-03-14","1678387.45","969339.55","","709047.90","Pridenet For The All Of Us Research Program","N/A - Departmental Authority","","","","","2025-03-29"
"NIH","R00AA030079","4R00AA030079-03","Rhode Island Hospital","2025-03-21","348977.66","70965.72","","278011.94","Event-Level Antecedents Of Heavy Drinking Among Bisexual And Heterosexual Women With And Without Histories Of Sexual Assault","N/A - Departmental Authority","","","","","2025-03-29"
"NIH","R00AA030601","4R00AA030601-03","Boston University Medical Campus","2025-03-21","509811.00","283746.50","","226064.50","Stigma Romantic Relationships And Alcohol Use Among Transgender And Nonbinary Young Adults","N/A - Departmental Authority","","","","","2025-03-29"
"NIH","R00DA055508","4R00DA055508-03","Illinois Institute Of Technology","2025-03-21","608748.00","412136.08","","196611.92","A Gender-Affirming Stigma Intervention To Improve Substance Misuse And Hiv Risk Among Transgender Women","N/A - Departmental Authority","","","","","2025-03-29"
"NIH","R00MD017967","4R00MD017967-03","University Of Central Florida","2025-03-21","502260.00","264322.05","","237937.95","Sexually Transmited Infection Testing Risk And Prevention Among Trans Women (Strip-T)","N/A - Departmental Authority","","","","","2025-03-29"
"NIH","R01AI158060","4R01AI158060-05","University Of California, Irvine","2025-03-24","3690197.00","3199303.75","","490893.25","Developing A Multi-Epitope Pan-Coronavirus Vaccine","N/A - Departmental Authority","","","","","2025-03-29"
"NIH","R01AI160953","4R01AI160953-04","Columbia University","2025-03-14","711960.00","211373.22","","500586.78","Fusion Inhibitors That Block Host-To-Host Transmission Of Sars-Cov-2","N/A - Departmental Authority","","","","","2025-03-29"
"NIH","R01AI160961","4R01AI160961-04","Columbia University","2025-03-14","714282.00","204023.66","","510258.34","Engineering Protease-Resistant Antiviral Peptide Inhibitors For Sars-Cov-2","N/A - Departmental Authority","","","","","2025-03-29"
"NIH","U01CA260462","4U01CA260462-02","University Of Alabama At Birmingham","2025-03-24","3969732.00","2945511.83","","1024220.17","Adaptive Immunity And Persistent Sars-Cov-2 Replication","N/A - Departmental Authority","","","","","2025-03-29"
"NIH","U01CA260469","4U01CA260469-02","Michigan State University","2025-03-24","3218089.00","2747490.88","","470598.12","Culturally-Targeted Communication To Promote Sars-Cov-2 Antibody Testing In Saliva: Enabling Evaluation Of Inflammatory Pathways In Covid-19 Racial Disparities","N/A - Departmental Authority","","","","","2025-03-29"
"NIH","U01CA260476","4U01CA260476-02","Beth Israel Hospital","2025-03-24","725409.00","536325.77","","189083.23","Immunologic Signatures Of Sars-Cov-2 Vaccination And Disease","N/A - Departmental Authority","","","","","2025-03-29"
"NIH","U01CA260507","4U01CA260507-02","Yale University","2025-03-24","3457573.00","3062979.79","","394593.21","Immuno-Serological Assays For Monitoring Covid19 In Patients With Hematologic Malignancies","N/A - Departmental Authority","","","","","2025-03-29"
"NIH","U01CA260508","4U01CA260508-02","Health Research, Inc.","2025-03-24","2570126.00","2054952.85","","515173.15","High-Throughput Dried Blood Spot (Ht-Dbs) Technologies In Sars Cov-2 Serology And Vaccinology","N/A - Departmental Authority","","","","","2025-03-29"
"NIH","U01CA260513","4U01CA260513-02","Case Western Reserve University","2025-03-24","3389732.00","2427118.09","","962613.91","Pre-Exposure Immunologic Health And Linkages To Sars-Cov2 Serologic Responses, Endothelial Cell Resilience, And Cardiovascular Complications: Defining The Mechanistic Basis Of High Risk Endotypes","N/A - Departmental Authority","","","","","2025-03-29"
"NIH","U01CA260584","4U01CA260584-02","Kaiser Foundation Research Institute","2025-03-24","853103.00","781932.92","","71170.08","Sars-Cov-2 Serological Antibody Testing For Disease Surveillance And Clinical Use","N/A - Departmental Authority","","","","","2025-03-29"
"NIH","U01CA260588","4U01CA260588-02","La Jolla Institute For Immunology","2025-03-24","732439.00","732439.00","","","Sars-Cov-2-Reactive Tissue-Resident Memory T Cells In Healthy And Cancer Subjects","N/A - Departmental Authority","","","","","2025-03-29"
"NIH","U01CA261277","4U01CA261277-02","Harvard University, School Of Public Health","2025-03-24","1844641.46","1102630.27","","742011.19","Casual, Statistical And Mathematical Modeling With Serologic Data","N/A - Departmental Authority","","","","","2025-03-29"
"NIH","U01DA053903","4U01DA053903-02","University Of Kentucky Research Foundation, The","2025-03-24","3380557.00","3258702.58","","121854.42","Wastewater Assessment For Coronavirus In Kentucky: Implementing Enhanced Surveillance Technology","N/A - Departmental Authority","","","","","2025-03-29"
"NIH","U54CA260492","4U54CA260492-02","Johns Hopkins University","2025-03-24","10424709.00","9708237.31","","716471.69","Johns Hopkins Excellence In Pathogenesis And Immunity Center For Sars-Cov- 2 (Jh-Epics)","N/A - Departmental Authority","","","","","2025-03-29"
"NIH","U54CA260517","4U54CA260517-02","Stanford University","2025-03-24","2420075.00","2410177.47","","9897.53","Mechanisms And Duration Of Immunity To Sars-Cov-2","N/A - Departmental Authority","","","","","2025-03-29"
"NIH","U54CA260543","4U54CA260543-02","University Of North Carolina At Chapel Hill","2025-03-24","2018073.00","1934428.45","","83644.55","North Carolina Seronet Center For Excellence","N/A - Departmental Authority","","","","","2025-03-29"
"NIH","U54CA260560","4U54CA260560-02","Icahn School Of Medicine At Mount Sinai","2025-03-24","2164296.00","2152902.83","","11393.17","Vulnerability Of Sars- Cov-2 Infection In Lung Cancer Based On Serological Antibody Analyses","N/A - Departmental Authority","","","","","2025-03-29"
"NIH","U54CA260563","4U54CA260563-02","Emory University","2025-03-24","2540466.00","2538685.65","","1780.35","Immune Regulation Of Covid-19 Infection In Cancer And Autoimmunity","N/A - Departmental Authority","","","","","2025-03-29"
"NIH","U54CA260581","4U54CA260581-02","Tulane University, School Of Medicine","2025-03-24","2360230.00","2002751.88","","357478.12","Tulane University Covid Antibody And Immunity Network (Tucain)","N/A - Departmental Authority","","","","","2025-03-29"
"NIH","U54CA260582","4U54CA260582-02","Ohio State University","2025-03-24","2434915.00","2194355.82","","240559.18","Center For Serological Testing To Improve Outcomes From Pandemic Covid-19 (Stop-Covid)","N/A - Departmental Authority","","","","","2025-03-29"
"NIH","U54CA260591","4U54CA260591-02","Cedars-Sinai Medical Center","2025-03-24","2373156.00","2373156.00","","","Diversity And Determinants Of The Immune-Inflammatory Response To Sars- Cov-2","N/A - Departmental Authority","","","","","2025-03-29"
"NIH","UH3AI169631","4UH3AI169631-03","University Of Illinois At Chicago","2025-03-21","3827431.00","2158279.00","","1669152.00","Keeping It Lite 2: Exploring Hiv Risk In Vulnerable Youth With Limited Interaction And Digital Health Intervention (Lite-2)","N/A - Departmental Authority","","","","","2025-03-29"
"NIH","UH3AI169655","4UH3AI169655-03","George Washington University","2025-03-21","6429700.00","4948720.00","","1480980.00","Multilevel Strategies To Understand And Modify The Role Of Structural And Environmental Context On Hiv Inequities For Sexual And Gender Minorities Of Color","N/A - Departmental Authority","","","","","2025-03-29"
"NIH","UH3AI169658","4UH3AI169658-03","Columbia University Health Sciences","2025-03-21","6295813.00","3718714.81","","2577098.19","Mypeeps Mobile Lite: Limited Interaction Efficacy Trial Of Mypeeps Mobile To Reduce Hiv Incidence And Better Understand The Epidemiology Of Hiv Among Ymsm","N/A - Departmental Authority","","","","","2025-03-29"
"NIH","UH3DE030063","4UH3DE030063-03","Healthpartners Institute","2025-03-10","1490353.00","667999.05","","757577.00","Investigating Behavioral Mechanisms And Efficacy Of A Provider-Directed Intervention For Hpv Vaccine Promotion In Real-World Dental Settings","N/A - Departmental Authority","","","","","2025-03-29"
"NIH","D43TW011324","5D43TW011324-05","Yale University","2025-03-21","1544588.00","1428232.21","","116355.79","Malaysian Implementation Science Training (Mist) Program In Hiv","N/A - Departmental Authority","","","","","2025-03-29"
"NIH","D43TW012189","5D43TW012189-04","Columbia University","2025-03-14","1052905.00","587581.00","","465324.00","Guyana Research In Injury And Trauma Training (Gritt) Program","N/A - Departmental Authority","","","","","2025-03-29"
"NIH","D43TW012274","5D43TW012274-03","University Of Maryland Baltimore","2025-03-21","3563052.00","2005105.85","","1557946.15","Integrated Networks Of Scholars In Global Health Research Training (Insight)","N/A - Departmental Authority","","","","","2025-03-29"
"NIH","DP2AI164315","5DP2AI164315-04","University Of California-Irvine","2025-02-28","740971.00","740970.06","","0.94","One Ballroom: Understanding Intersectional Stigma To Optimize The Hiv Prevention Continuum Among Vulnerable Populations In The United States","N/A - Departmental Authority","","","","","2025-03-29"
"NIH","DP5OD031849","5DP5OD031849-04","Columbia University","2025-03-14","1620000.00","1248946.17","","371053.83","Public Drinking Water Contaminants And Infant Health: Advancing Environmental Justice","N/A - Departmental Authority","","","","","2025-03-29"
"NIH","F30AG074618","5F30AG074618-04","Columbia University","2025-03-12","199984.00","195280.00","","4704.00","Alzheimer'S Disease Genetic Risk And Microglial Innate Immune Memory","N/A - Departmental Authority","","","","","2025-03-29"
"NIH","F30CA257768","5F30CA257768-04","Columbia University","2025-03-12","199504.00","199504.00","","","Targeting Neuron-Microglia Interactions At The Margin Of Glioma","N/A - Departmental Authority","","","","","2025-03-29"
"NIH","F30CA271624","5F30CA271624-03","Columbia University","2025-03-14","158420.00","158420.00","","","Contribution Of Pag To Immune Synapse Organization And Pd-1 Function","N/A - Departmental Authority","","","","","2025-03-29"
"NIH","F30DC020900","5F30DC020900-03","Columbia University","2025-03-14","148420.00","138716.00","","9704.00","Deciphering Mechanisms For Olfactory Receptor Choice In Single Cells","N/A - Departmental Authority","","","","","2025-03-29"
"NIH","F30DK129008","5F30DK129008-04","Columbia University","2025-03-12","199504.00","194800.00","","4704.00","Adipocyte-Derived Exosomes In Macrophage Regulation","N/A - Departmental Authority","","","","","2025-03-29"
"NIH","F30DK134109","5F30DK134109-03","Columbia University","2025-03-14","149924.00","149924.00","","","Elucidating The Role Of Fra1 In Pancreatic Kras-Driven Acinar To Ductal Metaplasia","N/A - Departmental Authority","","","","","2025-03-29"
"NIH","F30HD107932","5F30HD107932-02","Yale University","2025-03-10","85306.00","85304.26","","1.74","Enhancing K-12 School Safety During A Respiratory Viral Pandemic","N/A - Departmental Authority","","","","","2025-03-29"
"NIH","F30HD108886","5F30HD108886-03","Columbia University","2025-03-14","149924.00","145220.00","","4704.00","Quantifying The Interactions Among Maternal Race Vaginal Metabolites And Microbes In Preterm Birth","N/A - Departmental Authority","","","","","2025-03-29"
"NIH","F30MH126504","5F30MH126504-04","Columbia University","2025-03-12","207969.00","200265.00","","7704.00","Resting State Connectivity Signatures Of Obsessive Compulsive Symptoms","N/A - Departmental Authority","","","","","2025-03-29"
"NIH","F31AA030722","5F31AA030722-02","University Of California, San Francisco","2025-03-21","80632.00","55257.39","","25374.61","Examining Differential Effects Of State Equality-Promoting Policies On Harmful Alcohol Use Among Sexual And Gender Minority Adults In The U.S.: An Econometrics Approach For Causal Inference","N/A - Departmental Authority","","","","","2025-03-29"
"NIH","F31AA031193","5F31AA031193-02","Columbia University","2025-03-12","96668.00","91270.00","","5398.00","Examining Individuals' Exposure To Alcohol Environments Using Novel Responsive Buffers","N/A - Departmental Authority","","","","","2025-03-29"
"NIH","F31AG079601","5F31AG079601-03","Columbia University","2025-03-12","143420.00","138716.00","","4704.00","Mechanisms Underlying The Effects Of Time-Restricted Feeding On Lipid Metabolism","N/A - Departmental Authority","","","","","2025-03-29"
"NIH","F31AG079613","5F31AG079613-02","Columbia University","2025-03-14","96668.00","91964.00","","","Inhibition Of Cd33-Sialic Acid Binding In Late-Onset Alzheimer'S Disease","N/A - Departmental Authority","","","","","2025-03-29"
"NIH","F31AG079627","5F31AG079627-02","Columbia University","2025-03-12","92148.00","82412.00","","9736.00","Data-Driven Discovery Of Heterogeneous Treatment Effects Of Statin Use On Dementia Risk","N/A - Departmental Authority","","","","","2025-03-29"
"NIH","F31AI172316","5F31AI172316-03","Columbia University","2025-03-12","143420.00","143420.00","","","A Novel Long Noncoding Rna Associated With Systemic Lupus Erythematosus Pathogenesis","N/A - Departmental Authority","","","","","2025-03-29"
"NIH","F31CA271474","5F31CA271474-02","University Of Michigan At Ann Arbor","2025-03-21","88914.00","82513.77","","6400.23","Low Dose Computed Tomography (Ldct) Eligibility And Outcome Differences Between Sexual And Gender Minorities And Their Sexual And Gender Majority Counterparts","N/A - Departmental Authority","","","","","2025-03-29"
"NIH","F31DA059345","5F31DA059345-02","San Diego State University","2025-03-21","76512.00","60010.00","","16502.00","Minority Stress Stimulant Use And Hiv Among Sexual Minority Men: A Biopsychosocial Approach","N/A - Departmental Authority","","","","","2025-03-29"
"NIH","F31DC020904","5F31DC020904-03","Columbia University","2025-03-12","143420.00","128037.00","","15383.00","Auditory Cortical Tuning To Communication Sounds And Genetic Constraints On The Vocal Learning Landscape","N/A - Departmental Authority","","","","","2025-03-29"
"NIH","F31DE031970","5F31DE031970-03","Columbia University","2025-03-12","145820.00","140316.00","","5504.00","Transcriptional Regulation Of Progenitor Cell Fate In Craniofacial Ligament Regeneration","N/A - Departmental Authority","","","","","2025-03-29"
"NIH","F31DE033220","5F31DE033220-02","Columbia University","2025-03-14","98268.00","92764.00","","5504.00","Ecm Remodeling And Crosstalk With Cell Fate In Zebrafish Ligament Regeneration","N/A - Departmental Authority","","","","","2025-03-29"
"NIH","F31ES034972","5F31ES034972-02","Columbia University","2025-03-12","96668.00","82097.00","","14571.00","Prenatal Exposure To Phthalates And Associations With Gestational Weight Gain And Fetal Growth Trajectories.","N/A - Departmental Authority","","","","","2025-03-29"
"NIH","F31ES035280","5F31ES035280-02","Columbia University","2025-03-12","70826.00","67298.00","","3528.00","An Equity-Focused Evaluation Of A System-Wide Intervention To Reduce Mold In Nyc Public Housing And Its Impact On Asthma Burden","N/A - Departmental Authority","","","","","2025-03-29"
"NIH","F31ES035306","5F31ES035306-02","Columbia University","2025-03-14","70636.00","61552.00","","9084.00","Long-Term Exposure To Arsenic And The Co-Occurrence Of Uranium In Public And Private Drinking Water: Associations With Cardiovascular And Chronic Kidney Diseases In The California Teachers Study","N/A - Departmental Authority","","","","","2025-03-29"
"NIH","F31EY033660","5F31EY033660-03","Columbia University","2025-03-14","145642.00","76574.44","","69067.56","Therapeutic Editing Of Rod Glycolysis Rescues Retinal Degeneration","N/A - Departmental Authority","","","","","2025-03-29"
"NIH","F31EY035165","5F31EY035165-02","Columbia University","2025-03-14","85148.00","55075.40","","30072.60","Linking Endoplasmic Reticulum Calcium Handling To Neuronal Function In Vivo In The Drosophila Visual System","N/A - Departmental Authority","","","","","2025-03-29"
"NIH","F31HD105405","5F31HD105405-04","Columbia University","2025-03-12","189456.00","159795.00","","29661.00","Understanding And Controlling The Cellular Forces That Coordinate Epithelial Tissue Morphogenesis","N/A - Departmental Authority","","","","","2025-03-29"
"NIH","F31HD110242","5F31HD110242-02","Columbia University","2025-03-14","96668.00","96668.00","","","Mechanisms Controlling Cell Type-Specific Transcription Factor Activity In The Development Of Serially Homologous Structures In Drosophila","N/A - Departmental Authority","","","","","2025-03-29"
"NIH","F31HD110257","5F31HD110257-02","Columbia University","2025-03-12","94648.00","94647.50","","0.50","Does Self-Reported Psychosocial Stress In Pregnancy Mediate The Association Between Maternal Race/Ethnicity And Hypertensive Disorders Of Pregnancy?","N/A - Departmental Authority","","","","","2025-03-29"
"NIH","F31HL172648","5F31HL172648-02","University Of Mississippi Med Ctr","2025-03-03","35098.00","35097.31","","0.69","Cross Sex Steroid Therapy And Cardiovascular Risk In The Transgender Female","N/A - Departmental Authority","","","","","2025-03-29"
"NIH","F31MH132187","5F31MH132187-02","Univ Of North Carolina Chapel Hill","2025-03-21","80742.00","68027.84","","12714.16","Applying Computational Phenotypes To Assess Mental Health Disorders Among Transgender Patients In The United States","N/A - Departmental Authority","","","","","2025-03-29"
"NIH","F31MH132290","5F31MH132290-02","Columbia University","2025-03-12","76832.00","65860.00","","10972.00","Neighborhood Social Environment Composition And Depression In Latinx","N/A - Departmental Authority","","","","","2025-03-29"
"NIH","F31MH133351","5F31MH133351-02","Columbia University","2025-03-12","96668.00","67034.22","","29633.78","Interactions Between Motor Learning And Episodic Memory","N/A - Departmental Authority","","","","","2025-03-29"
"NIH","F31MH133472","5F31MH133472-02","Florida International University","2025-03-21","77790.00","38934.34","","38855.66","Identifying Preferences For Receiving Hiv Prevention Services Among Gbmsms And For Providing Hiv Prevention Services Among Hcps Who Are Active-Duty Service Members","N/A - Departmental Authority","","","","","2025-03-29"
"NIH","F31MH134617","5F31MH134617-02","Columbia University","2025-03-12","96688.00","96668.00","","20.00","Testing Competing Models Of The Computational Role Of Dopamine In Hallucinations","N/A - Departmental Authority","","","","","2025-03-29"
"NIH","F31MH134699","5F31MH134699-02","Columbia University","2025-03-12","93368.00","90261.00","","3107.00","Applying A Multidimensional Measure Of Human Mobility To Understand Drivers Of Hiv Incidence In Rakai Uganda","N/A - Departmental Authority","","","","","2025-03-29"
"NIH","F31MH135787","5F31MH135787-02","Johns Hopkins University","2025-03-21","96668.00","61957.64","","34710.36","Extending The Prevention Toolbox: Exploring The Acceptability And Impact Of Long-Acting Injectable Prep Among Msm In Baltimore: A Pilot Study","N/A - Departmental Authority","","","","","2025-03-29"
"NIH","F31NR020760","5F31NR020760-02","Johns Hopkins University","2025-03-21","96668.00","72502.91","","24165.09","Interpersonal Protective Factors And Mental Health Symptom Self- Management Among Black Transgender Women: A Mixed-Methods Study","N/A - Departmental Authority","","","","","2025-03-29"
"NIH","F31NS129199","5F31NS129199-03","Columbia University","2025-03-12","140867.00","128951.00","","11916.00","Regulation And Function Of Mitochondrial Motility In Neurons In Vivo","N/A - Departmental Authority","","","","","2025-03-29"
"NIH","F31NS130983","5F31NS130983-03","Columbia University","2025-03-14","145642.00","96668.00","","48974.00","Type I Interferon Mediated Restoration Of Brain Endothelial Cell Function After Cerebral Infarction","N/A - Departmental Authority","","","","","2025-03-29"
"NIH","F32AA029957","5F32AA029957-03","Columbia University","2025-03-12","227266.00","187147.00","","40119.00","Understanding The Individual And Combined Impact Of Childhood Sexual Abuse And Minority Stress On Hazardous Drinking Among Sexual Minority Women: Is Emotion Dysregulation A Key Factor?","N/A - Departmental Authority","","","","","2025-03-29"
"NIH","F32AA030194","5F32AA030194-03","Univ Of Maryland, College Park","2025-03-21","215194.00","175787.06","","39406.94","Sexual Orientation, Gender Identity, And Alcohol Use: A Multi-Method Analysis Of Developmental Differences And Key Mechanisms","N/A - Departmental Authority","","","","","2025-03-29"
"NIH","F32EY033654","5F32EY033654-03","Columbia University","2025-03-12","210154.00","194948.00","","15206.00","Fast And Flexible Conjunction Coding In Biological And Artificial Vision","N/A - Departmental Authority","","","","","2025-03-29"
"NIH","F32MD017452","5F32MD017452-03","Boston Children'S Hospital","2025-03-21","228402.00","172283.29","","56118.71","Sexual Minority Mental Health During The Covid-19 Pandemic: An Intersectional, Social Epidemiologic Investigation","N/A - Departmental Authority","","","","","2025-03-29"
"NIH","F32MH130023","5F32MH130023-03","Columbia University","2025-03-12","232126.00","150811.00","","81315.00","Functional Interrogation Of The Mouse Somatosensory Thalamic Interneuron In Sensory Perception And Rhythmic States","N/A - Departmental Authority","","","","","2025-03-29"
"NIH","F32MH135634","5F32MH135634-02","Princeton University","2025-03-12","147236.00","77827.00","","69409.00","The Psychological Underpinnings Of Gender Disparities In Adolescent Mental Health","N/A - Departmental Authority","","","","","2025-03-29"
"NIH","G13LM013533","5G13LM013533-03","Northeastern University","2025-03-21","143391.00","142767.37","","623.63","The Use Of Diversity: Managing Race And Representation In Law Politics And The Biosciences","N/A - Departmental Authority","","","","","2025-03-29"
"NIH","G13LM014176","5G13LM014176-03","Columbia University","2025-03-12","149467.00","83393.47","","66073.53","Diversity In Practice: The Quest For Inclusion In Precision Medicine","N/A - Departmental Authority","","","","","2025-03-29"
"NIH","K01AA028532","5K01AA028532-04","Columbia University","2025-03-14","634636.00","455932.92","","178703.08","Stress Hazardous Drinking And Intimate Partner Aggression In A Diverse Sample Of Women And Their Partners","N/A - Departmental Authority","","","","","2025-03-29"
"NIH","K01AG056669","5K01AG056669-05","University Of Nevada Las Vegas","2025-02-28","666162.00","651998.97","","14163.03","The Epidemiology Of Alzheimer'S Disease And Related Dementias In Sexual And Gender Minority Older Adults: Identifying Risk And Protective Factors","N/A - Departmental Authority","","","","","2025-03-29"
"NIH","K01DK125616","5K01DK125616-04","Johns Hopkins University","2025-03-10","627765.00","539355.30","","88409.70","Implementation Research To Improve The Uptake Of Influenza Vaccination In Ckd","N/A - Departmental Authority","","","","","2025-03-29"
"NIH","K01MH120258","5K01MH120258-05","Columbia University","2025-03-12","641214.00","598708.00","","42506.00","Youth-Prides: Implementing Integrated Mhealth Care For Adolescent Depressionwithin Primary Care Clinics Of Mozambique","N/A - Departmental Authority","","","","","2025-03-29"
"NIH","K01MH130270","5K01MH130270-03","State University Of New York At Buffalo","2025-03-21","636784.00","531316.08","","105467.92","Intersectional Minority Stress Mental Health And Hiv Treatment And Care Among Msm Living With Hiv In Ghana","N/A - Departmental Authority","","","","","2025-03-29"
"NIH","K01MH134764","5K01MH134764-02","Whitman-Walker Institute, Inc.","2025-03-21","417035.00","269967.31","","147067.69","Intersectional Discrimination And Linkage To Hiv Prevention And Care In Transgender Women In Ecuador","N/A - Departmental Authority","","","","","2025-03-29"
"NIH","K08CA276706","5K08CA276706-02","Medical College Of Wisconsin","2025-03-21","420386.00","293009.55","","127376.45","Understanding Breast Cancer Risk And Screening In Transgender Persons Through A Pilot Breast Cancer Screening Program","N/A - Departmental Authority","","","","","2025-03-29"
"NIH","K08MD019314","5K08MD019314-03","University Of Oregon","2025-03-21","295003.00","65295.82","","229707.18","Predicting Acute And Dynamic Suicide Risk In Rural Sexual Minorities","N/A - Departmental Authority","","","","","2025-03-29"
"NIH","K12HD000850","5K12HD000850-40","Weill Medical Coll Of Cornell Univ","2025-03-21","3151572.00","1689012.78","","1462559.22","Pediatric Scientist Development Program","N/A - Departmental Authority","","","","","2025-03-29"
"NIH","K12HD103084","5K12HD103084-05","Stanford University","2025-03-21","1495441.00","1328897.83","","166543.17","Stanford Women'S Reproductive Health Research Career Development Program","N/A - Departmental Authority","","","","","2025-03-29"
"NIH","K23AI150378","5K23AI150378-05","Columbia University","2025-03-12","959976.00","786549.00","","173427.00","Harnessing Bioinformatics For Hiv Prevention: Understanding Persistence In Comprehensive Hiv Prevention Services","N/A - Departmental Authority","","","","","2025-03-29"
"NIH","K23AI163364","5K23AI163364-04","Columbia University","2025-03-14","732904.00","563465.32","","169438.68","Subtyping Sepsis In Uganda Using Clinical Pathogen And Host Response Profiling","N/A - Departmental Authority","","","","","2025-03-29"
"NIH","K23AI171263","5K23AI171263-03","Columbia University","2025-03-14","576464.00","437183.18","","139280.82","Evaluating The Epidemiology And Determinants Of Neurologic Post-Acute Sequelae Of Sars-Cov-2","N/A - Departmental Authority","","","","","2025-03-29"
"NIH","K23DC019678","5K23DC019678-04","Columbia University","2025-03-14","714440.00","579138.28","","135301.72","Neurocognitive & Neuropsychiatric Impact Of Chemosensory Alterations: Implications Of Olfactory Dysfunction In Covid-19","N/A - Departmental Authority","","","","","2025-03-29"
"NIH","K23HD107184","5K23HD107184-03","Denver Health And Hospital Authority","2025-03-10","495277.00","373284.05","","121992.95","Digital Storytelling To Reduce Pediatric Influenza Vaccination Disparities: A Pilot Pragmatic Trial","N/A - Departmental Authority","","","","","2025-03-29"
"NIH","K23HD111624","5K23HD111624-02","Seattle Children'S Hospital","2025-03-10","310555.00","198957.53","","111597.47","Improving Vaccine Delivery In Hospitalized Children","N/A - Departmental Authority","","","","","2025-03-29"
"NIH","K23NS130143","5K23NS130143-02","University Of Colorado Denver","2025-03-12","449874.00","217897.86","","224924.00","Effect Of Pubertal Hormones On Headache In Transmasculine Adolescents","N/A - Departmental Authority","","","","","2025-03-29"
"NIH","K24DA051328","5K24DA051328-06","Columbia University","2025-03-12","517025.00","198515.94","","318509.06","Mentoring Clinical Investigators In Patient-Oriented Research On Substance Use And Hiv","N/A - Departmental Authority","","","","","2025-03-29"
"NIH","K99MD019060","5K99MD019060-02","Trustees Of Indiana University","2025-03-21","195966.00","150586.77","","45379.23","A Digital Health Intervention To Increase Condom Use Among Adolescent Sexual Minority Males","N/A - Departmental Authority","","","","","2025-03-29"
"NIH","P01AI045897","5P01AI045897-24","Columbia University","2025-03-14","13353591.00","10507879.40","","2845711.60","A Tolerance Approach To Xenotransplantation","N/A - Departmental Authority","","","","","2025-03-29"
"NIH","P01HD109850","5P01HD109850-03","University Of Wisconsin-Madison","2025-03-21","4567357.00","3513528.19","","1053828.81","Using Mixed Methods To Evaluate Self- And Other-Generated Tdm Content As Predictors Of Socioemotional Well-Being In Sexual And Gender Minority (Sgm) And Non-Sgm Adolescents","N/A - Departmental Authority","","","","","2025-03-29"
"NIH","P20GM135007","5P20GM135007-05","University Of Vermont & St Agric College","2025-03-21","12790189.00","10726474.58","","2063714.42","Cardiovascular Health And Inflammation: Intersectional Impact Of Structural Racism Structural Sexism And Structural Classism","N/A - Departmental Authority","","","","","2025-03-29"
"NIH","P30AG066462","5P30AG066462-05","Columbia University","2025-03-12","15867870.00","13943079.00","","1924791.00","Alzheimers Disease Research Center","N/A - Departmental Authority","","","","","2025-03-29"
"NIH","P30CA013696","5P30CA013696-49","Columbia University","2025-03-12","28475336.00","26439469.00","","2035867.00","Cancer Center Support Grant","N/A - Departmental Authority","","","","","2025-03-29"
"NIH","P30DK026687","5P30DK026687-44","Columbia University","2025-03-14","5660174.06","5076205.77","","583968.29","New York Obesity Research Center","N/A - Departmental Authority","","","","","2025-03-29"
"NIH","P30ES009089","5P30ES009089-26","Columbia University","2025-03-14","3783771.00","2605811.80","","1177959.20","Center For Environmental Health And Justice In Northern Manhattan","N/A - Departmental Authority","","","","","2025-03-29"
"NIH","P30EY019007","5P30EY019007-14","Columbia University","2025-03-14","3380958.56","2857165.10","","523793.46","Core Facilities For Vision Research","N/A - Departmental Authority","","","","","2025-03-29"
"NIH","P50MD017341","5P50MD017341-04","Columbia University","2025-03-14","18821073.00","11333732.09","","7487340.91","Center To Improve Chronic Disease Outcomes Through Multi-Level And Multi- Generational Approaches Unifying Novel Interventions And Training For Health Equity (The Community Center)","N/A - Departmental Authority","","","","","2025-03-29"
"NIH","P50MD017349","5P50MD017349-04","University Of Chicago","2025-03-21","18840443.00","14454625.19","","4385817.81","Chicago Chronic Condition Equity Network (C3En)","N/A - Departmental Authority","","","","","2025-03-29"
"NIH","P50MH126283","5P50MH126283-04","Cambridge Health Alliance","2025-03-21","6609870.00","5668241.82","","941628.18","Alacrity For Early Screening And Treatment Of High Risk Youth (Estory)","N/A - Departmental Authority","","","","","2025-03-29"
"NIH","R00AA028049","5R00AA028049-05","Northwestern University At Chicago","2025-03-21","1049806.00","709087.37","","340718.63","A Mixed-Methods Approach To Understanding Stress And Hazardous Drinking Among Same-Sex Female Couples","N/A - Departmental Authority","","","","","2025-03-29"
"NIH","R00CA260718","5R00CA260718-04","Ohio State University","2025-03-21","858221.00","763367.83","","94853.17","Testing The Effect Of Anti-Tobacco Message Framing On Polytobacco Use In Lesbian Gay Bisexual And Transgender Young Adults","N/A - Departmental Authority","","","","","2025-03-29"
"NIH","R00ES033742","5R00ES033742-04","Columbia University","2025-03-14","635521.61","574782.80","","60738.81","Novel Assessments Of The Health Impacts Of Tropical Cyclones","N/A - Departmental Authority","","","","","2025-03-29"
"NIH","R00MD015770","5R00MD015770-04","University Of Colorado Denver","2025-03-21","738689.00","604949.26","","133739.74","Population-Specific Eating Disorder Risk Factors In Sexual Minority Women","N/A - Departmental Authority","","","","","2025-03-29"
"NIH","R01AA027248","5R01AA027248-05","University Of Wisconsin Milwaukee","2025-03-21","2717142.00","2215179.00","","501963.00","Alcohol Minority Stress And Intimate Partner Violence: Temporal And Prospective Associations In Sexual Minority Young Adults","N/A - Departmental Authority","","","","","2025-03-29"
"NIH","R01AA027252","5R01AA027252-05","Columbia University Health Sciences","2025-03-21","2750690.00","2583176.01","","167513.99","Stress Hazardous Drinking And Intimate Partner Aggression In A Diverse Sample Of Women And Their Partners","N/A - Departmental Authority","","","","","2025-03-29"
"NIH","R01AA028810","5R01AA028810-04","State University Of New York At Buffalo","2025-03-21","2351607.00","1775860.29","","575746.71","Peer Victimization And Risky Alcohol Use Among Sexual Minority Youth: Understanding Mechanisms And Contexts","N/A - Departmental Authority","","","","","2025-03-29"
"NIH","R01AA029044","5R01AA029044-04","Northwestern University At Chicago","2025-03-21","2483960.00","2017111.68","","466848.32","Intersectional Approaches To Population-Level Health Research: Role Of Hiv Risk And Mental Health In Alcohol Use Disparities Among Diverse Sexual Minority Youth","N/A - Departmental Authority","","","","","2025-03-29"
"NIH","R01AA029076","5R01AA029076-04","Northwestern University At Chicago","2025-03-21","2872007.00","2390563.89","","481443.11","Project Recognize: Improving Measurement Of Alcohol Use And Other Disparities By Sex Sexual Orientation And Gender Identity Through Community Engagement","N/A - Departmental Authority","","","","","2025-03-29"
"NIH","R01AA029088","5R01AA029088-03","Yale University","2025-03-21","2282298.00","1474950.40","","807347.60","A Unified Protocol To Address Sexual Minority Women'S Minority Stress Mental Health And Hazardous Drinking","N/A - Departmental Authority","","","","","2025-03-29"
"NIH","R01AA029989","5R01AA029989-04","Univ Of Maryland, College Park","2025-03-21","2165921.00","1525380.22","","640540.78","Long-Term And Daily Associations Among Intersectional Minority Stress Structural Oppression And Alcohol Use And Misuse Among Sexual Minority Adolescents Of Color","N/A - Departmental Authority","","","","","2025-03-29"
"NIH","R01AA030017","5R01AA030017-02","University Of Pittsburgh At Pittsburgh","2025-03-21","1427557.00","1085577.46","","341979.54","A Randomized Controlled Trial Of A Game-Based Intervention To Reduce Alcohol Use Among Sexual And Gender Minority Youth","N/A - Departmental Authority","","","","","2025-03-29"
"NIH","R01AA030243","5R01AA030243-03","University Of Michigan At Ann Arbor","2025-03-21","1063923.00","727073.23","","336849.77","Sexual Fluidity And Longitudinal Changes In Alcohol Misuse And Associated Health Consequences","N/A - Departmental Authority","","","","","2025-03-29"
"NIH","R01AA030275","5R01AA030275-02","Georgia State University","2025-03-12","991531.00","573784.94","","417746.06","An Intersectional Approach Linking Minority Stressors Experienced By Transgender And Gender Diverse Adults To Alcohol And Drug Use And Comorbid Mental And Physical Health Outcomes","N/A - Departmental Authority","","","","","2025-03-29"
"NIH","R01AA030558","5R01AA030558-02","University Of Nebraska Lincoln","2025-03-21","1009033.00","454342.68","","554690.32","Experiences Of Rural Sexual And Gender Minority Couples: Does Alcohol Use Explain The Link Between Minority Stress And Intimate Partner Discord And Violence","N/A - Departmental Authority","","","","","2025-03-29"
"NIH","R01AA031175","5R01AA031175-02","Loyola Marymount University","2025-03-21","1150713.00","641474.37","","509238.63","Feasibility And Effectiveness Of Gamified Digital Intervention To Prevent Alcohol And Mental Health Risks","N/A - Departmental Authority","","","","","2025-03-29"
"NIH","R01AA031213","5R01AA031213-02","University Of Wisconsin Milwaukee","2025-03-21","1131845.00","424231.05","","707613.95","The Impact Of Minority Stress On Alcohol-Related Sexual Assault Among Sexual Minority College Students: An Intersectional Mixed-Methodological Study","N/A - Departmental Authority","","","","","2025-03-29"
"NIH","R01AG037031","5R01AG037031-14","Peking University","2025-02-28","5333930.00","5333930.00","","","China Health And Retirement Longitudinal Study","N/A - Departmental Authority","","","","","2025-03-29"
"NIH","R01AG060944","5R01AG060944-05","University Of Minnesota","2025-03-21","2393433.00","2383156.54","","10276.46","The All-Or-Nothing Marriage? Marital Functioning And Health Among Individuals In Same And Different-Gender Marriages","N/A - Departmental Authority","","","","","2025-03-29"
"NIH","R01AG063771","5R01AG063771-05","Vanderbilt University","2025-02-28","2628998.00","2503200.88","","98616.86","Effects Of Social Networks And Policy Context On Health Among Older Sexual And Gender Minorities In The Us South","N/A - Departmental Authority","","","","","2025-03-29"
"NIH","R01AG063954","5R01AG063954-05","Banner Health","2025-03-21","9569272.00","8377745.17","","1191526.83","Establishing The Science Behind Alzheimer'S Recruitment Registries: Opportunities For Increasing Diversity And Accelerating Enrollment Into Trials","N/A - Departmental Authority","","","","","2025-03-29"
"NIH","R01AG069041","5R01AG069041-04","New York State Psychiatric Institute","2025-03-21","3108181.00","1847264.74","","1260916.26","Social Convoys, Cognitive Reserve And Resilience, And Risk For Alzheimers Disease And Related Dementias","N/A - Departmental Authority","","","","","2025-03-29"
"NIH","R01AG070059","5R01AG070059-03","National Opinion Research Center","2025-03-21","2701741.00","2533544.44","","168196.56","Sampling Strategies And Measure Development For The Lgbt Aging Project (Samlap)","N/A - Departmental Authority","","","","","2025-03-29"
"NIH","R01AG072592","5R01AG072592-04","University Of Cincinnati","2025-03-21","5329542.00","3984441.21","","1345100.79","Cerebral Small Vessel Disease Burden And Racial Disparity In Vascular Cognitive Impairment And Alzheimers Disease And Its Related Dementias","N/A - Departmental Authority","","","","","2025-03-29"
"NIH","R01AG073440","5R01AG073440-03","Brown University","2025-03-21","1583325.00","1270603.95","","312721.05","Examining Health Comorbidities And Healthcare Utilization Disparities Among Older Transgender And Cisgender Adults In The U.S.","N/A - Departmental Authority","","","","","2025-03-29"
"NIH","R01AG077934","5R01AG077934-03","University Of California, San Francisco","2025-03-21","2554402.00","1754629.06","","799772.94","Structural Racism And Discrimination In Older Men'S Health Inequities","N/A - Departmental Authority","","","","","2025-03-29"
"NIH","R01AG082080","5R01AG082080-02","University Of Michigan At Ann Arbor","2025-03-21","2051864.00","259742.96","","1792121.04","Improving Inclusivity Of Alzheimers Disease And Related Dementias Research For Asian Americans And Latinx Through Nationally Representative Hybrid Sampling.","N/A - Departmental Authority","","","","","2025-03-29"
"NIH","R01AG083177","5R01AG083177-02","University Of Nevada Las Vegas","2025-03-21","1432248.00","894476.92","","537771.08","Enhancing Measurement And Characterization Of Roles And Experiences Of Sexual And Gender Minority Caregivers Of Persons Living With Alzheimer'S Disease And Related Dementias","N/A - Departmental Authority","","","","","2025-03-29"
"NIH","R01AI145675","5R01AI145675-05","Johns Hopkins University","2025-03-20","2857104.00","2588205.36","","268898.64","Improving Prep Protection Of Transgender Women Through Mechanistic Pharmacokinetic Understanding","N/A - Departmental Authority","","","","","2025-03-29"
"NIH","R01AI150533","5R01AI150533-05","China Medical University","2025-02-28","677000.00","677000.00","","","Antigen Discovery For Transmission-Blocking Vaccines In Plasmodium Vivax","N/A - Departmental Authority","","","","","2025-03-29"
"NIH","R01AI151173","5R01AI151173-04","Columbia University","2025-03-14","2738304.00","1872285.96","","866018.04","Targeting Tb Transmission Hotspots To Find Undiagnosed Tb In South Africa: A Genomic Geospatial And Modeling Study (Target- Tb)","N/A - Departmental Authority","","","","","2025-03-29"
"NIH","R01AI153087","5R01AI153087-04","Seattle Children`S Hospital","2025-03-24","2918031.00","2163647.64","","754383.36","Viral And Immune Kinetics In Rhinovirus Infection Following Hematopoietic Cell Transplantation","N/A - Departmental Authority","","","","","2025-03-29"
"NIH","R01AI154541","5R01AI154541-04","Johns Hopkins University","2025-03-20","2165576.00","1806966.85","","358609.15","Sex Gender And The Immunopathogenesis Of Hiv","N/A - Departmental Authority","","","","","2025-03-29"
"NIH","R01AI157253","5R01AI157253-05","University Of North Carolina At Chapel Hill","2025-03-24","3812960.00","3529178.47","","283781.53","Genetic Analysis Of Covid-19 Susceptibility And Resistance Determinants In The Collaborative Cross","N/A - Departmental Authority","","","","","2025-03-29"
"NIH","R01AI158177","5R01AI158177-04","Purdue University","2025-03-24","3099128.00","2784310.49","","314817.51","Novel Delivery Platform And Antigen Design For An Effective Covid-19 Vaccine","N/A - Departmental Authority","","","","","2025-03-29"
"NIH","R01AI158463","5R01AI158463-04","University Of Wisconsin System/Board Of Regents","2025-03-24","1738787.00","1579278.24","","159508.76","Coronavirus Rna Synthesis By Multicomponent Protein Machines","N/A - Departmental Authority","","","","","2025-03-29"
"NIH","R01AI158775","5R01AI158775-04","Rutgers, The State University Of New Jersey","2025-03-24","2142404.00","1627301.00","","515103.00","Development Of Dual Inhibitors Targeting The Viral Main Protease And The Host Cathepsin L As Sars-Cov-2 Antivirals","N/A - Departmental Authority","","","","","2025-03-29"
"NIH","R01AI161374","5R01AI161374-03","Washington University","2025-03-24","2738360.00","2592901.92","","145458.08","Development And Characterization Of Engineered Therapeutic Antibodies Against Sars-Cov-2","N/A - Departmental Authority","","","","","2025-03-29"
"NIH","R01AI165768","5R01AI165768-04","University Of Montana","2025-03-10","1643137.00","1308101.41","","335035.59","Population-Level Assessment Of Early Childhood Vaccination Timeliness, Parental Vaccine Hesitancy, And Immunization Schedule Adherence In The United States, Including Rural-Urban Disparities","N/A - Departmental Authority","","","","","2025-03-29"
"NIH","R01AI166967","5R01AI166967-03","University Of California, San Francisco","2025-03-10","1899293.00","1884185.90","","10008.35","Promotion Of Covid-19 Va(X)Ccination In The Emergency Department - Procovaxed","N/A - Departmental Authority","","","","","2025-03-29"
"NIH","R01AI169239","5R01AI169239-03","University Of San Francisco","2025-03-10","1277429.00","722044.50","","382426.00","Uptake, Safety And Effectiveness Of Covid-19 Vaccines During Pregnancy","N/A - Departmental Authority","","","","","2025-03-29"
"NIH","R01AI169643","5R01AI169643-03","University Of Miami School Of Medicine","2025-03-20","1468022.00","1328107.02","","139914.98","Finishing Hiv: An Ehe Model For Latinos Integrating One-Stop-Shop Prep Services A Social Network Support Program And A National Pharmacy Chain","N/A - Departmental Authority","","","","","2025-03-29"
"NIH","R01AI170946","5R01AI170946-03","Southcentral Foundation","2025-03-10","2052323.00","1404735.86","","647587.14","Alaska Native Communities Advancing Vaccine Uptake","N/A - Departmental Authority","","","","","2025-03-29"
"NIH","R01AI171984","5R01AI171984-03","Van Andel Research Institute","2025-03-03","1420407.00","1420406.52","","0.48","The Roles Of Genetics, Hormones, And Gender In Sexually Dimorphic Immune Response","N/A - Departmental Authority","","","","","2025-03-29"
"NIH","R01AI172092","5R01AI172092-03","Johns Hopkins University","2025-03-20","5299769.00","3692296.26","","1607472.74","Enhanced Cohort Methods For Hiv Research And Epidemiology (Encore) Among Transgender Women In The United States","N/A - Departmental Authority","","","","","2025-03-29"
"NIH","R01AI172469","5R01AI172469-02","Columbia University Health Sciences","2025-03-20","6034361.00","3453746.75","","2580614.25","Examining Social Ecological And Network Factors To Assess Epidemiological Risk In A Large National Cohort Of Cisgender Women","N/A - Departmental Authority","","","","","2025-03-29"
"NIH","R01AI174862","5R01AI174862-03","Harvard Pilgrim Health Care, Inc.","2025-03-20","2500504.00","1433186.48","","1067317.52","Cabotegravir Prep: Actionable Robust Evidence For Translation Into Practice (Cabaret)","N/A - Departmental Authority","","","","","2025-03-29"
"NIH","R01CA237670","5R01CA237670-06","University Of Pennsylvania","2025-03-20","3191343.00","3072289.54","","119053.46","Project Resist: Increasing Resistance To Tobacco Marketing Among Young Adult Sexual Minority Women Using Inoculation Message Approaches","N/A - Departmental Authority","","","","","2025-03-29"
"NIH","R01CA253244","5R01CA253244-03","University Of Minnesota","2025-03-20","1252467.00","1249703.86","","2763.14","Hpv Oropharyngeal Cancer And Screening In Gay And Bisexual Men","N/A - Departmental Authority","","","","","2025-03-29"
"NIH","R01CA253368","5R01CA253368-05","Columbia University","2025-03-12","3281931.00","2845387.00","","436544.00","The Linkage Between Race Kaiso And The Tumor Microenvironment In Breast Cancer Health Disparities","N/A - Departmental Authority","","","","","2025-03-29"
"NIH","R01CA254576","5R01CA254576-05","Columbia University","2025-03-12","2572620.00","1867529.00","","705091.00","Automated Digital Imaging For Cervical Cancer Screening","N/A - Departmental Authority","","","","","2025-03-29"
"NIH","R01CA265945","5R01CA265945-03","University Of Minnesota","2025-03-20","2062633.00","1616356.75","","446276.25","Testing Effective Methods To Recruit Sexual And Gender Minority Cancer Patients For Cancer Studies","N/A - Departmental Authority","","","","","2025-03-29"
"NIH","R01CA274564","5R01CA274564-03","Columbia University","2025-03-14","1152182.00","782117.95","","370064.05","Impact Of Allostatic Load And Neighborhood Contextual Factors On Breast Cancer In The Women'S Health Initiative","N/A - Departmental Authority","","","","","2025-03-29"
"NIH","R01CA276500","5R01CA276500-02","University Of Michigan At Ann Arbor","2025-03-20","985766.00","541984.50","","443781.50","Smoking And Cancer-Related Health Disparities Among Sexual And Gender Minority Adults","N/A - Departmental Authority","","","","","2025-03-29"
"NIH","R01CA285198","5R01CA285198-02","Emory University","2025-03-20","2023007.00","632221.86","","1390785.14","Screening Strategies And Social Determinants Of Health Among People With High Risk Of Anal Cancer","N/A - Departmental Authority","","","","","2025-03-29"
"NIH","R01DA043512","5R01DA043512-05","Columbia Univ New York Morningside","2025-03-12","3575164.00","3470100.62","","105063.38","Preventing Drug Abuse Among Sexual-Minority Youth","N/A - Departmental Authority","","","","","2025-03-29"
"NIH","R01DA045713","5R01DA045713-05","Columbia University","2025-03-12","8180899.00","6861765.00","","1319134.00","A Multi-Site Multi-Setting Rct Of Integrated Hiv Prevention And Hcv Care For Pwid","N/A - Departmental Authority","","","","","2025-03-29"
"NIH","R01DA045773","5R01DA045773-05","George Washington University","2025-03-20","3325785.00","3295551.65","","30233.35","Reducing Black Mens Drug Use And Co-Occurring Negative Mental And Physical Health Outcomes: Intersectionality, Social-Structural Stressors, And Protective Factors","N/A - Departmental Authority","","","","","2025-03-29"
"NIH","R01DA052016","5R01DA052016-04","University Of California, San Francisco","2025-03-20","2927036.00","2670392.54","","256643.46","Substance Use And Dna Methylation At The Intersection Of Sex And Gender","N/A - Departmental Authority","","","","","2025-03-29"
"NIH","R01DA054236","5R01DA054236-04","University Of Pennsylvania","2025-03-12","3083363.00","3083351.34","","9.27","Project Smart: Social Media Anti-Vaping Messages To Reduce Ends Use Among Sexual And Gender Minority Teens","N/A - Departmental Authority","","","","","2025-03-29"
"NIH","R01DA054553","5R01DA054553-04","Columbia University","2025-03-14","2914912.00","2092120.89","","822791.11","Cannabis Use Prep And Hiv Transmission Risk Among Black Msm In Chicago","N/A - Departmental Authority","","","","","2025-03-29"
"NIH","R01DA056235","5R01DA056235-03","Emory University","2025-03-21","2102011.00","1639550.97","","462460.03","Structural Influences On Methamphetamine Use Among Black Gay And Bisexual Men In Atlanta","N/A - Departmental Authority","","","","","2025-03-29"
"NIH","R01DA056287","5R01DA056287-02","Friends Research Institute, Inc.","2025-03-21","1533434.00","919432.03","","614001.97","Comparative- And Cost-Effectiveness Research Determining The Optimal Intervention For Advancing Transgender Women Living With Hiv To Full Viral Suppression","N/A - Departmental Authority","","","","","2025-03-29"
"NIH","R01DA056888","5R01DA056888-03","Friends Research Institute, Inc.","2025-03-20","2415079.00","1640427.60","","774651.40","Optimizing Prep Implementation And Cost-Effectiveness Among Sexual And Gender Minority Individuals With A Substance Use Disorder","N/A - Departmental Authority","","","","","2025-03-29"
"NIH","R01DA057351","5R01DA057351-03","University Of Chicago","2025-03-20","2814152.00","2414735.61","","399416.39","Heavy Cannabis Use, Neurocognition And Prep Care Engagement Among Young Black Sexual Minority Men","N/A - Departmental Authority","","","","","2025-03-29"
"NIH","R01DA058642","5R01DA058642-02","Ohio State University","2025-03-11","1414383.00","1076855.36","","337527.64","Testing A Multistage Model Of Risk Factors For Cannabis Use Utilizing A Measurement Burst Design Among Sexual Minority Women, Sexual Minority Gender Diverse Individuals, And Heterosexual Women","N/A - Departmental Authority","","","","","2025-03-29"
"NIH","R01DA058965","5R01DA058965-02","University Of Chicago","2025-03-20","1526676.00","767863.00","","758813.00","Achieving Equity In Patient Outcome Reporting For Timely Assessments Of Life With Hiv And Substance Use (Eportal Hiv-S)","N/A - Departmental Authority","","","","","2025-03-29"
"NIH","R01DC020061","5R01DC020061-04","Boston University (Charles River Campus)","2025-03-20","2210020.00","1564306.78","","645713.22","Effects Of Exogenous Testosterone Therapy On Communication In Gender Diverse Speakers","N/A - Departmental Authority","","","","","2025-03-29"
"NIH","R01DE032225","5R01DE032225-02","University Of Maryland Baltimore","2025-03-20","933423.00","434274.53","","499148.47","The Role Of Testosterone On Mediating Sex And Gender Influences On Chronic Orofacial Pain Conditions","N/A - Departmental Authority","","","","","2025-03-29"
"NIH","R01DK129239","5R01DK129239-03","University Of Alabama At Birmingham","2025-03-03","667021.00","667020.67","","0.33","Mitochondrial-Based Determinants Of Sex Differences In Acute Kidney Injury","N/A - Departmental Authority","","","","","2025-03-29"
"NIH","R01EY028739","5R01EY028739-07","University Of California, San Francisco","2025-03-10","1248374.10","899452.14","","348921.96","The Impact Of The Herpes Zoster Vaccine On Herpes Zoster Ophthalmicus","N/A - Departmental Authority","","","","","2025-03-29"
"NIH","R01HD098233","5R01HD098233-05","University Of Michigan At Ann Arbor","2025-03-03","2587605.00","2507022.08","","80582.92","Reproductive Consequences Of Steroid Hormone Administration","N/A - Departmental Authority","","","","","2025-03-29"
"NIH","R01HD100180","5R01HD100180-05","Endeavor Health Clinical Operations","2025-03-20","3139436.00","2871807.05","","267628.95","Female Sexual Orientation Gwas","N/A - Departmental Authority","","","","","2025-03-29"
"NIH","R01HD101421","5R01HD101421-05","Boston Children'S Hospital","2025-03-20","2986011.00","2775024.92","","210986.08","Skeletal Health And Bone Marrow Composition Among Youth","N/A - Departmental Authority","","","","","2025-03-29"
"NIH","R01HD104599","5R01HD104599-05","Columbia University","2025-03-12","12339545.00","7814843.00","","4524702.00","Obesogenic Origins Of Maternal And Child Metabolic Health Involving Dolutegravir (Orchid)","N/A - Departmental Authority","","","","","2025-03-29"
"NIH","R01HD105492","5R01HD105492-04","Columbia University","2025-03-14","3141989.00","2189427.86","","952561.14","Trial Of Human Milk Oligosaccharide-Based Synbiotics For Hiv-Exposed Uninfected Children","N/A - Departmental Authority","","","","","2025-03-29"
"NIH","R01HD107753","5R01HD107753-03","Healthpartners Institute","2025-03-10","2020105.00","1369875.78","","548002.00","Maternal Covid-19 Vaccination And Lactation Outcomes","N/A - Departmental Authority","","","","","2025-03-29"
"NIH","R01HD109320","5R01HD109320-02","Ibis Reproductive Health","2025-03-21","1047555.00","833424.00","","214131.00","Advancing Novel Survey Tools To Increase Participation And Improve Sexual And Reproductive Health Data Quality","N/A - Departmental Authority","","","","","2025-03-29"
"NIH","R01HD111650","5R01HD111650-02","University Of California, San Diego","2025-03-03","841549.00","613797.14","","227751.86","Androgen Effects On The Reproductive Neuroendocrine Axis","N/A - Departmental Authority","","","","","2025-03-29"
"NIH","R01HD112418","5R01HD112418-02","Ut Southwestern Medical Center","2025-03-20","1299248.00","457911.43","","841336.57","Long-Term Trajectories Of Psychosocial Functioning Among Transgender Youth And Their Parents.","N/A - Departmental Authority","","","","","2025-03-29"
"NIH","R01HD114134","5R01HD114134-02","Children'S Research Institute","2025-03-20","1523915.00","734176.02","","789738.98","Equitable Measurement Of Care Disparities And Needs In Intersex Youth/Youth With Variations In Sex Development","N/A - Departmental Authority","","","","","2025-03-29"
"NIH","R01HG010868","5R01HG010868-05","Columbia University","2025-03-12","3472603.00","2291378.00","","1181224.00","Disability Diversity And Trust In Precision Medicine Research: Stakeholdersengagement","N/A - Departmental Authority","","","","","2025-03-29"
"NIH","R01HG012697","5R01HG012697-03","University Of Iowa","2025-03-20","1606750.00","1304406.86","","302343.14","A Novel Approach For Equitable Characterization Of Gender And Its Use In Exposing Subgroup Discrepancies In Polygenic Score Associations","N/A - Departmental Authority","","","","","2025-03-29"
"NIH","R01HG012830","5R01HG012830-03","Washington University","2025-03-10","1493350.00","976689.87","","516660.13","Religion And Support For Genomic Healthcare: An Exploratory Study Of The Us Public And Faith Leaders","N/A - Departmental Authority","","","","","2025-03-29"
"NIH","R01HG012841","5R01HG012841-02","Columbia University","2025-03-14","1719201.00","1048102.86","","671098.14","Just Inclusion And Equity: Negotiating Community-Research Partnerships In Genomics Research (Justice)","N/A - Departmental Authority","","","","","2025-03-29"
"NIH","R01HG013145","5R01HG013145-02","Icahn School Of Medicine At Mount Sinai","2025-03-20","1640828.00","659373.80","","981454.20","Trans/Forming Genomics: Guidance For Research Involving Transgender And Gender Diverse People","N/A - Departmental Authority","","","","","2025-03-29"
"NIH","R01HL149778","5R01HL149778-05","Univ Of North Carolina Chapel Hill","2025-03-20","3546804.00","2495188.06","","1051615.94","Cardiovascular Health Of Sexual And Gender Minorities In The Hispanic Community Health Study/Study Of Latinos (Sgm Hchs/Sol)","N/A - Departmental Authority","","","","","2025-03-29"
"NIH","R01HL160325","5R01HL160325-04","Columbia University","2025-03-14","3157451.00","1929816.47","","1227634.53","Characterizing Sleep Art Adherence And Viral Suppression Among Black Sexual Minority Men","N/A - Departmental Authority","","","","","2025-03-29"
"NIH","R01HL160326","5R01HL160326-05","Rutgers Biomedical And Health Sciences","2025-03-20","2530435.00","1348054.84","","1182380.16","Stigma And The Non-Communicable Disease Syndemic In Aging Hiv Positive And Hiv Negative Msm","N/A - Departmental Authority","","","","","2025-03-29"
"NIH","R01HL165686","5R01HL165686-03","University Of Maryland Baltimore","2025-03-20","2233774.00","1487311.47","","746462.53","Synergistic Epidemics Of Non-Communicable Diseases Stigma Depression And Material Insecurities Among Sexual And Gender Minorities Living With Hiv In Nigeria","N/A - Departmental Authority","","","","","2025-03-29"
"NIH","R01HL167137","5R01HL167137-02","Columbia University","2025-03-14","1363762.00","1180208.46","","183553.54","Molecular Biomarkers In Pathogenesis Of Lymphangioleiomyomatosis (Lam)","N/A - Departmental Authority","","","","","2025-03-29"
"NIH","R01LM013301","5R01LM013301-05","University Of Washington","2025-03-20","2987256.00","2932885.49","","54370.51","Unbiased: Understanding Biased Patient-Provider Interaction And Supporting Enhanced Discourse","N/A - Departmental Authority","","","","","2025-03-29"
"NIH","R01MD012793","5R01MD012793-05","Harvard School Of Public Health","2025-02-28","3324899.00","2926361.64","","398537.36","Advancing Novel Methods To Measure And Analyze Multiple Types Of Discrimination For Population Health Research","N/A - Departmental Authority","","","","","2025-03-29"
"NIH","R01MD013495","5R01MD013495-05","Johns Hopkins University","2025-03-12","3754989.00","3464944.97","","279457.27","Health Disparities Stress Pathways And Stress-Related Comorbidities Among Msm Living With Hiv","N/A - Departmental Authority","","","","","2025-03-29"
"NIH","R01MD013554","5R01MD013554-05","Columbia University Health Sciences","2025-03-12","3678403.00","3554206.53","","69076.64","Impact Of Social Cohesion And Social Capital In Prep Uptake And Adherence Among Transwomen Of Color","N/A - Departmental Authority","","","","","2025-03-29"
"NIH","R01MD014722","5R01MD014722-05","Rand Corporation","2025-03-20","3582484.00","2404191.59","","1178292.41","Still Climbin': A Randomized Controlled Trial Of An Intervention To Improve Coping With Discrimination Address Medical Mistrust And Reduce Health Disparities Among Black Sexual Minority Men","N/A - Departmental Authority","","","","","2025-03-29"
"NIH","R01MD015109","5R01MD015109-04","Univ Of North Carolina Chapel Hill","2025-03-20","1522404.00","1391149.51","","131254.49","Charting Trajectories Of Sexual Identity Development And Mental Health Disparities Among Sexual Minority Youth","N/A - Departmental Authority","","","","","2025-03-29"
"NIH","R01MD015256","5R01MD015256-05","Harvard Pilgrim Health Care, Inc.","2025-03-21","3967505.00","3007645.79","","959859.21","Sexual Orientation-Related Disparities In Obstetrical And Perinatal Health","N/A - Departmental Authority","","","","","2025-03-29"
"NIH","R01MD015722","5R01MD015722-04","University Of Minnesota","2025-03-21","2936695.00","2541022.32","","395672.68","Adolescent Health At The Intersections Of Sexual, Gender, Racial/Ethnic, Immigrant Identities And Native Language","N/A - Departmental Authority","","","","","2025-03-29"
"NIH","R01MD016082","5R01MD016082-04","Washington University","2025-03-12","2549651.00","2112629.79","","437021.21","Efficacy Of A Multi-Level School Intervention For Lgbtq Youth","N/A - Departmental Authority","","","","","2025-03-29"
"NIH","R01MD016384","5R01MD016384-03","University Of Nebraska Lincoln","2025-03-12","2340662.00","2177493.15","","163168.85","An Innovative Prospective Model To Understand Risk And Protective Factors For Sexual Assault Experiences And Outcomes Among Sexual Minority Men","N/A - Departmental Authority","","","","","2025-03-29"
"NIH","R01MD016386","5R01MD016386-05","Columbia University","2025-03-14","826726.19","550710.58","","276015.61","Racial Disparity In Diagnostic Evaluation Of Uterine Cancer","N/A - Departmental Authority","","","","","2025-03-29"
"NIH","R01MD016417","5R01MD016417-03","University Of Texas San Antonio","2025-03-20","941570.00","448801.66","","492768.34","Contextual Determinants Of Sexual Minority Health In The United States","N/A - Departmental Authority","","","","","2025-03-29"
"NIH","R01MD016526","5R01MD016526-03","Washington State University","2025-03-24","2164912.00","1781827.57","","383084.43","Marshallese: Alternate Surveillance For Covid-19 In A Unique Population","N/A - Departmental Authority","","","","","2025-03-29"
"NIH","R01MD017085","5R01MD017085-03","Columbia University Health Sciences","2025-03-21","","","","","Social Connectedness And Health Among Gender Minority People Of Color","N/A - Departmental Authority","","","","","2025-03-29"
"NIH","R01MD017509","5R01MD017509-03","University Of Arkansas For Medical Sciences","2025-03-14","3019980.00","2015454.53","","1004525.47","Universal Basic Income And Structural Racism In The Us South: Differences In Health Service Utilization Between Older African American Men With And Without Experiences Of Recent Incarceration","N/A - Departmental Authority","","","","","2025-03-29"
"NIH","R01MD017573","5R01MD017573-03","University Of Washington","2025-03-21","2231025.00","1394484.36","","836540.64","Sexual Assault Recovery Among Sexual Minority Women: A Longitudinal Multi- Level Study","N/A - Departmental Authority","","","","","2025-03-29"
"NIH","R01MD018051","5R01MD018051-03","Michigan State University","2025-03-20","1722495.00","1312444.47","","410050.53","Modeling Resilience As A Multidimensional Protective Factor For Transgender Health Disparities: Measure Development And Longitudinal Evaluation Of Resilience","N/A - Departmental Authority","","","","","2025-03-29"
"NIH","R01MD018167","5R01MD018167-03","University Of Denver (Colorado Seminary)","2025-03-20","1860418.00","892687.50","","967730.50","Sexual Minority Couples' Health During The Transition To Marriage","N/A - Departmental Authority","","","","","2025-03-29"
"NIH","R01MD018250","5R01MD018250-03","Columbia University","2025-03-14","2004149.00","1156487.02","","847661.98","Assessing Cervical Cancer Healthcare Inequities In Diverse Populations: The Achieve Study","N/A - Departmental Authority","","","","","2025-03-29"
"NIH","R01MD018340","5R01MD018340-03","University Of Pennsylvania","2025-03-20","2356413.00","1433898.35","","922514.65","Investigating And Identifying The Heterogeneity In Covid-19 Misinformation Exposure On Social Media Among Black And Rural Communities To Inform Precision Public Health Messaging","N/A - Departmental Authority","","","","","2025-03-29"
"NIH","R01MD018523","5R01MD018523-02","Henry Ford Health + Michigan State University Health Sciences","2025-03-20","1564762.00","821314.46","","743447.54","A Multilevel Multiphase Optimization Strategy For Prep: Patients And Providers In Primary Care","N/A - Departmental Authority","","","","","2025-03-29"
"NIH","R01MD018571","5R01MD018571-02","University Of Wisconsin-Madison","2025-03-20","1454524.00","430603.35","","1023920.65","A Multidimensional Investigation Of Social Support For Transgender And Nonbinary People And Its Impacts On Health And Well-Being: Measurement Development Using Community Engagement","N/A - Departmental Authority","","","","","2025-03-29"
"NIH","R01MD018679","5R01MD018679-02","Rutgers Biomedical And Health Sciences","2025-03-20","1284992.00","261443.56","","1023548.44","Understanding The Role Of Structural Oppression For Suicide Risk Among Black Sexual And Gender Minority Adolescents And Young Adults","N/A - Departmental Authority","","","","","2025-03-29"
"NIH","R01MD019029","5R01MD019029-02","University Of Maryland Baltimore","2025-03-21","1424488.00","732699.65","","691788.35","Assessing Intersectional Multilevel And Multidimensional Structural Racism For English- And Spanish-Speaking Populations In The Us","N/A - Departmental Authority","","","","","2025-03-29"
"NIH","R01MD019178","5R01MD019178-02","Johns Hopkins University","2025-03-12","2193004.00","870154.03","","1105281.00","A Multi-Level Trauma-Informed Approach To Increase Hiv Pre-Exposure Prophylaxis Initiation Among Black Women","N/A - Departmental Authority","","","","","2025-03-29"
"NIH","R01MD019181","5R01MD019181-02","Columbia University Health Sciences","2025-03-20","2154447.00","510699.49","","1643747.51","Mypeeps Mobile Plus: A Multi-Level Hiv Prevention Intervention For Young Msm","N/A - Departmental Authority","","","","","2025-03-29"
"NIH","R01MD019278","5R01MD019278-02","Rand Corporation","2025-03-20","1324036.00","294408.50","","1029627.50","Examining The Mechanisms And Consequences Of Sleep Health Inequities Affecting Black Sexual Minority Men","N/A - Departmental Authority","","","","","2025-03-29"
"NIH","R01MH100028","5R01MH100028-14","University Of Virginia","2025-03-20","7451807.00","7232820.68","","218986.32","Autism Center Of Excellence Network: Neurodevelopmental Biomarkers Of Late Diagnosis In Female And Gender Diverse Autism","N/A - Departmental Authority","","","","","2025-03-29"
"NIH","R01MH115349","5R01MH115349-05","Stanford University","2025-03-20","3692048.00","3516667.07","","175380.93","Sex Hormone Effects On Neurodevelopment: Controlled Puberty In Transgender Adolescents","N/A - Departmental Authority","","","","","2025-03-29"
"NIH","R01MH115765","5R01MH115765-05","University Of Michigan At Ann Arbor","2025-03-20","2946906.00","2927462.45","","19443.55","A Couples-Based Approach To Hiv Prevention For Transgender Women And Their Male Partners","N/A - Departmental Authority","","","","","2025-03-29"
"NIH","R01MH118004","5R01MH118004-05","Columbia University","2025-03-12","2984798.00","2652048.77","","332749.51","A Randomized Trial Of Impact+ A Coping Intervention To Improve Clinical And Mental Health Outcomes Among Hiv-Infected Women With Sexual Trauma In South Africa","N/A - Departmental Authority","","","","","2025-03-29"
"NIH","R01MH118245","5R01MH118245-05","Yale University","2025-03-20","3561084.00","2791521.09","","769562.91","Biopsychosocial Mechanisms Underlying Internalizing Psychopathology In A Prospective Population-Based Cohort Of Sexual Minority Young Adults","N/A - Departmental Authority","","","","","2025-03-29"
"NIH","R01MH119015","5R01MH119015-05","Mahidol University","2025-03-20","2656881.00","2656881.00","","","Addressing The Continuum Of Care Among High-Risk Thai Men","N/A - Departmental Authority","","","","","2025-03-29"
"NIH","R01MH119956","5R01MH119956-05","Public Health Foundation Enterprises","2025-03-20","2447013.00","2446884.01","","128.99","Prep-3D: An Integrated Pharmacy Digital Diary And Delivery Strategy To Increase Prep Use Among Msm","N/A - Departmental Authority","","","","","2025-03-29"
"NIH","R01MH121194","5R01MH121194-04","University Of Miami Coral Gables","2025-03-12","3469958.00","3221784.01","","222976.62","Monitoring Microaggressions And Adversities To Generate Interventions For Change (Mmagic) For Black Women Living With Hiv","N/A - Departmental Authority","","","","","2025-03-29"
"NIH","R01MH121256","5R01MH121256-05","Rand Corporation","2025-03-20","3763599.00","2719088.31","","1044510.69","Promoting Reductions In Intersectional Stigma To Improve Hiv Testing And Prep Use Among Latino Sexual Minority Men","N/A - Departmental Authority","","","","","2025-03-29"
"NIH","R01MH123282","5R01MH123282-05","University Of California, San Diego","2025-03-20","3464530.00","2931704.00","","532826.00","Nexus: A Novel Social Network Approach To Study The Effects Of Intersectional Stigma On Hiv Prevention Among Latino Msm","N/A - Departmental Authority","","","","","2025-03-29"
"NIH","R01MH123349","5R01MH123349-05","University Of British Columbia","2025-03-20","2288758.00","1747401.34","","541356.66","Social And Structural Violence And Hiv Care Continuum Outcomes: Developing A Trauma-Informed Hiv Care Intervention Among Wlwh","N/A - Departmental Authority","","","","","2025-03-29"
"NIH","R01MH123388","5R01MH123388-05","University Of Michigan At Ann Arbor","2025-03-20","3556062.00","2952278.01","","603783.99","Violence And Viral Suppression Among Men Living With Hiv","N/A - Departmental Authority","","","","","2025-03-29"
"NIH","R01MH123746","5R01MH123746-04","Research Inst Nationwide Children'S Hosp","2025-03-20","3013000.00","2086379.78","","926620.22","The Impact Of Pubertal Suppression On Adolescent Neural And Mental Health Trajectories - Resubmission - 1","N/A - Departmental Authority","","","","","2025-03-29"
"NIH","R01MH124900","5R01MH124900-04","University Of Pittsburgh At Pittsburgh","2025-03-20","2924151.00","2685373.90","","238777.10","Social-Affective Vulnerability To Suicidality Among Lgbtq Young Adults: Proximal And Distal Factors","N/A - Departmental Authority","","","","","2025-03-29"
"NIH","R01MH125727","5R01MH125727-03","University Of Miami School Of Medicine","2025-03-20","1769932.00","1673031.83","","96900.17","Preparados: A Multi-Level Social Network Model To Increase Prep Enrollment By Latino Msm Self-Identified As Gay Bisexual","N/A - Departmental Authority","","","","","2025-03-29"
"NIH","R01MH126531","5R01MH126531-05","Columbia University","2025-03-14","4567513.00","3720478.71","","847034.29","Covid-19 Mother Baby Outcomes (Combo): Brain-Behavior Functioning","N/A - Departmental Authority","","","","","2025-03-29"
"NIH","R01MH128049","5R01MH128049-04","Public Health Foundation Enterprises","2025-03-20","2517039.00","1866214.20","","650824.80","Tcher Take Charge: Increasing Prep Awareness Uptake And Adherence Through Health Care Empowerment And Addressing Social Determinants Of Health Among Racially Diverse Trans Women In The Deep South","N/A - Departmental Authority","","","","","2025-03-29"
"NIH","R01MH128130","5R01MH128130-04","Emory University","2025-03-20","2403396.00","1526907.73","","876488.27","Sti Response And Recommendations Under Prep (Stirrup)","N/A - Departmental Authority","","","","","2025-03-29"
"NIH","R01MH128734","5R01MH128734-04","Columbia University","2025-03-14","2712322.00","1905864.25","","806457.75","Temperature Shade And Adolescent Psychopathology: Understanding How Place Shapes Health","N/A - Departmental Authority","","","","","2025-03-29"
"NIH","R01MH130166","5R01MH130166-03","Us Helping Us, People Into Living, Inc.","2025-03-12","1833087.00","1783893.00","","49194.00","Multilevel Racism & Discrimination And Prep Outcomes Among Black Smm In The Southeastern U.S.","N/A - Departmental Authority","","","","","2025-03-29"
"NIH","R01MH130208","5R01MH130208-02","Infectious Diseases Institute","2025-03-21","998358.00","574055.59","","424302.41","Choice-Based Prep Delivery For Transgender People In Uganda","N/A - Departmental Authority","","","","","2025-03-29"
"NIH","R01MH130375","5R01MH130375-02","Rosalind Franklin Univ Of Medicine & Sci","2025-03-21","1526486.00","1093578.07","","432907.93","A Longitudinal And Experience Sampling Investigation Of Rejection Sensitivity And Its Role In Sexual Minority Adolescents' Mental Health","N/A - Departmental Authority","","","","","2025-03-29"
"NIH","R01MH130675","5R01MH130675-03","Broad Institute, Inc.","2025-03-21","5864333.00","2034301.53","","3830031.47","1/4 Asian Bipolar Genetics Network (A-Big-Net)","N/A - Departmental Authority","","","","","2025-03-29"
"NIH","R01MH131475","5R01MH131475-02","Brown University","2025-03-20","1537394.00","693220.80","","844173.20","Intervention To Enhance Preppersistence Among African American Men Who Have Sex With Men","N/A - Departmental Authority","","","","","2025-03-29"
"NIH","R01MH132147","5R01MH132147-03","Florida State University","2025-03-20","3004400.00","1895531.73","","1108868.27","Scaling Up Implementation Strategies To Improve The Diagnose And Prevent Pillars For Young Msm In Florida","N/A - Departmental Authority","","","","","2025-03-29"
"NIH","R01MH132415","5R01MH132415-02","University Of Pennsylvania","2025-03-10","1570077.00","974922.19","","595154.81","Understanding The Regional Ecology Of A Future Hiv Vaccine","N/A - Departmental Authority","","","","","2025-03-29"
"NIH","R01MH132692","5R01MH132692-02","University Of Cincinnati","2025-03-20","1591041.00","1037953.12","","553087.88","Young Sexual Minority Women'S Mental Health: Developmental Trajectories Mechanisms Of Risk And Protective Factors.","N/A - Departmental Authority","","","","","2025-03-29"
"NIH","R01MH133543","5R01MH133543-02","Yale University","2025-03-21","1674355.00","1333289.30","","341065.70","Implementing Sustainable Evidence-Based Mental Healthcare In Low-Resource Community Settings Nationwide To Advance Mental Health Equity For Sexual And Gender Minority Individuals","N/A - Departmental Authority","","","","","2025-03-29"
"NIH","R01MH133821","5R01MH133821-02","San Diego State University","2025-03-12","919070.00","452321.69","","466748.31","The Socioecology Of Sexual Minority Stigma: Data Harmonization To Address Confounding Bias And Investigate Cross-Level Mentalhealth Effects","N/A - Departmental Authority","","","","","2025-03-29"
"NIH","R01MH134051","5R01MH134051-02","University Of Central Florida","2025-03-21","1518506.00","692527.86","","825978.14","A Strengths-Based Intersectional Approach To Suicide Prevention Among Black Sexual And Gender Minority Youth","N/A - Departmental Authority","","","","","2025-03-29"
"NIH","R01MH134264","5R01MH134264-02","Rush University Medical Center","2025-03-21","1295181.00","638534.73","","656646.27","Implementation Of Prep Care Among Women In Family Planning Clinics","N/A - Departmental Authority","","","","","2025-03-29"
"NIH","R01MH134267","5R01MH134267-02","Emory University","2025-03-21","1617317.00","1042278.83","","575038.17","Evaluating The Effectiveness Of A Mobile Hiv Prevention App To Increase Hiv And Sti Testing And Prep Initiation Among Rural Men Who Have Sex With Men","N/A - Departmental Authority","","","","","2025-03-29"
"NIH","R01MH134721","5R01MH134721-02","University Of Maryland Baltimore","2025-03-21","1583250.00","861046.50","","722203.50","A Randomized Clinical Trial Of Client-Centered Care Coordination To Improve Pre- Exposure Prophylaxis Use For Black Men Who Have Sex With Men","N/A - Departmental Authority","","","","","2025-03-29"
"NIH","R01NR019417","5R01NR019417-03","University Of Alabama At Birmingham","2025-03-12","1528769.00","1066817.74","","461951.26","Sex Hormones And Identity Affect Nociceptive Expression (Shine)","N/A - Departmental Authority","","","","","2025-03-29"
"NIH","R01NR019512","5R01NR019512-05","Wake Forest University Health Sciences","2025-03-21","2301578.00","2041243.64","","260334.36","Harnessing The Power Of Peer Navigation And Mhealth To Reduce Health Disparities In Appalachia","N/A - Departmental Authority","","","","","2025-03-29"
"NIH","R01NR020309","5R01NR020309-04","Center For Innovative Public Health Research","2025-03-21","1872429.00","1237055.00","","635374.00","Harnessing The Power Of Technology To Develop A Population-Based Hiv Prevention Program For Trans Girls","N/A - Departmental Authority","","","","","2025-03-29"
"NIH","R01NR020437","5R01NR020437-04","Johns Hopkins University","2025-03-21","3160571.00","2411128.21","","749442.79","Characterizing Intersecting Sexual Gender And Race-Based Stigmas Affecting Communities Of Us Transgender Women And Cisgender Men Who Are Sexually Active With Men","N/A - Departmental Authority","","","","","2025-03-29"
"NIH","R01NR020482","5R01NR020482-03","Boston College","2025-03-10","1714097.00","1136244.79","","572179.00","Leveraging Community-Based Behavioral Health To Increase Vaccine Uptake In Latinx Adults With Mental Illness","N/A - Departmental Authority","","","","","2025-03-29"
"NIH","R01NR020583","5R01NR020583-03","Columbia University","2025-03-14","2455839.00","1305370.64","","1150468.36","Ending The Hiv Epidemic With Equity: An All-Facility Intervention To Reduce Structural Racism And Discrimination And Its Impact On Patient And Healthcare Staff Wellbeing","N/A - Departmental Authority","","","","","2025-03-29"
"NIH","R01NR020846","5R01NR020846-02","Center For Innovative Public Health Research","2025-03-11","1319024.00","514072.00","","804952.00","#Transcendenthealth - Adapting An Lgb+ Inclusive Teen Pregnancy Prevention Program For Transgender Boys","N/A - Departmental Authority","","","","","2025-03-29"
"NIH","R01NR021019","5R01NR021019-03","Pacific Institute For Res And Evaluation","2025-03-21","2374586.00","1472264.60","","902321.40","Enhancing Structural Competency In School-Based Health Centers To Address Lgbtq+ Adolescent Health Equity","N/A - Departmental Authority","","","","","2025-03-29"
"NIH","R01NR021170","5R01NR021170-02","University Of Rochester","2025-03-21","964271.00","605834.03","","358436.97","Status-Neutral Community-Based Multilevel Intervention To Address Intersectional Stigma And Discrimination, And Increase Hiv Testing, Prep, And Art Uptake Among Ygbmsm In Ghanaian Slums","N/A - Departmental Authority","","","","","2025-03-29"
"NIH","R01NS101483","5R01NS101483-06","University Of Miami School Of Medicine","2025-03-21","8015278.00","7438160.73","","577117.27","Reducing Disparities In Dementia And Vcid Outcomes In A Multicultural Rural Population","N/A - Departmental Authority","","","","","2025-03-29"
"NIH","R01TW012392","5R01TW012392-03","University Of California Los Angeles","2025-03-21","822539.00","545322.31","","277216.69","Buddhism And Hiv Stigma In Thailand: An Intervention Study","N/A - Departmental Authority","","","","","2025-03-29"
"NIH","R01TW012671","5R01TW012671-02","University Of Rochester","2025-03-21","474112.00","456830.56","","17281.44","Adaptation And Feasibility Of Many Men Many Voices (3Mv) An Hiv Prevention Intervention To Reduce Intersectional Stigma And Increase Hivst Among Ysmm Residing In Ghanaian Slums","N/A - Departmental Authority","","","","","2025-03-29"
"NIH","R03DA052651","5R03DA052651-02","Ohio State University","2025-03-21","172776.00","172237.89","","538.11","Improving Sexual Minority Health: Differences In Substance Use, Substance Use Treatment, And Associated Chronic Diseases Among Rural Versus Urban Populations","N/A - Departmental Authority","","","","","2025-03-29"
"NIH","R03MH130275","5R03MH130275-02","Univ Of Massachusetts Med Sch Worcester","2025-03-21","162404.00","131659.79","","30744.21","Applying Deep Learning For Predicting Retention In Prep Care And Effective Prep Use Among Key Populations At Risk For Hiv In Thailand","N/A - Departmental Authority","","","","","2025-03-29"
"NIH","R13AA031402","5R13AA031402-02","Yale University","2025-03-21","12501.00","12500.00","","1.00","Enhancing Dissemination And Career Development In Sex And Gender Translational Science In Alcohol Use","N/A - Departmental Authority","","","","","2025-03-29"
"NIH","R13AG056135","5R13AG056135-08","University Of California Los Angeles","2025-03-21","124875.00","99900.00","","24975.00","Organization For The Study Of Sex Differences Annual Meeting","N/A - Departmental Authority","","","","","2025-03-29"
"NIH","R13EB035037","5R13EB035037-02","Columbia University","2025-03-14","23000.00","22538.00","","462.00","Summer Biomechanics Bioengineering And Biotransport Conference","N/A - Departmental Authority","","","","","2025-03-29"
"NIH","R13HD090968","5R13HD090968-09","Boston University (Charles River Campus)","2025-03-21","40000.00","28039.23","","11960.77","Boston University Conference On Language Development 2022-2026","N/A - Departmental Authority","","","","","2025-03-29"
"NIH","R13HD110322","5R13HD110322-03","Columbia University","2025-03-12","224997.00","211488.00","","13509.00","International Workshops On Hiv Pediatrics","N/A - Departmental Authority","","","","","2025-03-29"
"NIH","R21AA029513","5R21AA029513-02","University Of California Santa Barbara","2025-02-28","416567.00","369447.10","","47119.90","Health Effects Of Intersectional Stigma Among Sexual Minority Women","N/A - Departmental Authority","","","","","2025-03-29"
"NIH","R21AI171249","5R21AI171249-02","Columbia University","2025-03-12","444598.00","424758.00","","19840.00","Multimodal Immune Profiling To Determine Mechanisms Of Covid-19 Clinical Trajectory In Uganda","N/A - Departmental Authority","","","","","2025-03-29"
"NIH","R21AI175747","5R21AI175747-02","Columbia University","2025-03-12","452375.00","244643.59","","207731.41","Using Wastewater Surveillance Data To Study Sars-Cov-2 Dynamics And Predict Covid-19 Outcomes","N/A - Departmental Authority","","","","","2025-03-29"
"NIH","R21AI178913","5R21AI178913-02","Boston Medical Center","2025-03-12","489500.00","356132.76","","133367.24","Understanding The Effects Of Cross-Sex Hormone Therapy On Vaginal Mucosal Immunity","N/A - Departmental Authority","","","","","2025-03-29"
"NIH","R21AI182822","5R21AI182822-02","University Of Chicago","2025-03-10","374670.00","148950.18","","99409.00","Covid-19 Transmission, Testing, And Vaccination Dynamics Within Migrant Worker Social Networks","N/A - Departmental Authority","","","","","2025-03-29"
"NIH","R21DA053156","5R21DA053156-02","New York State Psychiatric Institute","2025-03-21","472021.00","301602.80","","170418.20","Social Environmental Drivers Of Stimulant Use And Its Impact On Hiv Prevention And Treatment In Black Men Who Have Sex With Men","N/A - Departmental Authority","","","","","2025-03-29"
"NIH","R21DC021537","5R21DC021537-02","University Of Cincinnati","2025-03-21","545025.00","229631.17","","315393.83","Improving The Accessibility Of Transgender Voice Training With Visual-Acoustic Biofeedback","N/A - Departmental Authority","","","","","2025-03-29"
"NIH","R21EB030851","5R21EB030851-03","Centre For Addiction And Mental Health","2025-03-03","287669.00","266221.42","","21447.58","Personalized 3D Avatar Tool Development For Measurement Of Body Perception Across Gender Identities","N/A - Departmental Authority","","","","","2025-03-29"
"NIH","R21HD107311","5R21HD107311-02","Seattle Children'S Hospital","2025-02-28","415386.00","375293.27","","40092.73","An Intervention To Promote Healthy Relationships Among Transgender And Gender Expansive Youth","N/A - Departmental Authority","","","","","2025-03-29"
"NIH","R21HD107609","5R21HD107609-02","Yale University","2025-03-21","502176.00","411090.01","","91085.99","Cardiometabolic Effects Of Gender-Affirming Hormone Therapy In Transgender Adolescents","N/A - Departmental Authority","","","","","2025-03-29"
"NIH","R21HD109536","5R21HD109536-02","University Of San Francisco","2025-03-10","366573.00","366573.00","","","Evaluating Teen-Parent Dynamics In Adolescent Covid-19 Vaccine Acceptance And Uptake","N/A - Departmental Authority","","","","","2025-03-29"
"NIH","R21HD110912","5R21HD110912-02","Butler Hospital (Providence, Ri)","2025-03-10","434653.00","347617.23","","93183.22","Covid19 Vaccine Hesitancy Among Perinatal Women At Risk For Health Disparities","N/A - Departmental Authority","","","","","2025-03-29"
"NIH","R21HD114341","5R21HD114341-02","Johns Hopkins University","2025-03-21","314502.00","136493.92","","178008.08","Understanding The Complex Reproductive Health Needs Of Formerly Incarcerated Young Men","N/A - Departmental Authority","","","","","2025-03-29"
"NIH","R21MD016457","5R21MD016457-02","University Of Central Florida","2025-02-28","415735.00","410088.98","","5646.02","Facilitators Of And Barriers To Healthcare Utilization Among Racially And Ethnically Diverse Transgender And Gender Nonbinary Young Adults","N/A - Departmental Authority","","","","","2025-03-29"
"NIH","R21MD016962","5R21MD016962-02","University Of Illinois At Urbana- Champaign","2025-02-28","415735.00","410088.98","","5646.02","Racialized Sexual Discrimination (Rsd) And Psychological Well-Being Among Young Sexual Minority Men Of Color (Ysmmoc)","N/A - Departmental Authority","","","","","2025-03-29"
"NIH","R21MD018509","5R21MD018509-02","University Of Nebraska Lincoln","2025-03-12","439999.00","384851.17","","55147.83","Development And Pilot Evaluation Of An Online Mentoring Program To Prevent Adversities Among Trans And Other Gender Minority Youth","N/A - Departmental Authority","","","","","2025-03-29"
"NIH","R21MD018707","5R21MD018707-02","University Of Chicago","2025-03-21","457298.00","276049.34","","181248.66","Identifying Community-Informed Doxypep Implementation Strategies To Guide Equitable Delivery Of Syphilis Prevention","N/A - Departmental Authority","","","","","2025-03-29"
"NIH","R21MH127356","5R21MH127356-02","Columbia University","2025-03-12","346500.00","339498.45","","7001.55","Investigating Associations And Mediating Effects Between Climate And Mental Health And Violence In Informal Settlements In Kenya","N/A - Departmental Authority","","","","","2025-03-29"
"NIH","R21MH128114","5R21MH128114-02","Yale University","2025-03-21","418394.00","383544.76","","34849.24","Strengthening The Hiv Care Continuum For Transgender Women Living With Hiv In Malaysia","N/A - Departmental Authority","","","","","2025-03-29"
"NIH","R21MH129186","5R21MH129186-02","Johns Hopkins University","2025-03-21","450313.00","376075.76","","74237.24","Expanding Safe Spaces 4 Sexual Health, A Mobile Van Hiv/Sti Testing And Care Linkage Strategy, For Black Msm In Online Spaces","N/A - Departmental Authority","","","","","2025-03-29"
"NIH","R21MH130217","5R21MH130217-02","New York State Psychiatric Institute","2025-03-21","455438.00","331283.80","","124154.20","In-Depth Understanding Of Hiv Risk Behavior Among Men Who Have Sex With Men In Sub-Saharan Africa: Secondary Analysis Of Hptn 075 Data","N/A - Departmental Authority","","","","","2025-03-29"
"NIH","R21MH132421","5R21MH132421-02","University Of Colorado Denver","2025-03-21","469376.00","357944.97","","111431.03","Formative Work To Develop Differentiated Communication Tools To Facilitate Transgender Women'S Recruitment Enrollment And Retention In Hiv Vaccine Trials","N/A - Departmental Authority","","","","","2025-03-29"
"NIH","R21MH133487","5R21MH133487-02","Pennsylvania State University, The","2025-03-21","442750.00","394757.84","","47992.16","Enhancing Engagement With Online Health Messaging About Oral And Injectable Prep Among Young-Adult Msm","N/A - Departmental Authority","","","","","2025-03-29"
"NIH","R21MH135489","5R21MH135489-02","Columbia University","2025-03-12","472988.00","289957.00","","183031.00","Leveraging Latinx Adolescents Photovoice And Longitudinal Data To Disentangle The Bidirectional Effects Of Social Media And Mental Health","N/A - Departmental Authority","","","","","2025-03-29"
"NIH","R24AG065151","5R24AG065151-03","University Of Michigan At Ann Arbor","2025-03-21","1270364.00","1258878.24","","11485.76","Recruiting & Retaining Older African Americans Into Research (Roar)","N/A - Departmental Authority","","","","","2025-03-29"
"NIH","R24AG066599","5R24AG066599-03","Emory University","2025-03-21","2296507.00","1720920.11","","575586.89","Building Community And Research Engagement Among Sexual And Gender Minority Older Adults At Risk For Alzheimers Disease And Related Dementias","N/A - Departmental Authority","","","","","2025-03-29"
"NIH","R24AI120942","5R24AI120942-09","University Of Texas, Medical Branch At Galveston","2025-03-24","4078198.87","2972503.58","","1105695.29","World Reference Center For Emerging Viruses And Arboviruses (Wrceva)","N/A - Departmental Authority","","","","","2025-03-29"
"NIH","R25AG076390","5R25AG076390-03","California State University Fullerton","2025-03-21","904938.00","660682.07","","244255.93","A Multidimensional Aging Science Program: Mstem Scholars Trained In Aging Research (Mstem Star)","N/A - Departmental Authority","","","","","2025-03-29"
"NIH","R25CA265802","5R25CA265802-03","University Of Tx Md Anderson Can Ctr","2025-03-21","775505.00","479070.42","","296434.58","Sexual And Gender Minority Cancer Curricular Advances For Research And Education (Sgm Cancer Care)","N/A - Departmental Authority","","","","","2025-03-29"
"NIH","R25EB034489","5R25EB034489-02","University Of Rhode Island","2025-03-21","549364.00","396428.47","","152935.53","Esteemed Scholars Program At The University Of Rhode Island","N/A - Departmental Authority","","","","","2025-03-29"
"NIH","R25GM050070","5R25GM050070-22","State University New York Stony Brook","2025-03-21","1246977.00","1195962.61","","51014.39","Bioprep: Biology Partnership In Research And Education Program","N/A - Departmental Authority","","","","","2025-03-29"
"NIH","R25GM060566","5R25GM060566-22","Spelman College","2025-03-21","2211245.00","2392381.24","","","The Next Generation Of Black Women Scientists","N/A - Departmental Authority","","","","","2025-03-29"
"NIH","R25GM066534","5R25GM066534-20","Virginia Polytechnic Inst And St Univ","2025-03-21","749936.00","834149.98","","","Virginia Tech Postbaccalaureate Research Education Program (Vt Prep)","N/A - Departmental Authority","","","","","2025-03-29"
"NIH","R25GM132910","3R25GM132910-05S1","Duquesne University","2025-03-10","1640962.00","1521330.57","","53063.65","Partnerships For Prevention: A Plan For Managing Student Stress, Anxiety, And Pain Through Interactive Media.","N/A - Departmental Authority","","","","","2025-03-29"
"NIH","R25GM144253","5R25GM144253-03","University Of Utah","2025-03-21","992215.00","578000.27","","414214.73","Intermountain Prep","N/A - Departmental Authority","","","","","2025-03-29"
"NIH","R25GM147291","5R25GM147291-03","Medical University Of South Carolina","2025-03-21","1367036.00","876990.44","","490045.56","Stem-Coaching And Resources For Entrepreneurial Women (Crew)","N/A - Departmental Authority","","","","","2025-03-29"
"NIH","R25GM149980","5R25GM149980-02","Children'S Hosp Of Philadelphia","2025-03-12","186266.00","151320.70","","34945.30","Developing Modules To Address Microaggressions And Discriminatory Behaviors","N/A - Departmental Authority","","","","","2025-03-29"
"NIH","R25GM152359","5R25GM152359-02","Montana State University - Bozeman","2025-03-21","650410.00","271950.00","","378460.00","Prep-Mt: Providing Research Education For Postbaccalaureate Trainees In Montana","N/A - Departmental Authority","","","","","2025-03-29"
"NIH","R25HD074544","5R25HD074544-10","Columbia University","2025-03-12","807300.00","608020.00","","199280.00","Fragile Families Summer Data Training Workshop Series 2021-2025","N/A - Departmental Authority","","","","","2025-03-29"
"NIH","R25HG010857","5R25HG010857-05","Stanford University","2025-03-12","1294174.00","810205.00","","285283.00","Genomics Diversity Summer Program (Gdsp) At Stanford","N/A - Departmental Authority","","","","","2025-03-29"
"NIH","R25HG012330","5R25HG012330-03","Arizona State University-Tempe Campus","2025-03-21","743927.00","170236.97","","573690.03","Training In Genomics Research (Tiger)","N/A - Departmental Authority","","","","","2025-03-29"
"NIH","R25HL096260","5R25HL096260-15","Columbia University","2025-03-12","415168.00","412514.00","","2654.00","Best-Dp: Biostatistics & Epidemiology Summer Training Diversity Program","N/A - Departmental Authority","","","","","2025-03-29"
"NIH","R25HL156002","5R25HL156002-04","Columbia University","2025-03-14","500472.00","500472.00","","","Training In Cardiovascular Sciences For Under Represented Students","N/A - Departmental Authority","","","","","2025-03-29"
"NIH","R25HL161786","5R25HL161786-04","Columbia University","2025-03-14","979384.00","589481.71","","389902.29","Summer Institute For Training In Biostatistics And Data Science At Columbia (Sibds@Columbia)","N/A - Departmental Authority","","","","","2025-03-29"
"NIH","R25MH080665","5R25MH080665-13","Columbia University","2025-03-12","1282360.00","828976.00","","453384.00","Hiv Intervention Science Training Program For Underrepresented Investigators","N/A - Departmental Authority","","","","","2025-03-29"
"NIH","R25MH119858","5R25MH119858-05","Public Health Foundation Enterprises","2025-03-21","1333478.00","1076028.56","","257449.44","Shine Strong: Building The Pipeline Of Hiv Behavioral Scientists With Expertise In Trans Population Health","N/A - Departmental Authority","","","","","2025-03-29"
"NIH","R25MH126703","5R25MH126703-04","University Of Michigan At Ann Arbor","2025-03-21","1147662.00","1147662.00","","","Pipeline To Graduate Education And Careers In Behavioral And Social Science Research For Urm Undergraduates: Addressing Hiv In Sexual And Gender Minority Communities","N/A - Departmental Authority","","","","","2025-03-29"
"NIH","R25MH129290","5R25MH129290-03","University Of California, San Francisco","2025-03-21","651999.00","518244.31","","133754.69","Short Trainings On Methods For Recruiting Sampling And Counting Hard-To- Reach Populations: The H2R Training Program","N/A - Departmental Authority","","","","","2025-03-29"
"NIH","R25NS130961","5R25NS130961-03","Columbia University","2025-03-14","1078768.00","526299.81","","552468.19","Cadre Program For Postbaccalaureate Training In The Neurosciences","N/A - Departmental Authority","","","","","2025-03-29"
"NIH","R33CA253604","5R33CA253604-03","Columbia University","2025-03-14","564476.08","278983.06","","285493.02","Search: Sms Electronic Adolescent Reminders For Completion Of Hpv Vaccination- Uganda","N/A - Departmental Authority","","","","","2025-03-29"
"NIH","R33HD107988","5R33HD107988-04","Univ Of Massachusetts Med Sch Worcester","2025-03-21","967006.00","733509.14","","233496.86","Optimizing An Mhealth Intervention To Improve Uptake And Adherence Of The Hiv Pre-Exposure Prophylaxis (Prep) In Vulnerable Adolescents And Emerging Adults","N/A - Departmental Authority","","","","","2025-03-29"
"NIH","R33MH120236","5R33MH120236-04","San Diego State University","2025-03-21","2874727.00","2681123.47","","193603.53","Suicide Prevention For Sexual And Gender Minority Youth","N/A - Departmental Authority","","","","","2025-03-29"
"NIH","R33TW011665","5R33TW011665-06","University Of Connecticut Storrs","2025-03-21","1292531.00","968099.27","","324431.73","Development And Testing Of A Mobile Application To Enhance Hiv Prevention Cascade In Malaysian Msm","N/A - Departmental Authority","","","","","2025-03-29"
"NIH","R33TW011752","5R33TW011752-06","Columbia University","2025-03-12","1016531.00","656616.00","","359915.00","Preparing For Pre-Exposure Prophylaxis Implementation In Central-Eastern European Countries With Low Access To Biomedical Prevention","N/A - Departmental Authority","","","","","2025-03-29"
"NIH","R34AA030035","5R34AA030035-03","Rhode Island Hospital","2025-03-21","719424.00","407710.34","","311713.66","Integrated Alcohol And Sexual Assault Prevention For Bisexual Women","N/A - Departmental Authority","","","","","2025-03-29"
"NIH","R34CA283408","5R34CA283408-02","University Of Rochester","2025-03-21","555266.00","303877.01","","251388.99","Adapting The Focus Program For Sexual And Gender Minority (Sgm) Cancer Patients And Caregivers","N/A - Departmental Authority","","","","","2025-03-29"
"NIH","R34DA055503","5R34DA055503-03","Florida State University","2025-03-21","771111.00","510027.06","","261083.94","Integration Of Electronic Sbi(Rt) Into An Hiv Testing Program To Reduce Substance Use And Hiv Risk Behavior Among Msm In Argentina","N/A - Departmental Authority","","","","","2025-03-29"
"NIH","R34DA058191","5R34DA058191-02","University Of Colorado Denver","2025-03-21","493777.00","276641.65","","217135.35","Proud To Quit (P2Q): A Person-Centered Mobile Technology Intervention For Smoking Cessation Among Transgender Adults","N/A - Departmental Authority","","","","","2025-03-29"
"NIH","R34MH124081","5R34MH124081-03","Univ Of Massachusetts Med Sch Worcester","2025-03-21","671459.00","666470.54","","4988.46","Adapting Effective Mhealth Interventions To Improve Uptake And Adherence Of The Hiv Pre- Exposure Prophylaxis (Prep) In Thai Young Msm","N/A - Departmental Authority","","","","","2025-03-29"
"NIH","R34MH126894","5R34MH126894-03","Brown University","2025-03-21","631656.00","351306.30","","280349.70","Making Universal, Free-Of-Charge Antiretroviral Therapy Work For Sexual And Gender Minority Youth In Brazil","N/A - Departmental Authority","","","","","2025-03-29"
"NIH","R34MH128163","5R34MH128163-03","Columbia University","2025-03-12","733466.00","646423.84","","87042.16","Development And Testing Of Mypeeps Mobile For Young Transgender Men","N/A - Departmental Authority","","","","","2025-03-29"
"NIH","R34MH129187","5R34MH129187-03","Emory University","2025-03-21","717975.00","597790.87","","120184.13","Brothers Building Brothers By Breaking Barriers (B6): A Resilience-Focused Intervention For Young Black Gay And Bisexual Men Living With Hiv","N/A - Departmental Authority","","","","","2025-03-29"
"NIH","R34MH129189","5R34MH129189-03","Temple Univ Of The Commonwealth","2025-03-21","753463.00","604737.99","","148725.01","Data-Driven Peer-Led Messaging Using Social Media Influencers To Increase Prep Awareness And Uptake Among Transgender Women","N/A - Departmental Authority","","","","","2025-03-29"
"NIH","R34MH129208","5R34MH129208-03","Medical College Of Wisconsin","2025-03-21","677482.00","449772.40","","227709.60","3T-Prevent: Piloting A Multi-Level, Combination Intervention Strategy To Expand Hiv And Bacterial Sti Prevention","N/A - Departmental Authority","","","","","2025-03-29"
"NIH","R34MH129218","5R34MH129218-03","Univ Of North Carolina Chapel Hill","2025-03-21","608320.00","489704.39","","118615.61","Piloting A Multi-Level Intervention To Promote Viral Suppression Among Transgender Women Living With Hiv","N/A - Departmental Authority","","","","","2025-03-29"
"NIH","R34MH129279","5R34MH129279-03","San Diego State University","2025-03-21","703794.00","581461.61","","122332.39","Estep: An Integrated Mhealth Intervention To Engage High-Risk Individuals Along The Full Prep Care Continuum","N/A - Departmental Authority","","","","","2025-03-29"
"NIH","R34MH129782","5R34MH129782-03","University Of North Carolina Charlotte","2025-03-21","681851.00","323430.66","","358420.34","Ca-Linc: A Culturally Adapted Care Coordination Suicide Detection And Intervention Model For Black Youth","N/A - Departmental Authority","","","","","2025-03-29"
"NIH","R34MH129785","5R34MH129785-03","Virginia Polytechnic Inst And St Univ","2025-03-21","742854.00","425045.97","","317808.03","The Bh-Works Suicide Prevention Program For Sexual And Gender Minority Youth","N/A - Departmental Authority","","","","","2025-03-29"
"NIH","R35GM146974","5R35GM146974-03","Boston Children'S Hospital","2025-03-10","1327011.00","828054.05","","442337.00","Digital Data Streams And Machine Learning For Real-Time Modeling Of Vaccine- Preventable Infectious Diseases","N/A - Departmental Authority","","","","","2025-03-29"
"NIH","R36AG083386","5R36AG083386-02","Vanderbilt University","2025-03-21","102220.00","43228.40","","58991.60","Multi-Level Determinants Of Sexual And Gender Minority Aging","N/A - Departmental Authority","","","","","2025-03-29"
"NIH","R36DA058563","5R36DA058563-02","University Of Miami Coral Gables","2025-03-21","100000.00","76939.89","","23060.11","Exploring The Role Of Novel Aging-Focused Syndemic Conditions On Hiv Risk And Quality Of Life Among Hiv-Negative Older Sexual Minority Men","N/A - Departmental Authority","","","","","2025-03-29"
"NIH","R36DA058819","5R36DA058819-02","Hunter College","2025-03-21","100800.00","65087.69","","35712.31","Identifying Transdiagnostic Intervention Targets For Ptsd-Sud Comorbidity In A Vulnerable Population: A Mixed-Method Study","N/A - Departmental Authority","","","","","2025-03-29"
"NIH","R37AG076057","5R37AG076057-04","University Of Texas At Austin","2025-03-21","1914178.00","1701356.38","","212821.62","How Spouses Influence Each Other'S Health In Same- And Different-Sex Marriages: A Dyadic And Longitudinal Assessment From Mid To Later Life","N/A - Departmental Authority","","","","","2025-03-29"
"NIH","R37CA226682","5R37CA226682-06","Ohio State University","2025-03-21","3106120.00","2751971.27","","354148.73","A Randomized Controlled Trial Of An Hpv Vaccine Intervention For Young Sexual Minority Men","N/A - Departmental Authority","","","","","2025-03-29"
"NIH","R44AG045011","5R44AG045011-05","Function Promoting Therapies, Llc","2025-03-21","1957589.00","1517044.78","","440544.22","Phase Iib: Development Of Trut Algorithm For Commercialization In Androgen Disorders","N/A - Departmental Authority","","","","","2025-03-29"
"NIH","R44AG080843","5R44AG080843-02","Silverbills Inc.","2025-02-28","2521043.00","2439209.91","","81833.09","Silverbills: A Legal, Technical And Financial Tool For Aging Lgbtq+ Individuals With Impaired Cognition","N/A - Departmental Authority","","","","","2025-03-29"
"NIH","R44HD103517","5R44HD103517-03","Resilient Games Studio, Llc","2025-03-21","1698266.00","1698266.00","","","Step Up For Stem And Health Careers: An Intervention To Reduce Stem-Related Biases And Improve High School Stem Learning Environments","N/A - Departmental Authority","","","","","2025-03-29"
"NIH","R61DA056779","5R61DA056779-02","Icahn School Of Medicine At Mount Sinai","2025-03-21","827884.00","553101.45","","274782.55","Cue Reactivity Modulation In Msm With Methamphetamine Use Disorder","N/A - Departmental Authority","","","","","2025-03-29"
"NIH","S21MD012472","5S21MD012472-07","University Of North Texas Hlth Sci Ctr","2025-03-21","4000000.00","4000000.00","","","Texas Minority Health Research And Outreach (Mihero)","N/A - Departmental Authority","","","","","2025-03-29"
"NIH","S21MD018960","5S21MD018960-02","Charles R. Drew University Of Med & Sci","2025-03-21","4000000.00","4000000.00","","","Charles R. Drew University Of Medicine And Science Research Endowment Program","N/A - Departmental Authority","","","","","2025-03-29"
"NIH","SC1DA052120","5SC1DA052120-04","University Of The Pacific-Stockton","2025-03-21","1155503.00","1088450.10","","67052.90","Ghb Toxicokinetics: Role Of Sex Hormone Dependent Monocarboxylate Transporter Regulation And Potential For Altered Overdose Risk In Transgender Men And Women","N/A - Departmental Authority","","","","","2025-03-29"
"NIH","SC3GM136580","5SC3GM136580-04","Hunter College","2025-02-28","468000.00","420927.40","","47072.60","Trajectories Of Adaptation To Traumatic Stress In A Vulnerable Population","N/A - Departmental Authority","","","","","2025-03-29"
"NIH","T32AI007531","5T32AI007531-25","Columbia University","2025-03-12","931215.00","754721.00","","176495.00","Training In Pediatric Infectious Diseases","N/A - Departmental Authority","","","","","2025-03-29"
"NIH","T32AI106711","5T32AI106711-10","Columbia University","2025-03-12","1032698.00","1006215.00","","26483.00","Columbia University Graduate Training Program In Microbiology And Immunology","N/A - Departmental Authority","","","","","2025-03-29"
"NIH","T32AI148099","5T32AI148099-05","Columbia University","2025-03-12","1370705.00","1199835.00","","170870.00","Training In Translational Immunology Research","N/A - Departmental Authority","","","","","2025-03-29"
"NIH","T32AR076953","5T32AR076953-04","Columbia University","2025-03-14","557098.00","235248.75","","321849.00","Multidisciplinary Training In Molecular And Translational Rheumatology Research","N/A - Departmental Authority","","","","","2025-03-29"
"NIH","T32CA203703","5T32CA203703-09","Columbia University","2025-03-14","1925125.71","1595044.92","","330081.00","Molecular Oncology Training Program","N/A - Departmental Authority","","","","","2025-03-29"
"NIH","T32DK007328","5T32DK007328-44","Columbia University","2025-03-14","908007.98","821921.62","","86606.00","Hormones: Molecular Mechanism Of Action And Functions","N/A - Departmental Authority","","","","","2025-03-29"
"NIH","T32DK007647","5T32DK007647-35","Columbia University","2025-03-12","1539482.00","1446751.00","","92371.00","Graduate Training In Nutrition","N/A - Departmental Authority","","","","","2025-03-29"
"NIH","T32DK065522","5T32DK065522-20","Columbia University","2025-03-12","1252643.00","1088309.00","","164334.00","Training Grant In Pediatric Endocrinology Diabetes And Metabolism","N/A - Departmental Authority","","","","","2025-03-29"
"NIH","T32ES007322","5T32ES007322-23","Columbia University","2025-03-12","7011258.00","5808286.74","","1202971.00","Advanced Training In Environmental Health And Data Science: Molecules To Populations","N/A - Departmental Authority","","","","","2025-03-29"
"NIH","T32EY013933","5T32EY013933-24","Columbia University","2025-03-14","747679.00","659121.78","","88577.00","Vision Sciences Training Grant","N/A - Departmental Authority","","","","","2025-03-29"
"NIH","T32GM141882","5T32GM141882-04","Columbia University","2025-03-14","1670307.00","1563073.21","","107234.00","Genetic Approaches To Development And Disease","N/A - Departmental Authority","","","","","2025-03-29"
"NIH","T32HL007854","5T32HL007854-29","Columbia University","2025-03-14","3481535.09","2729787.52","","751748.00","Postdoctoral Training In Cardiovascular Disease","N/A - Departmental Authority","","","","","2025-03-29"
"NIH","T32HL105323","5T32HL105323-14","Columbia University","2025-03-14","1483431.27","1071207.58","","412224.00","The Columbia University Training Program In Lung Science","N/A - Departmental Authority","","","","","2025-03-29"
"NIH","T32MH016434","5T32MH016434-45","Columbia University","2025-03-12","2386983.00","2021424.00","","365559.00","Translational Research Training In Child Psychiatry","N/A - Departmental Authority","","","","","2025-03-29"
"NIH","T32MH018870","5T32MH018870-37","Columbia University","2025-03-12","2576569.00","1830556.00","","746013.00","Training In Schizophrenia And Psychotic Disorders: From Animal Models To Patients","N/A - Departmental Authority","","","","","2025-03-29"
"NIH","T32MH019139","5T32MH019139-35","Columbia University","2025-03-12","2685287.00","2245463.00","","439825.00","Behavioral Sciences Research In Hiv Infection","N/A - Departmental Authority","","","","","2025-03-29"
"NIH","T32MH020004","5T32MH020004-25","Columbia University","2025-03-12","1710152.00","1562216.00","","147937.00","Research Training In Late-Life Neuropsychiatric Disorders","N/A - Departmental Authority","","","","","2025-03-29"
"NIH","T32MH126036","5T32MH126036-05","Columbia University","2025-03-12","2057067.00","1941096.00","","115971.00","Neurobiology And Behavior Training Grant","N/A - Departmental Authority","","","","","2025-03-29"
"NIH","T32MH126772","5T32MH126772-04","University Of Miami School Of Medicine","2025-03-12","1017725.00","665441.82","","286511.00","Culturally-Focused Hiv Advancements Through The Next Generation For Equity (Change) Training Program","N/A - Departmental Authority","","","","","2025-03-29"
"NIH","T32MH128395","5T32MH128395-04","Columbia University","2025-03-14","977102.00","856338.69","","120763.00","Social Determinants Of Hiv","N/A - Departmental Authority","","","","","2025-03-29"
"NIH","T32MH130325","5T32MH130325-03","Northwestern University At Chicago","2025-03-18","1268481.00","754109.53","","514371.47","Training Program In Translational Science Hiv And Sexual And Gender Minority Health","N/A - Departmental Authority","","","","","2025-03-29"
"NIH","T32NR007969","5T32NR007969-23","Columbia University","2025-03-14","1959468.00","1222593.06","","736875.00","Reducing Health Disparities Through Informatics","N/A - Departmental Authority","","","","","2025-03-29"
"NIH","T32NS007153","5T32NS007153-40","Columbia University","2025-03-12","1743833.00","1390847.00","","352985.00","Neuroepidemiology Training Program","N/A - Departmental Authority","","","","","2025-03-29"
"NIH","T32NS064928","5T32NS064928-15","Columbia University","2025-03-12","1149851.00","1066400.00","","83452.00","Advanced Graduate Training Program In Neurobiology & Behavior","N/A - Departmental Authority","","","","","2025-03-29"
"NIH","T32NS064929","5T32NS064929-15","Columbia University","2025-03-12","1051461.00","977325.00","","74135.00","Advanced Graduate Training Program In Theoretical Neuroscience","N/A - Departmental Authority","","","","","2025-03-29"
"NIH","T35HL007616","5T35HL007616-44","Columbia University","2025-03-14","865975.80","795085.37","","736875.00","Short Term Training Grant","N/A - Departmental Authority","","","","","2025-03-29"
"NIH","T37MD008636","5T37MD008636-10","University Of Hawaii At Manoa","2025-03-21","1342045.00","913028.04","","429016.96","Transdisciplinary Health Disparities Research Training For Native Hawaiians And Pacific Students","N/A - Departmental Authority","","","","","2025-03-29"
"NIH","TL1TR001875","5TL1TR001875-09","Columbia University","2025-03-14","3643484.88","2896496.48","","746988.00","Nrsa Training Core","N/A - Departmental Authority","","","","","2025-03-29"
"NIH","U01AI156874","5U01AI156874-04","Northwestern University At Chicago","2025-03-21","6366745.00","5399205.49","","967539.51","Effectiveness Of Relationship Education For Reducing Hiv Incidence In Men Who Have Sex With Men","N/A - Departmental Authority","","","","","2025-03-29"
"NIH","U01DA036926","5U01DA036926-10","Children'S Hospital Of Los Angeles","2025-03-21","14350696.00","12695298.82","","1655397.18","Using Longitudinal Research To Engage African American And Latinx Sexual- And Gender-Minority Youth In The Hiv Prevention And Care Continua And Reduce Hiv/Aids-Related Disparities","N/A - Departmental Authority","","","","","2025-03-29"
"NIH","U01DA036939","5U01DA036939-10","Northwestern University At Chicago","2025-03-21","14249839.00","10824770.74","","3425068.26","Multilevel Influences On Hiv And Substance Use In A Ymsm Cohort","N/A - Departmental Authority","","","","","2025-03-29"
"NIH","U01DK130058","5U01DK130058-04","Columbia University","2025-03-14","2013149.00","1232740.04","","780409.00","India - Factors Of Ckdu In Uddanam Study (India-Focus)","N/A - Departmental Authority","","","","","2025-03-29"
"NIH","U01GM132375","5U01GM132375-05","University Of Chicago","2025-03-21","2057903.00","1902669.82","","155233.18","Boosting Mentor Effectiveness In Training Of Research Scientists (Mentors) Using Social Cognitive Career Theory To Support Entry Of Women & Minorities Into Physician-Scientist Careers","N/A - Departmental Authority","","","","","2025-03-29"
"NIH","U01HD108738","5U01HD108738-03","Center For Innovative Public Health Research","2025-03-21","5122427.00","4180423.00","","942004.00","Harnessing The Power Of Text Messaging To Reduce Hiv Incidence In Adolescent Males Across The United States","N/A - Departmental Authority","","","","","2025-03-29"
"NIH","U01HD108779","5U01HD108779-04","University Of Minnesota","2025-03-12","1680605.00","1274124.00","","406481.00","Unequal Parenthoods: Population Perspectives On Gender Race And Sexual Minority Disparities In Family Stress And Health During Crises","N/A - Departmental Authority","","","","","2025-03-29"
"NIH","U01MD017412","5U01MD017412-02","Johns Hopkins University","2025-03-24","2444726.00","1923908.41","","520817.59","Sin Duda: A Community-Driven Approach To Expand Reach, Access And Uptake Of Covid-19 Home-Based Tests For At Risk Latinos","N/A - Departmental Authority","","","","","2025-03-29"
"NIH","U01MD017426","5U01MD017426-02","University Of Puerto Rico - Medical Science Campus","2025-03-24","2091295.00","1746890.26","","344404.74","Puerto Rico Community Action Research And Engagement (Pr-Care) To Eliminate Disparities In Diagnostic Of Covid-19 Among Rural Underserved And Vulnerable Populations.","N/A - Departmental Authority","","","","","2025-03-29"
"NIH","U01MD017434","5U01MD017434-02","The University Corporation","2025-03-24","1044049.00","886246.01","","157802.99","Covid-19 And Southeast Asian Americans","N/A - Departmental Authority","","","","","2025-03-29"
"NIH","U01MD019398","5U01MD019398-03","University Of California, San Francisco","2025-03-21","9032778.00","7285333.04","","1747444.96","Increasing Financial And Health Equity Among Low Income Black Youth And Young Adults","N/A - Departmental Authority","","","","","2025-03-29"
"NIH","U01MH125058","5U01MH125058-05","Columbia University","2025-03-12","2405065.00","1592021.50","","813044.00","2/3 Genomics Of Schizophrenia In The South African Xhosa","N/A - Departmental Authority","","","","","2025-03-29"
"NIH","U01MH136558","5U01MH136558-03","Boston Children'S Hospital","2025-02-28","5955310.00","4471657.15","","1483652.85","Transhealthguide: Transforming Health For Gender-Diverse Young Adults Using Interventions To Drive Equity","N/A - Departmental Authority","","","","","2025-03-29"
"NIH","U01MH136574","5U01MH136574-02","San Francisco State University","2025-03-21","1499181.00","983933.76","","515247.24","Hermanos De Luna Y Sol: A Community-Based Hiv Prevention Intervention","N/A - Departmental Authority","","","","","2025-03-29"
"NIH","U01NS135533","5U01NS135533-02","Columbia University","2025-03-14","2329247.00","629447.53","","1699799.47","The Sdoh-Homecare Intervention Focus Team (Shift) Trial To Mitigate Sdoh In Stroke Outcomes And Build Community Capacity","N/A - Departmental Authority","","","","","2025-03-29"
"NIH","U19AI067773","5U19AI067773-20","Columbia University","2025-03-12","30833964.00","24815564.00","","6018400.14","Center For High-Throughput Minimally-Invasive Radiation Biodosimetry","N/A - Departmental Authority","","","","","2025-03-29"
"NIH","U19NS120384","5U19NS120384-04","University Of California At Davis","2025-03-21","35957257.00","25787797.78","","10169459.22","The Clinical Significance Of Incidental White Matter Lesions On Mri Amongst A Diverse Population With Cognitive Complaints (Indeed)","N/A - Departmental Authority","","","","","2025-03-29"
"NIH","U24AG083253","5U24AG083253-02","Gerontological Society Of America","2025-03-21","1589753.00","545782.37","","1043970.63","Resource Centers For Minority Aging Research National Coordinating Center (Rcmars Ncc)","N/A - Departmental Authority","","","","","2025-03-29"
"NIH","U24MD016258","5U24MD016258-03","Duke University","2025-03-24","116652802.00","108218713.16","","8434088.84","Radx-Up Cdcc","N/A - Departmental Authority","","","","","2025-03-29"
"NIH","U24MD017250","5U24MD017250-04","University Of California, San Francisco","2025-03-21","18443323.00","15365392.50","","3077930.50","Research Coordinating Center To Reduce Disparities In Multiple Chronic Diseases (Rcc Rd-Mcd)","N/A - Departmental Authority","","","","","2025-03-29"
"NIH","U2RTW012123","5U2RTW012123-04","Columbia University","2025-03-14","1399881.00","1149127.29","","250754.00","Advancing Public Health Research In Eastern Africa Through Data Science Training (Aphrea-Dst)","N/A - Departmental Authority","","","","","2025-03-29"
"NIH","U54AG076040","5U54AG076040-04","Columbia University","2025-03-14","10593904.00","7949790.82","","264113.18","A Multi-Scale Atlas Of Senescence In Diverse Tissue Types","N/A - Departmental Authority","","","","","2025-03-29"
"NIH","U54CA267735","5U54CA267735-04","Drexel University","2025-03-21","14247391.00","9231211.74","","5016179.26","Catalyzing Systemic Change At Drexel University To Support Diverse Faculty In Health Disparities Research","N/A - Departmental Authority","","","","","2025-03-29"
"NIH","U54CA272171","5U54CA272171-03","University Of South Carolina At Columbia","2025-03-12","9212740.00","3330991.41","","4386670.00","Faculty Initiative For Improved Recruitment Retention And Experience (Fiirre)","N/A - Departmental Authority","","","","","2025-03-29"
"NIH","U54CA280915","5U54CA280915-02","Vanderbilt University Medical Center (First)","2025-03-21","5993151.00","1359853.93","","4633297.07","Vanderbilt First - Elevating Excellence And Transforming Institutional Culture","N/A - Departmental Authority","","","","","2025-03-29"
"NIH","U54DA060049","5U54DA060049-02","Univ Of North Carolina Chapel Hill","2025-03-21","7775780.00","4287468.51","","3488311.49","Advancing Tobacco Regulatory Science To Reduce Health Disparities","N/A - Departmental Authority","","","","","2025-03-29"
"NIH","U54DK104309","5U54DK104309-11","Columbia University","2025-03-14","5656112.00","5000213.84","","655898.17","Investigating The Genetic Cellular And Metabolic Events Important For Urothelial Homeostasis And Response To Injury","N/A - Departmental Authority","","","","","2025-03-29"
"NIH","U54GM115516","5U54GM115516-08S1","Mainehealth","2025-03-10","18293219.00","13530537.91","","248974.00","Northern New England Clinical And Translational Research Network","N/A - Departmental Authority","","","","","2025-03-29"
"NIH","U54HD113172","5U54HD113172-02","Columbia University","2025-03-14","4593505.00","2559792.59","","2033712.41","Ny Community-Hospital-Academic Maternal Health Equity Partnerships (Ny- Champ)","N/A - Departmental Authority","","","","","2025-03-29"
"NIH","U54HD113292","5U54HD113292-02","Morehouse School Of Medicine","2025-03-21","2961102.00","1345262.52","","1615839.48","Center To Advance Reproductive Justice And Behavioral Health Among Black Pregnant/Postpartum Women And Birthing People (Coral).","N/A - Departmental Authority","","","","","2025-03-29"
"NIH","U54MD007586","5U54MD007586-38","Meharry Medical College","2025-03-21","14273850.00","8791482.09","","5482367.91","The Rcmi Program In Health Disparities Research At Meharry Medical College","N/A - Departmental Authority","","","","","2025-03-29"
"NIH","U54MD012393","5U54MD012393-08","Florida International University","2025-03-21","12195804.00","10269165.99","","1926638.01","The Fiu Research Center In A Minority Institution (Fiu-Rcmi)","N/A - Departmental Authority","","","","","2025-03-29"
"NIH","U54NS078059","5U54NS078059-13","Columbia University","2025-03-12","10219761.97","5983928.10","","4235833.87","The North American Mitochondrial Disease Consortium (Namdc)","N/A - Departmental Authority","","","","","2025-03-29"
"NIH","UG1HD113160","5UG1HD113160-02","Northwestern University At Chicago","2025-03-21","2654230.00","1075666.82","","1578563.18","Intensive Combination Approach To Rollback The Hiv Epidemic In Nigerian Youth (Icare) Plus Effectiveness / Implementation Hybrid Study","N/A - Departmental Authority","","","","","2025-03-29"
"NIH","UG1HD113162","5UG1HD113162-02","University Of Maryland Baltimore","2025-03-21","2407266.00","1580467.90","","826798.10","Resilient Hiv Implementation Science With Sexual And Gender Minority Youths Using Evidence (Rise) Clinical Research Center","N/A - Departmental Authority","","","","","2025-03-29"
"NIH","UG3AI176853","5UG3AI176853-02","Emory University","2025-03-21","5007595.00","3590260.96","","1417334.04","Limited Interaction Cohort To Identify Determinants Of Viral Suppression In Msm And Transfeminine Individuals Living With Hiv: A Multilevel Approach","N/A - Departmental Authority","","","","","2025-03-29"
"NIH","UG3MH133258","5UG3MH133258-02","George Washington University","2025-03-21","1710169.00","839367.59","","870801.41","Identifying Socioecological Profiles That Impact Changes In Care Outcomes Among Black Sexual Minority Men Living With Hiv","N/A - Departmental Authority","","","","","2025-03-29"
"NIH","UG4LM013725","5UG4LM013725-04","University Of Washington","2025-03-21","5093880.00","4675821.19","","418058.81","Nnlm Region 5: Reaching More People In More Ways","N/A - Departmental Authority","","","","","2025-03-29"
"NIH","UH3HL152323","5UH3HL152323-05","Columbia University","2025-03-14","3639922.00","2559061.97","","1080859.83","Alpha-1 Antitrypsin Disease Cohort: Longitudinal Biomarker Study Of Disease","N/A - Departmental Authority","","","","","2025-03-29"
"NIH","UL1TR001873","5UL1TR001873-09","Columbia University","2025-03-14","42625469.41","37877294.09","","4748175.32","Clinical And Translational Science Award","N/A - Departmental Authority","","","","","2025-03-29"
"NIH","UM1AI068619","5UM1AI068619-19","Family Health International","2025-03-21","183155862.62","158278259.63","","24877602.99","Hiv Prevention Trials Network Leadership And Operations Center","N/A - Departmental Authority","","","","","2025-03-29"
"NIH","UM1AI069463","5UM1AI069463-19","Wits Health Consortium (Pty) Ltd","2025-03-21","10258469.00","10257205.27","","1263.73","Wits Hiv Research Group Clinical Trial Unit (Ctu) Reapplication","N/A - Departmental Authority","","","","","2025-03-29"
"NIH","UM1AI154468","5UM1AI154468-05","Columbia University Health Sciences","2025-03-21","9939140.00","9436528.31","","502611.69","Icap Clinical Trials Unit","N/A - Departmental Authority","","","","","2025-03-29"
"NIH","UM1TR004409","5UM1TR004409-02","University Of Utah","2025-03-12","10886474.00","10008205.59","","878268.41","Ctsa Um1 Program At University Of Utah","N/A - Departmental Authority","","","","","2025-03-29"
"NIH","UM2HD111076","5UM2HD111076-03","Westat, Inc.","2025-03-21","24596695.00","14279422.50","","10317272.50","Children'S Hospital Los Angeles Site Consortium - Adolescent Medicine Trials Network For Hiv/Aids Interventions (Atn) Operations And Collaborations Center (Um2 Clinical Trial Optional)","N/A - Departmental Authority","","","","","2025-03-29"
"NIH","UM2HD111102","5UM2HD111102-03","Florida State University","2025-03-21","36023354.00","21113820.43","","14909533.57","Adolescent Medicine Trials Network For Hiv/Aids Interventions (Atn) Scientific Leadership Center","N/A - Departmental Authority","","","","","2025-03-29"
"NIH","R01AG069003","7R01AG069003-04","Univ Of North Carolina Chapel Hill","2025-03-21","2411361.00","1044419.71","","1366941.29","Looking Back To Look Forward: Social Environment Across The Life Course Epigenetics And Birth Outcomes In Black Families","N/A - Departmental Authority","","","","","2025-03-29"
"NIH","R01DA059022","7R01DA059022-02","Children'S Hosp Of Philadelphia","2025-03-21","1305609.00","361300.22","","944308.78","The Collaborative Care Prtner (Prevention Treatment Navigationengagement Resource) Project","N/A - Departmental Authority","","","","","2025-03-29"
"NIH","R01HL163814","7R01HL163814-02","Brigham & Women`S Hospital","2025-03-24","4314933.00","2264871.84","","2050061.16","Sars-Cov-2 Tropism In The Brain And Its Relationship To Covid-19 Pathogenesis","N/A - Departmental Authority","","","","","2025-03-29"
"NIH","R01MH116829","7R01MH116829-06","Columbia University","2025-03-12","1062868.00","991857.00","","71011.00","Building Mobile Hiv Prevention And Mental Health Support In Low-Resource Settings","N/A - Departmental Authority","","","","","2025-03-29"
"NIH","R01MH129175","7R01MH129175-03","University Of Michigan At Ann Arbor","2025-03-21","2244412.00","760025.76","","1484386.24","Strategies To Prevent Hiv Acquisition Among Transgender Msm In The Us","N/A - Departmental Authority","","","","","2025-03-29"
"NIH","R01MH129285","7R01MH129285-02","New York State Psychiatric Institute","2025-03-21","1132843.00","506414.94","","626428.06","A Multi-Level Approach To Improve Hiv Prevention And Care For Transgender Women Of Color","N/A - Departmental Authority","","","","","2025-03-29"
"NIH","R21DA058575","7R21DA058575-02","Harvard Pilgrim Health Care, Inc.","2025-03-21","403450.00","203949.28","","199500.72","Tailoring Delivery Of Longacting Prep For Cisgender (Msm) Who Use Methamphetamine","N/A - Departmental Authority","","","","","2025-03-29"
"NIH","R21HD103053","7R21HD103053-03","Columbia University","2025-03-12","287260.71","229854.39","","57406.32","Mhealth And Mobile Ultrasound For Mothers","N/A - Departmental Authority","","","","","2025-03-29"
"NIH","R21TW012010","7R21TW012010-03","Emory University","2025-03-21","400590.00","397092.93","","3497.07","Stigma Reduction And Gender Affirmation To Promote Hiv Prevention/Testing In Trans Women","N/A - Departmental Authority","","","","","2025-03-29"
"NIH","U24LM013755","7U24LM013755-03","Yale University","2025-03-24","23343571.00","21526670.49","","1816900.51","Radx-Rad Discoveries & Data: Consortium Coordination Center Program Organization","N/A - Departmental Authority","","","","","2025-03-29"
"NIH","R01DK122843","3R01DK122843-05S1","Oregon Health & Science University","2025-03-24","6617273.00","6359859.33","","257413.67","Effect Of Obesity On Hiv Pathogenesis, Antiretroviral Therapy, And Metabolic Comorbidities","N/A - Departmental Authority","","","","","2025-03-29"
"NIH","R01CA276594","3R01CA276594-02S1","University Of Oklahoma Hlth Sciences Ctr","2025-03-21","1207662.00","505799.59","","701862.41","Randomized Controlled Trial Of Dyadic Financial Incentive Treatment For Dual Smoker Couples: Evaluation Of Efficacy, Mechanisms, And Cost Effectiveness","N/A - Departmental Authority","","","","","2025-03-29"
"CDC","NU50CK000495","18NU50CK000495C5","International Organization For Migration","2025-03-25","10000000.00","9328020.00","","671980.00","Sustaining The Expansion Of The Overseas Health Assessment And Management Of U.S.-Bound Refugees, Non-Immigrant Visa Applicants And Other Migrant Populations","N/A - Departmental Authority","","","","","2025-03-29"
"CDC","NU50CK000495","18NU50CK000495CV","International Organization For Migration","2025-03-24","3380351.00","2771874.00","","608477.00","Sustaining The Expansion Of The Overseas Health Assessment And Management Of U.S.-Bound Refugees, Non-Immigrant Visa Applicants And Other Migrant Populations","N/A - Departmental Authority","","","","","2025-03-29"
"CDC","NU50CK000497","19NU50CK000497C3","De St Department Of Health & Social Services","2025-03-24","5125000.00","3347633.33","","1777366.67","2019 Epidemiology And Laboratory Capacity For Prevention And Control Of Emerging Infectious Diseases (Elc)","N/A - Departmental Authority","","","","","2025-03-29"
"CDC","NU50CK000497","19NU50CK000497C4","De St Department Of Health & Social Services","2025-03-24","67436696.00","54121650.08","","13315045.92","2019 Epidemiology And Laboratory Capacity For Prevention And Control Of Emerging Infectious Diseases (Elc)","N/A - Departmental Authority","","","","","2025-03-29"
"CDC","NU50CK000497","19NU50CK000497CV","De St Department Of Health & Social Services","2025-03-24","791063.00","414228.79","","376834.21","2019 Epidemiology And Laboratory Capacity For Prevention And Control Of Emerging Infectious Diseases (Elc)","N/A - Departmental Authority","","","","","2025-03-29"
"CDC","NU50CK000497","19NU50CK000497EDEXC5","De St Department Of Health & Social Services","2025-03-24","56048281.00","42361268.30","","13687012.70","2019 Epidemiology And Laboratory Capacity For Prevention And Control Of Emerging Infectious Diseases (Elc)","N/A - Departmental Authority","","","","","2025-03-29"
"CDC","NU50CK000498","19NU50CK000498C3","County Of Los Angeles","2025-03-24","20439027.00","18292292.00","","2146735.00","2019 Epidemiology And Laboratory Capacity For Prevention And Control Of Emerging Infectious Diseases (Elc)","N/A - Departmental Authority","","","","","2025-03-29"
"CDC","NU50CK000498","19NU50CK000498EDEXC5","County Of Los Angeles","2025-03-24","577834765.00","498926471.88","","78908293.12","2019 Epidemiology And Laboratory Capacity For Prevention And Control Of Emerging Infectious Diseases (Elc)","N/A - Departmental Authority","","","","","2025-03-29"
"CDC","NU50CK000499","19NU50CK000499C3","Commonwealth Healthcare Corporation","2025-03-24","460851.00","269905.46","","190945.54","2019 Epidemiology And Laboratory Capacity For Prevention And Control Of Emerging Infectious Diseases (Elc)","N/A - Departmental Authority","","","","","2025-03-29"
"CDC","NU50CK000499","19NU50CK000499C4","Commonwealth Healthcare Corporation","2025-03-24","3956082.00","3394182.76","","561899.24","2019 Epidemiology And Laboratory Capacity For Prevention And Control Of Emerging Infectious Diseases (Elc)","N/A - Departmental Authority","","","","","2025-03-29"
"CDC","NU50CK000499","19NU50CK000499EDEXC5","Commonwealth Healthcare Corporation","2025-03-24","2958501.00","1915370.07","","1043130.93","2019 Epidemiology And Laboratory Capacity For Prevention And Control Of Emerging Infectious Diseases (Elc)","N/A - Departmental Authority","","","","","2025-03-29"
"CDC","NU50CK000500","19NU50CK000500C4","Public Health And Human Services, Montana Department Of","2025-03-24","49914794.00","48667492.43","","1247301.57","2019 Epidemiology And Laboratory Capacity For Prevention And Control Of Emerging Infectious Diseases (Elc)","N/A - Departmental Authority","","","","","2025-03-29"
"CDC","NU50CK000500","19NU50CK000500CV","Public Health And Human Services, Montana Department Of","2025-03-24","917367.00","621451.34","","295915.66","2019 Epidemiology And Laboratory Capacity For Prevention And Control Of Emerging Infectious Diseases (Elc)","N/A - Departmental Authority","","","","","2025-03-29"
"CDC","NU50CK000500","19NU50CK000500EDEXC5","Public Health And Human Services, Montana Department Of","2025-03-24","61517133.00","41241765.96","","20275367.04","2019 Epidemiology And Laboratory Capacity For Prevention And Control Of Emerging Infectious Diseases (Elc)","N/A - Departmental Authority","","","","","2025-03-29"
"CDC","NU50CK000501","19NU50CK000501BDXC5","Tx Dept Of State Health Services","2025-03-24","400000.00","","","400000.00","2019 Epidemiology And Laboratory Capacity For Prevention And Control Of Emerging Infectious Diseases (Elc)","N/A - Departmental Authority","","","","","2025-03-29"
"CDC","NU50CK000501","19NU50CK000501C3","Tx Dept Of State Health Services","2025-03-24","39243025.00","29717928.22","","9525096.78","2019 Epidemiology And Laboratory Capacity For Prevention And Control Of Emerging Infectious Diseases (Elc)","N/A - Departmental Authority","","","","","2025-03-29"
"CDC","NU50CK000501","19NU50CK000501C4","Tx Dept Of State Health Services","2025-03-24","473597520.00","376503424.93","","97094095.07","2019 Epidemiology And Laboratory Capacity For Prevention And Control Of Emerging Infectious Diseases (Elc)","N/A - Departmental Authority","","","","","2025-03-29"
"CDC","NU50CK000501","19NU50CK000501EDEXC5","Tx Dept Of State Health Services","2025-03-24","1535405092.00","657776885.96","","877628206.04","2019 Epidemiology And Laboratory Capacity For Prevention And Control Of Emerging Infectious Diseases (Elc)","N/A - Departmental Authority","","","","","2025-03-29"
"CDC","NU50CK000501","19NU50CK000501JKOWC3","Tx Dept Of State Health Services","2025-03-24","375000.00","","","375000.00","2019 Epidemiology And Laboratory Capacity For Prevention And Control Of Emerging Infectious Diseases (Elc)","N/A - Departmental Authority","","","","","2025-03-29"
"CDC","NU50CK000502","19NU50CK000502C4","Dc Department Of Health Care Finance","2025-03-24","83420625.00","81148537.85","","2272087.15","2019 Epidemiology And Laboratory Capacity For Prevention And Control Of Emerging Infectious Diseases (Elc)","N/A - Departmental Authority","","","","","2025-03-29"
"CDC","NU50CK000502","19NU50CK000502CV","Dc Department Of Health Care Finance","2025-03-24","821560.00","609428.57","","212131.43","2019 Epidemiology And Laboratory Capacity For Prevention And Control Of Emerging Infectious Diseases (Elc)","N/A - Departmental Authority","","","","","2025-03-29"
"CDC","NU50CK000502","19NU50CK000502EDEXC5","Dc Department Of Health Care Finance","2025-03-24","40621771.00","30195082.88","","10426688.12","2019 Epidemiology And Laboratory Capacity For Prevention And Control Of Emerging Infectious Diseases (Elc)","N/A - Departmental Authority","","","","","2025-03-29"
"CDC","NU50CK000502","19NU50CK000502SHP2C5","Dc Department Of Health Care Finance","2025-03-24","781053.00","","","781053.00","2019 Epidemiology And Laboratory Capacity For Prevention And Control Of Emerging Infectious Diseases (Elc)","N/A - Departmental Authority","","","","","2025-03-29"
"CDC","NU50CK000503","19NU50CK000503C3","Indiana State Department Of Health","2025-03-24","11627724.00","10706882.22","","920841.78","2019 Epidemiology And Laboratory Capacity For Prevention And Control Of Emerging Infectious Diseases (Elc)","N/A - Departmental Authority","","","","","2025-03-29"
"CDC","NU50CK000503","19NU50CK000503C4","Indiana State Department Of Health","2025-03-24","183065473.00","132402754.66","","50662718.34","2019 Epidemiology And Laboratory Capacity For Prevention And Control Of Emerging Infectious Diseases (Elc)","N/A - Departmental Authority","","","","","2025-03-29"
"CDC","NU50CK000503","19NU50CK000503CV","Indiana State Department Of Health","2025-03-24","1694239.00","815250.13","","878988.87","2019 Epidemiology And Laboratory Capacity For Prevention And Control Of Emerging Infectious Diseases (Elc)","N/A - Departmental Authority","","","","","2025-03-29"
"CDC","NU50CK000503","19NU50CK000503EDEXC5","Indiana State Department Of Health","2025-03-24","387495639.00","125128539.16","","262367099.84","2019 Epidemiology And Laboratory Capacity For Prevention And Control Of Emerging Infectious Diseases (Elc)","N/A - Departmental Authority","","","","","2025-03-29"
"CDC","NU50CK000503","19NU50CK000503SHP2C5","Indiana State Department Of Health","2025-03-24","998977.00","","","998977.00","2019 Epidemiology And Laboratory Capacity For Prevention And Control Of Emerging Infectious Diseases (Elc)","N/A - Departmental Authority","","","","","2025-03-29"
"CDC","NU50CK000504","19NU50CK000504C4","Ia St Department Of Public Health","2025-03-24","100843972.00","84712589.95","","16131382.05","2019 Epidemiology And Laboratory Capacity For Prevention And Control Of Emerging Infectious Diseases (Elc)","N/A - Departmental Authority","","","","","2025-03-29"
"CDC","NU50CK000504","19NU50CK000504CV","Ia St Department Of Public Health","2025-03-24","1433832.00","674042.47","","759789.53","2019 Epidemiology And Laboratory Capacity For Prevention And Control Of Emerging Infectious Diseases (Elc)","N/A - Departmental Authority","","","","","2025-03-29"
"CDC","NU50CK000504","19NU50CK000504EDEXC5","Ia St Department Of Public Health","2025-03-24","181600727.00","67356762.86","","114243964.14","2019 Epidemiology And Laboratory Capacity For Prevention And Control Of Emerging Infectious Diseases (Elc)","N/A - Departmental Authority","","","","","2025-03-29"
"CDC","NU50CK000504","19NU50CK000504SHP2C5","Ia St Department Of Public Health","2025-03-24","869623.00","","","869623.00","2019 Epidemiology And Laboratory Capacity For Prevention And Control Of Emerging Infectious Diseases (Elc)","N/A - Departmental Authority","","","","","2025-03-29"
"CDC","NU50CK000505","19NU50CK000505EDEXC5","Ky St Cabinet For Health And Family Services","2025-03-24","257152034.00","176669692.66","","80482341.34","2019 Epidemiology And Laboratory Capacity For Prevention And Control Of Emerging Infectious Diseases (Elc)","N/A - Departmental Authority","","","","","2025-03-29"
"CDC","NU50CK000506","19NU50CK000506C3","Health, Maryland Department Of","2025-03-24","11599141.00","11256620.07","","342520.93","2019 Epidemiology And Laboratory Capacity For Prevention And Control Of Emerging Infectious Diseases (Elc)","N/A - Departmental Authority","","","","","2025-03-29"
"CDC","NU50CK000506","19NU50CK000506C4","Health, Maryland Department Of","2025-03-24","205723600.00","187900660.19","","17822939.81","2019 Epidemiology And Laboratory Capacity For Prevention And Control Of Emerging Infectious Diseases (Elc)","N/A - Departmental Authority","","","","","2025-03-29"
"CDC","NU50CK000506","19NU50CK000506CV","Health, Maryland Department Of","2025-03-24","1867540.00","1386536.27","","481003.73","2019 Epidemiology And Laboratory Capacity For Prevention And Control Of Emerging Infectious Diseases (Elc)","N/A - Departmental Authority","","","","","2025-03-29"
"CDC","NU50CK000506","19NU50CK000506EDEXC5","Health, Maryland Department Of","2025-03-24","347979565.00","170811233.20","","177168331.80","2019 Epidemiology And Laboratory Capacity For Prevention And Control Of Emerging Infectious Diseases (Elc)","N/A - Departmental Authority","","","","","2025-03-29"
"CDC","NU50CK000506","19NU50CK000506SHP2C5","Health, Maryland Department Of","2025-03-24","974151.00","","","974151.00","2019 Epidemiology And Laboratory Capacity For Prevention And Control Of Emerging Infectious Diseases (Elc)","N/A - Departmental Authority","","","","","2025-03-29"
"CDC","NU50CK000508","19NU50CK000508C3","Mn St Department Of Health","2025-03-24","11464582.00","8867888.30","","2596693.70","2019 Epidemiology And Laboratory Capacity For Prevention And Control Of Emerging Infectious Diseases (Elc)","N/A - Departmental Authority","","","","","2025-03-29"
"CDC","NU50CK000508","19NU50CK000508C4","Mn St Department Of Health","2025-03-24","132794684.00","82642999.10","","50151684.90","2019 Epidemiology And Laboratory Capacity For Prevention And Control Of Emerging Infectious Diseases (Elc)","N/A - Departmental Authority","","","","","2025-03-29"
"CDC","NU50CK000508","19NU50CK000508EDEXC5","Mn St Department Of Health","2025-03-24","324608098.00","142681422.31","","181926675.69","2019 Epidemiology And Laboratory Capacity For Prevention And Control Of Emerging Infectious Diseases (Elc)","N/A - Departmental Authority","","","","","2025-03-29"
"CDC","NU50CK000509","19NU50CK000509C4","Ak St Dhss","2025-03-24","53127495.00","37422170.92","","15705324.08","2019 Epidemiology And Laboratory Capacity For Prevention And Control Of Emerging Infectious Diseases (Elc)","N/A - Departmental Authority","","","","","2025-03-29"
"CDC","NU50CK000509","19NU50CK000509CV","Ak St Dhss","2025-03-24","860605.00","654566.32","","206038.68","2019 Epidemiology And Laboratory Capacity For Prevention And Control Of Emerging Infectious Diseases (Elc)","N/A - Departmental Authority","","","","","2025-03-29"
"CDC","NU50CK000509","19NU50CK000509EDEXC5","Ak St Dhss","2025-03-24","42106547.00","33264122.03","","8842424.97","2019 Epidemiology And Laboratory Capacity For Prevention And Control Of Emerging Infectious Diseases (Elc)","N/A - Departmental Authority","","","","","2025-03-29"
"CDC","NU50CK000510","19NU50CK000510C3","Michigan Department Of Health And Human Services","2025-03-24","16485611.00","16056229.70","","429381.30","2019 Epidemiology And Laboratory Capacity For Prevention And Control Of Emerging Infectious Diseases (Elc)","N/A - Departmental Authority","","","","","2025-03-29"
"CDC","NU50CK000510","19NU50CK000510C4","Michigan Department Of Health And Human Services","2025-03-24","315183795.00","256341983.47","","58841811.53","2019 Epidemiology And Laboratory Capacity For Prevention And Control Of Emerging Infectious Diseases (Elc)","N/A - Departmental Authority","","","","","2025-03-29"
"CDC","NU50CK000510","19NU50CK000510CV","Michigan Department Of Health And Human Services","2025-03-24","2286310.00","1833327.62","","452982.38","2019 Epidemiology And Laboratory Capacity For Prevention And Control Of Emerging Infectious Diseases (Elc)","N/A - Departmental Authority","","","","","2025-03-29"
"CDC","NU50CK000510","19NU50CK000510EDEXC5","Michigan Department Of Health And Human Services","2025-03-24","574827340.00","336543206.78","","238284133.22","2019 Epidemiology And Laboratory Capacity For Prevention And Control Of Emerging Infectious Diseases (Elc)","N/A - Departmental Authority","","","","","2025-03-29"
"CDC","NU50CK000511","19NU50CK000511C3","Az St Department Of Health Services","2025-03-24","12548524.00","7697633.25","","4850890.75","2019 Epidemiology And Laboratory Capacity For Prevention And Control Of Emerging Infectious Diseases (Elc)","N/A - Departmental Authority","","","","","2025-03-29"
"CDC","NU50CK000511","19NU50CK000511C4","Az St Department Of Health Services","2025-03-24","150148030.00","113350387.71","","36797642.29","2019 Epidemiology And Laboratory Capacity For Prevention And Control Of Emerging Infectious Diseases (Elc)","N/A - Departmental Authority","","","","","2025-03-29"
"CDC","NU50CK000511","19NU50CK000511CV","Az St Department Of Health Services","2025-03-24","1198146.00","282331.54","","915814.46","2019 Epidemiology And Laboratory Capacity For Prevention And Control Of Emerging Infectious Diseases (Elc)","N/A - Departmental Authority","","","","","2025-03-29"
"CDC","NU50CK000511","19NU50CK000511EDEXC5","Az St Department Of Health Services","2025-03-24","418951181.00","311921884.69","","107029296.31","2019 Epidemiology And Laboratory Capacity For Prevention And Control Of Emerging Infectious Diseases (Elc)","N/A - Departmental Authority","","","","","2025-03-29"
"CDC","NU50CK000512","19NU50CK000512C4","Sd St Department Of Health","2025-03-24","57932604.00","49882661.00","","8049943.00","2019 Epidemiology And Laboratory Capacity For Prevention And Control Of Emerging Infectious Diseases (Elc)","N/A - Departmental Authority","","","","","2025-03-29"
"CDC","NU50CK000512","19NU50CK000512EDEXC5","Sd St Department Of Health","2025-03-24","50919542.00","31737311.47","","19182230.53","2019 Epidemiology And Laboratory Capacity For Prevention And Control Of Emerging Infectious Diseases (Elc)","N/A - Departmental Authority","","","","","2025-03-29"
"CDC","NU50CK000513","19NU50CK000513C4","Federated States Of Micronesia, Office Of Health Svcs","2025-03-24","4439135.00","2980812.21","","1458322.79","2019 Epidemiology And Laboratory Capacity For Prevention And Control Of Emerging Infectious Diseases (Elc)","N/A - Departmental Authority","","","","","2025-03-29"
"CDC","NU50CK000513","19NU50CK000513EDEXC5","Federated States Of Micronesia, Office Of Health Svcs","2025-03-24","5893978.00","2840459.26","","3053518.74","2019 Epidemiology And Laboratory Capacity For Prevention And Control Of Emerging Infectious Diseases (Elc)","N/A - Departmental Authority","","","","","2025-03-29"
"CDC","NU50CK000514","19NU50CK000514C4","Health, North Dakota Department Of","2025-03-24","52621819.00","25650358.00","","26971461.00","2019 Epidemiology And Laboratory Capacity For Prevention And Control Of Emerging Infectious Diseases (Elc)","N/A - Departmental Authority","","","","","2025-03-29"
"CDC","NU50CK000514","19NU50CK000514CV","Health, North Dakota Department Of","2025-03-24","904829.00","623382.00","","281447.00","2019 Epidemiology And Laboratory Capacity For Prevention And Control Of Emerging Infectious Diseases (Elc)","N/A - Departmental Authority","","","","","2025-03-29"
"CDC","NU50CK000514","19NU50CK000514EDEXC5","Health, North Dakota Department Of","2025-03-24","43863056.00","13731824.00","","30131232.00","2019 Epidemiology And Laboratory Capacity For Prevention And Control Of Emerging Infectious Diseases (Elc)","N/A - Departmental Authority","","","","","2025-03-29"
"CDC","NU50CK000515","19NU50CK000515C3","Wa St Department Of Health","2025-03-24","13356443.00","12141397.05","","1215045.95","2019 Epidemiology And Laboratory Capacity For Prevention And Control Of Emerging Infectious Diseases (Elc)","N/A - Departmental Authority","","","","","2025-03-29"
"CDC","NU50CK000515","19NU50CK000515C4","Wa St Department Of Health","2025-03-24","177231546.00","124707544.88","","52524001.12","2019 Epidemiology And Laboratory Capacity For Prevention And Control Of Emerging Infectious Diseases (Elc)","N/A - Departmental Authority","","","","","2025-03-29"
"CDC","NU50CK000515","19NU50CK000515CV","Wa St Department Of Health","2025-03-24","3437399.00","3205333.31","","232065.69","2019 Epidemiology And Laboratory Capacity For Prevention And Control Of Emerging Infectious Diseases (Elc)","N/A - Departmental Authority","","","","","2025-03-29"
"CDC","NU50CK000515","19NU50CK000515EDEXC5","Wa St Department Of Health","2025-03-24","438300928.00","367641564.80","","70659363.20","2019 Epidemiology And Laboratory Capacity For Prevention And Control Of Emerging Infectious Diseases (Elc)","N/A - Departmental Authority","","","","","2025-03-29"
"CDC","NU50CK000515","19NU50CK000515MISCCV","Wa St Department Of Health","2025-03-24","418247.00","49887.70","","368359.30","2019 Epidemiology And Laboratory Capacity For Prevention And Control Of Emerging Infectious Diseases (Elc)","N/A - Departmental Authority","","","","","2025-03-29"
"CDC","NU50CK000515","19NU50CK000515SHP2C5","Wa St Department Of Health","2025-03-24","1030895.00","","","1030895.00","2019 Epidemiology And Laboratory Capacity For Prevention And Control Of Emerging Infectious Diseases (Elc)","N/A - Departmental Authority","","","","","2025-03-29"
"CDC","NU50CK000516","19NU50CK000516C4","Health Research, Inc.","2025-03-24","700248982.00","637986756.08","","62262225.92","2019 Epidemiology And Laboratory Capacity For Prevention And Control Of Emerging Infectious Diseases (Elc)","N/A - Departmental Authority","","","","","2025-03-29"
"CDC","NU50CK000516","19NU50CK000516CV","Health Research, Inc.","2025-03-24","3995012.00","3671861.70","","323150.30","2019 Epidemiology And Laboratory Capacity For Prevention And Control Of Emerging Infectious Diseases (Elc)","N/A - Departmental Authority","","","","","2025-03-29"
"CDC","NU50CK000516","19NU50CK000516EDEXC5","Health Research, Inc.","2025-03-24","639861809.00","460627817.67","","179233991.33","2019 Epidemiology And Laboratory Capacity For Prevention And Control Of Emerging Infectious Diseases (Elc)","N/A - Departmental Authority","","","","","2025-03-29"
"CDC","NU50CK000517","19NU50CK000517C3","New York, City Of","2025-03-24","19057796.00","18610383.76","","447412.24","2019 Epidemiology And Laboratory Capacity For Prevention And Control Of Emerging Infectious Diseases (Elc)","N/A - Departmental Authority","","","","","2025-03-29"
"CDC","NU50CK000517","19NU50CK000517C4","New York, City Of","2025-03-24","807512729.00","767995805.81","","39516923.19","2019 Epidemiology And Laboratory Capacity For Prevention And Control Of Emerging Infectious Diseases (Elc)","N/A - Departmental Authority","","","","","2025-03-29"
"CDC","NU50CK000517","19NU50CK000517EDEXC5","New York, City Of","2025-03-24","479853706.00","429123869.76","","50729836.24","2019 Epidemiology And Laboratory Capacity For Prevention And Control Of Emerging Infectious Diseases (Elc)","N/A - Departmental Authority","","","","","2025-03-29"
"CDC","NU50CK000518","19NU50CK000518C4","Ma St Department Of Public Health","2025-03-24","374115857.00","353700548.88","","20415308.12","2019 Epidemiology And Laboratory Capacity For Prevention And Control Of Emerging Infectious Diseases (Elc)","N/A - Departmental Authority","","","","","2025-03-29"
"CDC","NU50CK000518","19NU50CK000518CV","Ma St Department Of Public Health","2025-03-24","1911025.00","925139.59","","985885.41","2019 Epidemiology And Laboratory Capacity For Prevention And Control Of Emerging Infectious Diseases (Elc)","N/A - Departmental Authority","","","","","2025-03-29"
"CDC","NU50CK000518","19NU50CK000518EDEXC5","Ma St Department Of Public Health","2025-03-24","396721327.00","332372049.25","","64349277.75","2019 Epidemiology And Laboratory Capacity For Prevention And Control Of Emerging Infectious Diseases (Elc)","N/A - Departmental Authority","","","","","2025-03-29"
"CDC","NU50CK000518","19NU50CK000518SHP2C5","Ma St Department Of Public Health","2025-03-24","3205776.00","353853.16","","2851922.84","2019 Epidemiology And Laboratory Capacity For Prevention And Control Of Emerging Infectious Diseases (Elc)","N/A - Departmental Authority","","","","","2025-03-29"
"CDC","NU50CK000519","19NU50CK000519C3","Ri St Department Of Health","2025-03-24","5497600.00","4474463.86","","1023136.14","2019 Epidemiology And Laboratory Capacity For Prevention And Control Of Emerging Infectious Diseases (Elc)","N/A - Departmental Authority","","","","","2025-03-29"
"CDC","NU50CK000519","19NU50CK000519C4","Ri St Department Of Health","2025-03-24","86721899.00","82571314.57","","4150584.43","2019 Epidemiology And Laboratory Capacity For Prevention And Control Of Emerging Infectious Diseases (Elc)","N/A - Departmental Authority","","","","","2025-03-29"
"CDC","NU50CK000519","19NU50CK000519EDEXC5","Ri St Department Of Health","2025-03-24","60975106.00","49445311.54","","11529794.46","2019 Epidemiology And Laboratory Capacity For Prevention And Control Of Emerging Infectious Diseases (Elc)","N/A - Departmental Authority","","","","","2025-03-29"
"CDC","NU50CK000520","19NU50CK000520EDEXC5","Vermont Agency Of Human Services","2025-03-24","35915798.00","35376294.00","","539504.00","2019 Epidemiology And Laboratory Capacity For Prevention And Control Of Emerging Infectious Diseases (Elc)","N/A - Departmental Authority","","","","","2025-03-29"
"CDC","NU50CK000521","19NU50CK000521C4","Philadelphia Department Of Public Health","2025-03-24","92417870.00","85701967.63","","6715902.37","2019 Epidemiology And Laboratory Capacity For Prevention And Control Of Emerging Infectious Diseases (Elc)","N/A - Departmental Authority","","","","","2025-03-29"
"CDC","NU50CK000521","19NU50CK000521EDEXC5","Philadelphia Department Of Public Health","2025-03-24","91176162.00","57593463.36","","33582698.64","2019 Epidemiology And Laboratory Capacity For Prevention And Control Of Emerging Infectious Diseases (Elc)","N/A - Departmental Authority","","","","","2025-03-29"
"CDC","NU50CK000521","19NU50CK000521SHP2C5","Philadelphia Department Of Public Health","2025-03-24","812814.00","","","812814.00","2019 Epidemiology And Laboratory Capacity For Prevention And Control Of Emerging Infectious Diseases (Elc)","N/A - Departmental Authority","","","","","2025-03-29"
"CDC","NU50CK000522","19NU50CK000522C4","Nh St Department Of Health & Human Services","2025-03-24","61056792.00","47854807.40","","13201984.60","2019 Epidemiology And Laboratory Capacity For Prevention And Control Of Emerging Infectious Diseases (Elc)","N/A - Departmental Authority","","","","","2025-03-29"
"CDC","NU50CK000522","19NU50CK000522EDEXC5","Nh St Department Of Health & Human Services","2025-03-24","78262766.00","40544078.38","","37718687.62","2019 Epidemiology And Laboratory Capacity For Prevention And Control Of Emerging Infectious Diseases (Elc)","N/A - Departmental Authority","","","","","2025-03-29"
"CDC","NU50CK000522","19NU50CK000522JKOWC3","Nh St Department Of Health & Human Services","2025-03-24","410480.00","263057.70","","147422.30","2019 Epidemiology And Laboratory Capacity For Prevention And Control Of Emerging Infectious Diseases (Elc)","N/A - Departmental Authority","","","","","2025-03-29"
"CDC","NU50CK000523","19NU50CK000523C3","Maine St. Department Of Health And Human Services","2025-03-24","5125000.00","2004386.68","","3120613.32","2019 Epidemiology And Laboratory Capacity For Prevention And Control Of Emerging Infectious Diseases (Elc)","N/A - Departmental Authority","","","","","2025-03-29"
"CDC","NU50CK000523","19NU50CK000523C4","Maine St. Department Of Health And Human Services","2025-03-24","52673451.00","44286051.20","","8387399.80","2019 Epidemiology And Laboratory Capacity For Prevention And Control Of Emerging Infectious Diseases (Elc)","N/A - Departmental Authority","","","","","2025-03-29"
"CDC","NU50CK000523","19NU50CK000523CV","Maine St. Department Of Health And Human Services","2025-03-24","957886.00","687836.85","","270049.15","2019 Epidemiology And Laboratory Capacity For Prevention And Control Of Emerging Infectious Diseases (Elc)","N/A - Departmental Authority","","","","","2025-03-29"
"CDC","NU50CK000523","19NU50CK000523EDEXC5","Maine St. Department Of Health And Human Services","2025-03-24","77370669.00","30359321.81","","47011347.19","2019 Epidemiology And Laboratory Capacity For Prevention And Control Of Emerging Infectious Diseases (Elc)","N/A - Departmental Authority","","","","","2025-03-29"
"CDC","NU50CK000524","19NU50CK000524C3","Ct St Dept Of Public Health","2025-03-24","7942523.00","7043312.11","","899210.89","2019 Epidemiology And Laboratory Capacity For Prevention And Control Of Emerging Infectious Diseases (Elc)","N/A - Departmental Authority","","","","","2025-03-29"
"CDC","NU50CK000524","19NU50CK000524C4","Ct St Dept Of Public Health","2025-03-24","182633998.00","125765296.88","","56868701.12","2019 Epidemiology And Laboratory Capacity For Prevention And Control Of Emerging Infectious Diseases (Elc)","N/A - Departmental Authority","","","","","2025-03-29"
"CDC","NU50CK000524","19NU50CK000524CV","Ct St Dept Of Public Health","2025-03-24","1827168.00","1518103.58","","309064.42","2019 Epidemiology And Laboratory Capacity For Prevention And Control Of Emerging Infectious Diseases (Elc)","N/A - Departmental Authority","","","","","2025-03-29"
"CDC","NU50CK000524","19NU50CK000524EDEXC5","Ct St Dept Of Public Health","2025-03-24","205212155.00","103730407.10","","101481747.90","2019 Epidemiology And Laboratory Capacity For Prevention And Control Of Emerging Infectious Diseases (Elc)","N/A - Departmental Authority","","","","","2025-03-29"
"CDC","NU50CK000525","19NU50CK000525C3","Nj St Department Of Health And Senior Services","2025-03-24","15800178.00","14569802.65","","1230375.35","2019 Epidemiology And Laboratory Capacity For Prevention And Control Of Emerging Infectious Diseases (Elc)","N/A - Departmental Authority","","","","","2025-03-29"
"CDC","NU50CK000525","19NU50CK000525C4","Nj St Department Of Health And Senior Services","2025-03-24","613790442.00","457567004.09","","156223437.91","2019 Epidemiology And Laboratory Capacity For Prevention And Control Of Emerging Infectious Diseases (Elc)","N/A - Departmental Authority","","","","","2025-03-29"
"CDC","NU50CK000525","19NU50CK000525CV","Nj St Department Of Health And Senior Services","2025-03-24","1895237.00","907455.48","","987781.52","2019 Epidemiology And Laboratory Capacity For Prevention And Control Of Emerging Infectious Diseases (Elc)","N/A - Departmental Authority","","","","","2025-03-29"
"CDC","NU50CK000525","19NU50CK000525EDEXC5","Nj St Department Of Health And Senior Services","2025-03-24","511244494.00","225520732.93","","285723761.07","2019 Epidemiology And Laboratory Capacity For Prevention And Control Of Emerging Infectious Diseases (Elc)","N/A - Departmental Authority","","","","","2025-03-29"
"CDC","NU50CK000525","19NU50CK000525MISCCV","Nj St Department Of Health And Senior Services","2025-03-24","237337.00","99711.97","","137625.03","2019 Epidemiology And Laboratory Capacity For Prevention And Control Of Emerging Infectious Diseases (Elc)","N/A - Departmental Authority","","","","","2025-03-29"
"CDC","NU50CK000525","19NU50CK000525SHP2C5","Nj St Department Of Health And Senior Services","2025-03-24","1076722.00","50000.00","","1026722.00","2019 Epidemiology And Laboratory Capacity For Prevention And Control Of Emerging Infectious Diseases (Elc)","N/A - Departmental Authority","","","","","2025-03-29"
"CDC","NU50CK000526","19NU50CK000526C4","Departamento De Salud Oficial","2025-03-24","68654541.00","54520098.80","","14134442.20","2019 Epidemiology And Laboratory Capacity For Prevention And Control Of Emerging Infectious Diseases (Elc)","N/A - Departmental Authority","","","","","2025-03-29"
"CDC","NU50CK000526","19NU50CK000526CV","Departamento De Salud Oficial","2025-03-24","744267.00","478752.47","","265514.53","2019 Epidemiology And Laboratory Capacity For Prevention And Control Of Emerging Infectious Diseases (Elc)","N/A - Departmental Authority","","","","","2025-03-29"
"CDC","NU50CK000526","19NU50CK000526EDEXC5","Departamento De Salud Oficial","2025-03-24","183823862.00","176338674.41","","7485187.59","2019 Epidemiology And Laboratory Capacity For Prevention And Control Of Emerging Infectious Diseases (Elc)","N/A - Departmental Authority","","","","","2025-03-29"
"CDC","NU50CK000527","19NU50CK000527C3","Health, Pennsylvania Department Of","2025-03-24","18975018.00","14086102.51","","4888915.49","2019 Epidemiology And Laboratory Capacity For Prevention And Control Of Emerging Infectious Diseases (Elc)","N/A - Departmental Authority","","","","","2025-03-29"
"CDC","NU50CK000527","19NU50CK000527C4","Health, Pennsylvania Department Of","2025-03-24","301036686.00","179371205.35","","121665480.65","2019 Epidemiology And Laboratory Capacity For Prevention And Control Of Emerging Infectious Diseases (Elc)","N/A - Departmental Authority","","","","","2025-03-29"
"CDC","NU50CK000527","19NU50CK000527CV","Health, Pennsylvania Department Of","2025-03-24","2366742.00","1932445.21","","434296.79","2019 Epidemiology And Laboratory Capacity For Prevention And Control Of Emerging Infectious Diseases (Elc)","N/A - Departmental Authority","","","","","2025-03-29"
"CDC","NU50CK000527","19NU50CK000527EDEXC5","Health, Pennsylvania Department Of","2025-03-24","645685624.00","335133439.73","","310552184.27","2019 Epidemiology And Laboratory Capacity For Prevention And Control Of Emerging Infectious Diseases (Elc)","N/A - Departmental Authority","","","","","2025-03-29"
"CDC","NU50CK000527","19NU50CK000527JKOWC3","Health, Pennsylvania Department Of","2025-03-24","462866.00","290959.26","","171906.74","2019 Epidemiology And Laboratory Capacity For Prevention And Control Of Emerging Infectious Diseases (Elc)","N/A - Departmental Authority","","","","","2025-03-29"
"CDC","NU50CK000527","19NU50CK000527SHP2C5","Health, Pennsylvania Department Of","2025-03-24","1161185.00","","","1161185.00","2019 Epidemiology And Laboratory Capacity For Prevention And Control Of Emerging Infectious Diseases (Elc)","N/A - Departmental Authority","","","","","2025-03-29"
"CDC","NU50CK000528","19NU50CK000528EDEXC5","Tn St Department Of Health","2025-03-24","393076212.00","214241373.37","","178834838.63","2019 Epidemiology And Laboratory Capacity For Prevention And Control Of Emerging Infectious Diseases (Elc)","N/A - Departmental Authority","","","","","2025-03-29"
"CDC","NU50CK000529","19NU50CK000529C3","State Of Georgia Department Of Public Health","2025-03-24","16747206.00","12633460.61","","4113745.39","2019 Epidemiology And Laboratory Capacity For Prevention And Control Of Emerging Infectious Diseases (Elc)","N/A - Departmental Authority","","","","","2025-03-29"
"CDC","NU50CK000529","19NU50CK000529CV","State Of Georgia Department Of Public Health","2025-03-24","1678258.00","1399863.84","","278394.16","2019 Epidemiology And Laboratory Capacity For Prevention And Control Of Emerging Infectious Diseases (Elc)","N/A - Departmental Authority","","","","","2025-03-29"
"CDC","NU50CK000529","19NU50CK000529EDEXC5","State Of Georgia Department Of Public Health","2025-03-24","611121699.00","320529124.47","","290592574.53","2019 Epidemiology And Laboratory Capacity For Prevention And Control Of Emerging Infectious Diseases (Elc)","N/A - Departmental Authority","","","","","2025-03-29"
"CDC","NU50CK000529","19NU50CK000529JKOWC3","State Of Georgia Department Of Public Health","2025-03-24","355876.00","253756.67","","102119.33","2019 Epidemiology And Laboratory Capacity For Prevention And Control Of Emerging Infectious Diseases (Elc)","N/A - Departmental Authority","","","","","2025-03-29"
"CDC","NU50CK000530","19NU50CK000530C3","State Of North Carolina Department Of Health & Human Se","2025-03-24","15656128.00","14328294.51","","1327833.49","2019 Epidemiology And Laboratory Capacity For Prevention And Control Of Emerging Infectious Diseases (Elc)","N/A - Departmental Authority","","","","","2025-03-29"
"CDC","NU50CK000530","19NU50CK000530C4","State Of North Carolina Department Of Health & Human Se","2025-03-24","188951581.00","159982867.04","","28968713.96","2019 Epidemiology And Laboratory Capacity For Prevention And Control Of Emerging Infectious Diseases (Elc)","N/A - Departmental Authority","","","","","2025-03-29"
"CDC","NU50CK000530","19NU50CK000530CV","State Of North Carolina Department Of Health & Human Se","2025-03-24","1683568.00","670614.31","","1012953.69","2019 Epidemiology And Laboratory Capacity For Prevention And Control Of Emerging Infectious Diseases (Elc)","N/A - Departmental Authority","","","","","2025-03-29"
"CDC","NU50CK000530","19NU50CK000530EDEXC5","State Of North Carolina Department Of Health & Human Se","2025-03-24","603677156.00","519473177.03","","84203978.97","2019 Epidemiology And Laboratory Capacity For Prevention And Control Of Emerging Infectious Diseases (Elc)","N/A - Departmental Authority","","","","","2025-03-29"
"CDC","NU50CK000530","19NU50CK000530MISCCV","State Of North Carolina Department Of Health & Human Se","2025-03-24","134701.00","","","134701.00","2019 Epidemiology And Laboratory Capacity For Prevention And Control Of Emerging Infectious Diseases (Elc)","N/A - Departmental Authority","","","","","2025-03-29"
"CDC","NU50CK000531","19NU50CK000531C4","Gu Department Of Public Health & Social Service","2025-03-24","5611957.00","5297588.08","","314368.92","2019 Epidemiology And Laboratory Capacity For Prevention And Control Of Emerging Infectious Diseases (Elc)","N/A - Departmental Authority","","","","","2025-03-29"
"CDC","NU50CK000531","19NU50CK000531EDEXC5","Gu Department Of Public Health & Social Service","2025-03-24","9698588.00","6833039.77","","2865548.23","2019 Epidemiology And Laboratory Capacity For Prevention And Control Of Emerging Infectious Diseases (Elc)","N/A - Departmental Authority","","","","","2025-03-29"
"CDC","NU50CK000532","19NU50CK000532C3","La St Dept Of Hlth & Hospitals, Office Of Public Health","2025-03-24","8772294.00","8076041.42","","696252.58","2019 Epidemiology And Laboratory Capacity For Prevention And Control Of Emerging Infectious Diseases (Elc)","N/A - Departmental Authority","","","","","2025-03-29"
"CDC","NU50CK000532","19NU50CK000532C4","La St Dept Of Hlth & Hospitals, Office Of Public Health","2025-03-24","190781430.00","189784705.36","","996724.64","2019 Epidemiology And Laboratory Capacity For Prevention And Control Of Emerging Infectious Diseases (Elc)","N/A - Departmental Authority","","","","","2025-03-29"
"CDC","NU50CK000532","19NU50CK000532CV","La St Dept Of Hlth & Hospitals, Office Of Public Health","2025-03-24","1419308.00","1060185.26","","359122.74","2019 Epidemiology And Laboratory Capacity For Prevention And Control Of Emerging Infectious Diseases (Elc)","N/A - Departmental Authority","","","","","2025-03-29"
"CDC","NU50CK000532","19NU50CK000532EDEXC5","La St Dept Of Hlth & Hospitals, Office Of Public Health","2025-03-24","267577065.00","229157981.59","","38419083.41","2019 Epidemiology And Laboratory Capacity For Prevention And Control Of Emerging Infectious Diseases (Elc)","N/A - Departmental Authority","","","","","2025-03-29"
"CDC","NU50CK000533","19NU50CK000533C4","Republic Of Palau, Bureau Of Health Sevices","2025-03-24","3556285.00","2735745.27","","820539.73","2019 Epidemiology And Laboratory Capacity For Prevention And Control Of Emerging Infectious Diseases (Elc)","N/A - Departmental Authority","","","","","2025-03-29"
"CDC","NU50CK000533","19NU50CK000533EDEXC5","Republic Of Palau, Bureau Of Health Sevices","2025-03-24","1249017.00","495257.99","","753759.01","2019 Epidemiology And Laboratory Capacity For Prevention And Control Of Emerging Infectious Diseases (Elc)","N/A - Departmental Authority","","","","","2025-03-29"
"CDC","NU50CK000534","19NU50CK000534C4","Wi St Department Of Health & Social Services","2025-03-24","137077934.00","113258157.89","","23819776.11","2019 Epidemiology And Laboratory Capacity For Prevention And Control Of Emerging Infectious Diseases (Elc)","N/A - Departmental Authority","","","","","2025-03-29"
"CDC","NU50CK000534","19NU50CK000534EDEXC5","Wi St Department Of Health & Social Services","2025-03-24","335129886.00","176950838.14","","158179047.86","2019 Epidemiology And Laboratory Capacity For Prevention And Control Of Emerging Infectious Diseases (Elc)","N/A - Departmental Authority","","","","","2025-03-29"
"CDC","NU50CK000534","19NU50CK000534JKOWC3","Wi St Department Of Health & Social Services","2025-03-24","239539.00","64665.15","","174873.85","2019 Epidemiology And Laboratory Capacity For Prevention And Control Of Emerging Infectious Diseases (Elc)","N/A - Departmental Authority","","","","","2025-03-29"
"CDC","NU50CK000535","19NU50CK000535C3","Ok St Department Of Health","2025-03-24","7693590.00","5522287.82","","2171302.18","2019 Epidemiology And Laboratory Capacity For Prevention And Control Of Emerging Infectious Diseases (Elc)","N/A - Departmental Authority","","","","","2025-03-29"
"CDC","NU50CK000535","19NU50CK000535C4","Ok St Department Of Health","2025-03-24","87763575.00","56146057.79","","31617517.21","2019 Epidemiology And Laboratory Capacity For Prevention And Control Of Emerging Infectious Diseases (Elc)","N/A - Departmental Authority","","","","","2025-03-29"
"CDC","NU50CK000535","19NU50CK000535CV","Ok St Department Of Health","2025-03-24","1026560.00","33826.55","","992733.45","2019 Epidemiology And Laboratory Capacity For Prevention And Control Of Emerging Infectious Diseases (Elc)","N/A - Departmental Authority","","","","","2025-03-29"
"CDC","NU50CK000535","19NU50CK000535EDEXC5","Ok St Department Of Health","2025-03-24","227756852.00","46860789.30","","180896062.70","2019 Epidemiology And Laboratory Capacity For Prevention And Control Of Emerging Infectious Diseases (Elc)","N/A - Departmental Authority","","","","","2025-03-29"
"CDC","NU50CK000536","19NU50CK000536C4","Utah Department Of Health And Human Services","2025-03-24","87419266.00","85590665.85","","1828600.15","2019 Epidemiology And Laboratory Capacity For Prevention And Control Of Emerging Infectious Diseases (Elc)","N/A - Departmental Authority","","","","","2025-03-29"
"CDC","NU50CK000536","19NU50CK000536EDEXC5","Utah Department Of Health And Human Services","2025-03-24","184529758.00","98202314.85","","86327443.15","2019 Epidemiology And Laboratory Capacity For Prevention And Control Of Emerging Infectious Diseases (Elc)","N/A - Departmental Authority","","","","","2025-03-29"
"CDC","NU50CK000536","19NU50CK000536JKOWC3","Utah Department Of Health And Human Services","2025-03-24","540416.00","437476.20","","102939.80","2019 Epidemiology And Laboratory Capacity For Prevention And Control Of Emerging Infectious Diseases (Elc)","N/A - Departmental Authority","","","","","2025-03-29"
"CDC","NU50CK000537","19NU50CK000537C4","As Department Of Health","2025-03-24","3909524.00","3593831.77","","315692.23","2019 Epidemiology And Laboratory Capacity For Prevention And Control Of Emerging Infectious Diseases (Elc)","N/A - Departmental Authority","","","","","2025-03-29"
"CDC","NU50CK000537","19NU50CK000537EDEXC5","As Department Of Health","2025-03-24","2843384.00","2244549.33","","598834.67","2019 Epidemiology And Laboratory Capacity For Prevention And Control Of Emerging Infectious Diseases (Elc)","N/A - Departmental Authority","","","","","2025-03-29"
"CDC","NU50CK000538","19NU50CK000538C3","Arkansas Department Of Health","2025-03-24","7194830.00","6369988.24","","824841.76","2019 Epidemiology And Laboratory Capacity For Prevention And Control Of Emerging Infectious Diseases (Elc)","N/A - Departmental Authority","","","","","2025-03-29"
"CDC","NU50CK000538","19NU50CK000538C4","Arkansas Department Of Health","2025-03-24","78177470.00","51325219.52","","26852250.48","2019 Epidemiology And Laboratory Capacity For Prevention And Control Of Emerging Infectious Diseases (Elc)","N/A - Departmental Authority","","","","","2025-03-29"
"CDC","NU50CK000538","19NU50CK000538CV","Arkansas Department Of Health","2025-03-24","1120813.00","914833.98","","205979.02","2019 Epidemiology And Laboratory Capacity For Prevention And Control Of Emerging Infectious Diseases (Elc)","N/A - Departmental Authority","","","","","2025-03-29"
"CDC","NU50CK000538","19NU50CK000538EDEXC5","Arkansas Department Of Health","2025-03-24","173699918.00","99631899.71","","74068018.29","2019 Epidemiology And Laboratory Capacity For Prevention And Control Of Emerging Infectious Diseases (Elc)","N/A - Departmental Authority","","","","","2025-03-29"
"CDC","NU50CK000539","19NU50CK000539C3","Public Health Foundation Enterprises, Inc","2025-03-24","42710594.00","38430549.26","","4280044.74","2019 Epidemiology And Laboratory Capacity For Prevention And Control Of Emerging Infectious Diseases (Elc)","N/A - Departmental Authority","","","","","2025-03-29"
"CDC","NU50CK000539","19NU50CK000539C4","Public Health Foundation Enterprises, Inc","2025-03-24","499203180.00","449867245.48","","49335934.52","2019 Epidemiology And Laboratory Capacity For Prevention And Control Of Emerging Infectious Diseases (Elc)","N/A - Departmental Authority","","","","","2025-03-29"
"CDC","NU50CK000539","19NU50CK000539CV","Public Health Foundation Enterprises, Inc","2025-03-24","4694724.00","3343009.88","","1351714.12","2019 Epidemiology And Laboratory Capacity For Prevention And Control Of Emerging Infectious Diseases (Elc)","N/A - Departmental Authority","","","","","2025-03-29"
"CDC","NU50CK000539","19NU50CK000539EDEXC5","Public Health Foundation Enterprises, Inc","2025-03-24","1696424899.00","1214041174.59","","482383724.41","2019 Epidemiology And Laboratory Capacity For Prevention And Control Of Emerging Infectious Diseases (Elc)","N/A - Departmental Authority","","","","","2025-03-29"
"CDC","NU50CK000539","19NU50CK000539SHP2C5","Public Health Foundation Enterprises, Inc","2025-03-24","1821313.00","","","1821313.00","2019 Epidemiology And Laboratory Capacity For Prevention And Control Of Emerging Infectious Diseases (Elc)","N/A - Departmental Authority","","","","","2025-03-29"
"CDC","NU50CK000540","19NU50CK000540C4","Wy St Department Of Health","2025-03-24","50390551.00","47044729.45","","3345821.55","2019 Epidemiology And Laboratory Capacity For Prevention And Control Of Emerging Infectious Diseases (Elc)","N/A - Departmental Authority","","","","","2025-03-29"
"CDC","NU50CK000540","19NU50CK000540EDEXC5","Wy St Department Of Health","2025-03-24","33312432.00","27588376.92","","5724055.08","2019 Epidemiology And Laboratory Capacity For Prevention And Control Of Emerging Infectious Diseases (Elc)","N/A - Departmental Authority","","","","","2025-03-29"
"CDC","NU50CK000541","19NU50CK000541C4","Or St Department Of Human Resources, Health Division","2025-03-24","86954065.00","72076017.79","","14878047.21","2019 Epidemiology And Laboratory Capacity For Prevention And Control Of Emerging Infectious Diseases (Elc)","N/A - Departmental Authority","","","","","2025-03-29"
"CDC","NU50CK000541","19NU50CK000541CV","Or St Department Of Human Resources, Health Division","2025-03-24","1138385.00","609209.61","","529175.39","2019 Epidemiology And Laboratory Capacity For Prevention And Control Of Emerging Infectious Diseases (Elc)","N/A - Departmental Authority","","","","","2025-03-29"
"CDC","NU50CK000541","19NU50CK000541EDEXC5","Or St Department Of Human Resources, Health Division","2025-03-24","242766122.00","191735947.03","","51030174.97","2019 Epidemiology And Laboratory Capacity For Prevention And Control Of Emerging Infectious Diseases (Elc)","N/A - Departmental Authority","","","","","2025-03-29"
"CDC","NU50CK000541","19NU50CK000541SHP2C5","Or St Department Of Human Resources, Health Division","2025-03-24","6254911.00","145307.56","","6109603.44","2019 Epidemiology And Laboratory Capacity For Prevention And Control Of Emerging Infectious Diseases (Elc)","N/A - Departmental Authority","","","","","2025-03-29"
"CDC","NU50CK000542","19NU50CK000542C3","South Carolina Department Of Public Health","2025-03-24","10317925.00","5910062.26","","4407862.74","2019 Epidemiology And Laboratory Capacity For Prevention And Control Of Emerging Infectious Diseases (Elc)","N/A - Departmental Authority","","","","","2025-03-29"
"CDC","NU50CK000542","19NU50CK000542C4","South Carolina Department Of Public Health","2025-03-24","118690218.00","107913936.89","","10776281.11","2019 Epidemiology And Laboratory Capacity For Prevention And Control Of Emerging Infectious Diseases (Elc)","N/A - Departmental Authority","","","","","2025-03-29"
"CDC","NU50CK000542","19NU50CK000542CV","South Carolina Department Of Public Health","2025-03-24","1144102.00","805693.70","","338408.30","2019 Epidemiology And Laboratory Capacity For Prevention And Control Of Emerging Infectious Diseases (Elc)","N/A - Departmental Authority","","","","","2025-03-29"
"CDC","NU50CK000542","19NU50CK000542EDEXC5","South Carolina Department Of Public Health","2025-03-24","296351652.00","244769219.94","","51582432.06","2019 Epidemiology And Laboratory Capacity For Prevention And Control Of Emerging Infectious Diseases (Elc)","N/A - Departmental Authority","","","","","2025-03-29"
"CDC","NU50CK000542","19NU50CK000542JKOWC3","South Carolina Department Of Public Health","2025-03-24","231076.00","40954.42","","190121.58","2019 Epidemiology And Laboratory Capacity For Prevention And Control Of Emerging Infectious Diseases (Elc)","N/A - Departmental Authority","","","","","2025-03-29"
"CDC","NU50CK000543","19NU50CK000543C3","State Of Ohio - Department Of Health","2025-03-24","17606642.00","12711530.67","","4895111.33","2019 Epidemiology And Laboratory Capacity For Prevention And Control Of Emerging Infectious Diseases (Elc)","N/A - Departmental Authority","","","","","2025-03-29"
"CDC","NU50CK000543","19NU50CK000543C4","State Of Ohio - Department Of Health","2025-03-24","238389482.00","206601517.46","","31787964.54","2019 Epidemiology And Laboratory Capacity For Prevention And Control Of Emerging Infectious Diseases (Elc)","N/A - Departmental Authority","","","","","2025-03-29"
"CDC","NU50CK000543","19NU50CK000543CV","State Of Ohio - Department Of Health","2025-03-24","1885500.00","712962.34","","1172537.66","2019 Epidemiology And Laboratory Capacity For Prevention And Control Of Emerging Infectious Diseases (Elc)","N/A - Departmental Authority","","","","","2025-03-29"
"CDC","NU50CK000543","19NU50CK000543EDEXC5","State Of Ohio - Department Of Health","2025-03-24","672805694.00","452061800.40","","220743893.60","2019 Epidemiology And Laboratory Capacity For Prevention And Control Of Emerging Infectious Diseases (Elc)","N/A - Departmental Authority","","","","","2025-03-29"
"CDC","NU50CK000543","19NU50CK000543SHP2C5","State Of Ohio - Department Of Health","2025-03-24","1178224.00","105584.50","","1072639.50","2019 Epidemiology And Laboratory Capacity For Prevention And Control Of Emerging Infectious Diseases (Elc)","N/A - Departmental Authority","","","","","2025-03-29"
"CDC","NU50CK000544","19NU50CK000544C3","Id St Dept Of Health & Welfare","2025-03-24","5125000.00","4792285.45","","332714.55","2019 Epidemiology And Laboratory Capacity For Prevention And Control Of Emerging Infectious Diseases (Elc)","N/A - Departmental Authority","","","","","2025-03-29"
"CDC","NU50CK000544","19NU50CK000544C4","Id St Dept Of Health & Welfare","2025-03-24","55830418.00","33546814.39","","22283603.61","2019 Epidemiology And Laboratory Capacity For Prevention And Control Of Emerging Infectious Diseases (Elc)","N/A - Departmental Authority","","","","","2025-03-29"
"CDC","NU50CK000544","19NU50CK000544CV","Id St Dept Of Health & Welfare","2025-03-24","882883.00","402285.15","","480597.85","2019 Epidemiology And Laboratory Capacity For Prevention And Control Of Emerging Infectious Diseases (Elc)","N/A - Departmental Authority","","","","","2025-03-29"
"CDC","NU50CK000544","19NU50CK000544EDEXC5","Id St Dept Of Health & Welfare","2025-03-24","102860572.00","35411383.82","","67449188.18","2019 Epidemiology And Laboratory Capacity For Prevention And Control Of Emerging Infectious Diseases (Elc)","N/A - Departmental Authority","","","","","2025-03-29"
"CDC","NU50CK000545","19NU50CK000545C3","Al St Department Of Public Health","2025-03-24","9154221.00","8850875.84","","303345.16","2019 Epidemiology And Laboratory Capacity For Prevention And Control Of Emerging Infectious Diseases (Elc)","N/A - Departmental Authority","","","","","2025-03-29"
"CDC","NU50CK000545","19NU50CK000545C4","Al St Department Of Public Health","2025-03-24","115136474.00","83983755.94","","31152718.06","2019 Epidemiology And Laboratory Capacity For Prevention And Control Of Emerging Infectious Diseases (Elc)","N/A - Departmental Authority","","","","","2025-03-29"
"CDC","NU50CK000545","19NU50CK000545EDEXC5","Al St Department Of Public Health","2025-03-24","282219400.00","125227991.29","","156991408.71","2019 Epidemiology And Laboratory Capacity For Prevention And Control Of Emerging Infectious Diseases (Elc)","N/A - Departmental Authority","","","","","2025-03-29"
"CDC","NU50CK000546","19NU50CK000546C3","Mo St Department Of Health & Senior Services","2025-03-24","11279878.00","10415275.16","","864602.84","2019 Epidemiology And Laboratory Capacity For Prevention And Control Of Emerging Infectious Diseases (Elc)","N/A - Departmental Authority","","","","","2025-03-29"
"CDC","NU50CK000546","19NU50CK000546C4","Mo St Department Of Health & Senior Services","2025-03-24","135344714.00","89926918.22","","45417795.78","2019 Epidemiology And Laboratory Capacity For Prevention And Control Of Emerging Infectious Diseases (Elc)","N/A - Departmental Authority","","","","","2025-03-29"
"CDC","NU50CK000546","19NU50CK000546CV","Mo St Department Of Health & Senior Services","2025-03-24","1089417.00","942266.33","","147150.67","2019 Epidemiology And Laboratory Capacity For Prevention And Control Of Emerging Infectious Diseases (Elc)","N/A - Departmental Authority","","","","","2025-03-29"
"CDC","NU50CK000546","19NU50CK000546EDEXC5","Mo St Department Of Health & Senior Services","2025-03-24","353260431.00","140709746.15","","212550684.85","2019 Epidemiology And Laboratory Capacity For Prevention And Control Of Emerging Infectious Diseases (Elc)","N/A - Departmental Authority","","","","","2025-03-29"
"CDC","NU50CK000547","19NU50CK000547C3","Health And Human Services, Nebraska Department Of","2025-03-24","5479627.00","3593881.84","","1885745.16","2019 Epidemiology And Laboratory Capacity For Prevention And Control Of Emerging Infectious Diseases (Elc)","N/A - Departmental Authority","","","","","2025-03-29"
"CDC","NU50CK000547","19NU50CK000547CV","Health And Human Services, Nebraska Department Of","2025-03-24","1120505.00","810320.68","","310184.32","2019 Epidemiology And Laboratory Capacity For Prevention And Control Of Emerging Infectious Diseases (Elc)","N/A - Departmental Authority","","","","","2025-03-29"
"CDC","NU50CK000547","19NU50CK000547EDEXC5","Health And Human Services, Nebraska Department Of","2025-03-24","111341396.00","56478026.00","","54863370.00","2019 Epidemiology And Laboratory Capacity For Prevention And Control Of Emerging Infectious Diseases (Elc)","N/A - Departmental Authority","","","","","2025-03-29"
"CDC","NU50CK000547","19NU50CK000547JKOWC3","Health And Human Services, Nebraska Department Of","2025-03-24","468645.00","360299.35","","108345.65","2019 Epidemiology And Laboratory Capacity For Prevention And Control Of Emerging Infectious Diseases (Elc)","N/A - Departmental Authority","","","","","2025-03-29"
"CDC","NU50CK000548","19NU50CK000548C3","Department Of Health New Mexico","2025-03-24","6690183.00","5553070.29","","1137112.71","2019 Epidemiology And Laboratory Capacity For Prevention And Control Of Emerging Infectious Diseases (Elc)","N/A - Departmental Authority","","","","","2025-03-29"
"CDC","NU50CK000548","19NU50CK000548C4","Department Of Health New Mexico","2025-03-24","77283762.00","75710837.83","","1572924.17","2019 Epidemiology And Laboratory Capacity For Prevention And Control Of Emerging Infectious Diseases (Elc)","N/A - Departmental Authority","","","","","2025-03-29"
"CDC","NU50CK000548","19NU50CK000548EDEXC5","Department Of Health New Mexico","2025-03-24","120690087.00","75664425.46","","45025661.54","2019 Epidemiology And Laboratory Capacity For Prevention And Control Of Emerging Infectious Diseases (Elc)","N/A - Departmental Authority","","","","","2025-03-29"
"CDC","NU50CK000548","19NU50CK000548SHP2C5","Department Of Health New Mexico","2025-03-24","831356.00","196377.00","","634979.00","2019 Epidemiology And Laboratory Capacity For Prevention And Control Of Emerging Infectious Diseases (Elc)","N/A - Departmental Authority","","","","","2025-03-29"
"CDC","NU50CK000549","19NU50CK000549C4","Ks St Department Of Health & Environment","2025-03-24","81278558.00","74819042.43","","6459515.57","2019 Epidemiology And Laboratory Capacity For Prevention And Control Of Emerging Infectious Diseases (Elc)","N/A - Departmental Authority","","","","","2025-03-29"
"CDC","NU50CK000549","19NU50CK000549EDEXC5","Ks St Department Of Health & Environment","2025-03-24","167685643.00","167084904.04","","600738.96","2019 Epidemiology And Laboratory Capacity For Prevention And Control Of Emerging Infectious Diseases (Elc)","N/A - Departmental Authority","","","","","2025-03-29"
"CDC","NU50CK000549","19NU50CK000549SHP2C5","Ks St Department Of Health & Environment","2025-03-24","860881.00","55401.41","","805479.59","2019 Epidemiology And Laboratory Capacity For Prevention And Control Of Emerging Infectious Diseases (Elc)","N/A - Departmental Authority","","","","","2025-03-29"
"CDC","NU50CK000550","19NU50CK000550C3","Ms St Department Of Health","2025-03-24","6627773.00","5739281.46","","888491.54","2019 Epidemiology And Laboratory Capacity For Prevention And Control Of Emerging Infectious Diseases (Elc)","N/A - Departmental Authority","","","","","2025-03-29"
"CDC","NU50CK000550","19NU50CK000550C4","Ms St Department Of Health","2025-03-24","91086258.00","60143475.02","","30942782.98","2019 Epidemiology And Laboratory Capacity For Prevention And Control Of Emerging Infectious Diseases (Elc)","N/A - Departmental Authority","","","","","2025-03-29"
"CDC","NU50CK000550","19NU50CK000550EDEXC5","Ms St Department Of Health","2025-03-24","171302324.00","53454135.13","","117848188.87","2019 Epidemiology And Laboratory Capacity For Prevention And Control Of Emerging Infectious Diseases (Elc)","N/A - Departmental Authority","","","","","2025-03-29"
"CDC","NU50CK000551","19NU50CK000551C3","West Virginia State Health Department","2025-03-24","5606448.00","5439256.29","","167191.71","2019 Epidemiology And Laboratory Capacity For Prevention And Control Of Emerging Infectious Diseases (Elc)","N/A - Departmental Authority","","","","","2025-03-29"
"CDC","NU50CK000551","19NU50CK000551C4","West Virginia State Health Department","2025-03-24","57211926.00","55916038.74","","1295887.26","2019 Epidemiology And Laboratory Capacity For Prevention And Control Of Emerging Infectious Diseases (Elc)","N/A - Departmental Authority","","","","","2025-03-29"
"CDC","NU50CK000551","19NU50CK000551CV","West Virginia State Health Department","2025-03-24","903200.00","737913.71","","165286.29","2019 Epidemiology And Laboratory Capacity For Prevention And Control Of Emerging Infectious Diseases (Elc)","N/A - Departmental Authority","","","","","2025-03-29"
"CDC","NU50CK000551","19NU50CK000551EDEXC5","West Virginia State Health Department","2025-03-24","103153083.00","97609087.08","","5543995.92","2019 Epidemiology And Laboratory Capacity For Prevention And Control Of Emerging Infectious Diseases (Elc)","N/A - Departmental Authority","","","","","2025-03-29"
"CDC","NU50CK000551","19NU50CK000551SHP2C5","West Virginia State Health Department","2025-03-24","820338.00","","","820338.00","2019 Epidemiology And Laboratory Capacity For Prevention And Control Of Emerging Infectious Diseases (Elc)","N/A - Departmental Authority","","","","","2025-03-29"
"CDC","NU50CK000552","19NU50CK000552C3","Public Health And Environment, Colorado Department Of","2025-03-24","10468137.00","6463143.69","","4004993.31","2019 Epidemiology And Laboratory Capacity For Prevention And Control Of Emerging Infectious Diseases (Elc)","N/A - Departmental Authority","","","","","2025-03-29"
"CDC","NU50CK000552","19NU50CK000552C4","Public Health And Environment, Colorado Department Of","2025-03-24","159509879.00","134229713.20","","25280165.80","2019 Epidemiology And Laboratory Capacity For Prevention And Control Of Emerging Infectious Diseases (Elc)","N/A - Departmental Authority","","","","","2025-03-29"
"CDC","NU50CK000552","19NU50CK000552EDEXC5","Public Health And Environment, Colorado Department Of","2025-03-24","331463532.00","203904989.88","","127558542.12","2019 Epidemiology And Laboratory Capacity For Prevention And Control Of Emerging Infectious Diseases (Elc)","N/A - Departmental Authority","","","","","2025-03-29"
"CDC","NU50CK000553","19NU50CK000553C4","Hawaii Department Of Health","2025-03-24","50283598.00","26793733.34","","23489864.66","2019 Epidemiology And Laboratory Capacity For Prevention And Control Of Emerging Infectious Diseases (Elc)","N/A - Departmental Authority","","","","","2025-03-29"
"CDC","NU50CK000553","19NU50CK000553CV","Hawaii Department Of Health","2025-03-24","1960630.00","1251768.29","","708861.71","2019 Epidemiology And Laboratory Capacity For Prevention And Control Of Emerging Infectious Diseases (Elc)","N/A - Departmental Authority","","","","","2025-03-29"
"CDC","NU50CK000553","19NU50CK000553EDEXC5","Hawaii Department Of Health","2025-03-24","81495303.00","49048389.67","","32446913.33","2019 Epidemiology And Laboratory Capacity For Prevention And Control Of Emerging Infectious Diseases (Elc)","N/A - Departmental Authority","","","","","2025-03-29"
"CDC","NU50CK000553","19NU50CK000553SHP2C5","Hawaii Department Of Health","2025-03-24","1258867.00","","","1258867.00","2019 Epidemiology And Laboratory Capacity For Prevention And Control Of Emerging Infectious Diseases (Elc)","N/A - Departmental Authority","","","","","2025-03-29"
"CDC","NU50CK000554","19NU50CK000554C3","Health, Florida Department Of","2025-03-24","30535479.00","27844174.99","","2691304.01","2019 Epidemiology And Laboratory Capacity For Prevention And Control Of Emerging Infectious Diseases (Elc)","N/A - Departmental Authority","","","","","2025-03-29"
"CDC","NU50CK000554","19NU50CK000554C4","Health, Florida Department Of","2025-03-24","420883713.00","410879915.78","","10003797.22","2019 Epidemiology And Laboratory Capacity For Prevention And Control Of Emerging Infectious Diseases (Elc)","N/A - Departmental Authority","","","","","2025-03-29"
"CDC","NU50CK000554","19NU50CK000554EDEXC5","Health, Florida Department Of","2025-03-24","1236223812.00","754086815.51","","482136996.49","2019 Epidemiology And Laboratory Capacity For Prevention And Control Of Emerging Infectious Diseases (Elc)","N/A - Departmental Authority","","","","","2025-03-29"
"CDC","NU50CK000554","19NU50CK000554SNETCV","Health, Florida Department Of","2025-03-24","157684.00","","","157684.00","2019 Epidemiology And Laboratory Capacity For Prevention And Control Of Emerging Infectious Diseases (Elc)","N/A - Departmental Authority","","","","","2025-03-29"
"CDC","NU50CK000555","19NU50CK000555C4","Va St Department Of Health","2025-03-24","213081523.00","167286798.54","","45794724.46","2019 Epidemiology And Laboratory Capacity For Prevention And Control Of Emerging Infectious Diseases (Elc)","N/A - Departmental Authority","","","","","2025-03-29"
"CDC","NU50CK000555","19NU50CK000555CV","Va St Department Of Health","2025-03-24","1593604.00","1129391.99","","464212.01","2019 Epidemiology And Laboratory Capacity For Prevention And Control Of Emerging Infectious Diseases (Elc)","N/A - Departmental Authority","","","","","2025-03-29"
"CDC","NU50CK000555","19NU50CK000555EDEXC5","Va St Department Of Health","2025-03-24","491290671.00","346163540.63","","145127130.37","2019 Epidemiology And Laboratory Capacity For Prevention And Control Of Emerging Infectious Diseases (Elc)","N/A - Departmental Authority","","","","","2025-03-29"
"CDC","NU50CK000556","19NU50CK000556C3","Chicago, City Of","2025-03-24","10015194.00","8699357.81","","1315836.19","2019 Epidemiology And Laboratory Capacity For Prevention And Control Of Emerging Infectious Diseases (Elc)","N/A - Departmental Authority","","","","","2025-03-29"
"CDC","NU50CK000556","19NU50CK000556C4","Chicago, City Of","2025-03-24","187511371.00","148759474.91","","38751896.09","2019 Epidemiology And Laboratory Capacity For Prevention And Control Of Emerging Infectious Diseases (Elc)","N/A - Departmental Authority","","","","","2025-03-29"
"CDC","NU50CK000556","19NU50CK000556CV","Chicago, City Of","2025-03-24","1833298.00","1544038.77","","289259.23","2019 Epidemiology And Laboratory Capacity For Prevention And Control Of Emerging Infectious Diseases (Elc)","N/A - Departmental Authority","","","","","2025-03-29"
"CDC","NU50CK000556","19NU50CK000556EDEXC5","Chicago, City Of","2025-03-24","155060902.00","60648475.86","","94412426.14","2019 Epidemiology And Laboratory Capacity For Prevention And Control Of Emerging Infectious Diseases (Elc)","N/A - Departmental Authority","","","","","2025-03-29"
"CDC","NU50CK000557","19NU50CK000557C3","Houston City Health & Human Services Department","2025-03-24","5698500.00","4553586.62","","1144913.38","2019 Epidemiology And Laboratory Capacity For Prevention And Control Of Emerging Infectious Diseases (Elc)","N/A - Departmental Authority","","","","","2025-03-29"
"CDC","NU50CK000557","19NU50CK000557C4","Houston City Health & Human Services Department","2025-03-24","62239284.00","51769193.18","","10470090.82","2019 Epidemiology And Laboratory Capacity For Prevention And Control Of Emerging Infectious Diseases (Elc)","N/A - Departmental Authority","","","","","2025-03-29"
"CDC","NU50CK000557","19NU50CK000557EDEXC5","Houston City Health & Human Services Department","2025-03-24","133550932.00","101206333.34","","32344598.66","2019 Epidemiology And Laboratory Capacity For Prevention And Control Of Emerging Infectious Diseases (Elc)","N/A - Departmental Authority","","","","","2025-03-29"
"CDC","NU50CK000557","19NU50CK000557JKOWC3","Houston City Health & Human Services Department","2025-03-24","532483.00","364752.08","","167730.92","2019 Epidemiology And Laboratory Capacity For Prevention And Control Of Emerging Infectious Diseases (Elc)","N/A - Departmental Authority","","","","","2025-03-29"
"CDC","NU50CK000558","19NU50CK000558C4","Republic Of The Marshall Islands, Health Services","2025-03-24","3883209.00","2895708.23","","987500.77","2019 Epidemiology And Laboratory Capacity For Prevention And Control Of Emerging Infectious Diseases (Elc)","N/A - Departmental Authority","","","","","2025-03-29"
"CDC","NU50CK000558","19NU50CK000558EDEXC5","Republic Of The Marshall Islands, Health Services","2025-03-24","4483798.00","2184630.29","","2299167.71","2019 Epidemiology And Laboratory Capacity For Prevention And Control Of Emerging Infectious Diseases (Elc)","N/A - Departmental Authority","","","","","2025-03-29"
"CDC","NU50CK000559","19NU50CK000559C3","Il St Dept Of Public Health","2025-03-24","16596979.00","15951633.92","","645345.08","2019 Epidemiology And Laboratory Capacity For Prevention And Control Of Emerging Infectious Diseases (Elc)","N/A - Departmental Authority","","","","","2025-03-29"
"CDC","NU50CK000559","19NU50CK000559C4","Il St Dept Of Public Health","2025-03-24","286317362.00","243307242.00","","43010120.00","2019 Epidemiology And Laboratory Capacity For Prevention And Control Of Emerging Infectious Diseases (Elc)","N/A - Departmental Authority","","","","","2025-03-29"
"CDC","NU50CK000559","19NU50CK000559EDEXC5","Il St Dept Of Public Health","2025-03-24","574308625.00","249048683.86","","325259941.14","2019 Epidemiology And Laboratory Capacity For Prevention And Control Of Emerging Infectious Diseases (Elc)","N/A - Departmental Authority","","","","","2025-03-29"
"CDC","NU50CK000560","19NU50CK000560C3","Division Of Child And Family Services","2025-03-24","7550905.00","6375296.43","","1175608.57","2019 Epidemiology And Laboratory Capacity For Prevention And Control Of Emerging Infectious Diseases (Elc)","N/A - Departmental Authority","","","","","2025-03-29"
"CDC","NU50CK000560","19NU50CK000560C4","Division Of Child And Family Services","2025-03-24","88992134.00","70924597.01","","18067536.99","2019 Epidemiology And Laboratory Capacity For Prevention And Control Of Emerging Infectious Diseases (Elc)","N/A - Departmental Authority","","","","","2025-03-29"
"CDC","NU50CK000560","19NU50CK000560EDEXC5","Division Of Child And Family Services","2025-03-24","177288799.00","125277872.79","","52010926.21","2019 Epidemiology And Laboratory Capacity For Prevention And Control Of Emerging Infectious Diseases (Elc)","N/A - Departmental Authority","","","","","2025-03-29"
"CDC","NU50CK000560","19NU50CK000560SHP2C5","Division Of Child And Family Services","2025-03-24","866914.00","26989.71","","839924.29","2019 Epidemiology And Laboratory Capacity For Prevention And Control Of Emerging Infectious Diseases (Elc)","N/A - Departmental Authority","","","","","2025-03-29"
"CDC","NU50CK000562","20NU50CK000562C5","Public Health And Environment, Colorado Department Of","2025-03-24","1000000.00","896142.48","","103857.52","N/A","N/A - Departmental Authority","","","","","2025-03-29"
"CDC","NU50CK000567","20NU50CK000567C5","National Center For Farmworker Health, Inc","2025-03-24","14000000.00","10190000.00","","3810000.00","Improving Clinical And Public Health Outcomes Through National Partnerships To Prevent And Control Emerging And Re-Emerging Infectious Disease Threats","N/A - Departmental Authority","","","","","2025-03-29"
"CDC","NU50CK000569","20NU50CK000569C5","Centro De Los Derechos Del Migrante, Inc.","2025-03-24","2102000.00","1655130.32","","446869.68","Improving Clinical And Public Health Outcomes Through National Partnerships To Prevent And Control Emerging And Re-Emerging Infectious Disease Threats","N/A - Departmental Authority","","","","","2025-03-29"
"CDC","NU50CK000574","21NU50CK000574CV","Infectious Diseases Society Of America","2025-03-24","2000000.00","1850814.14","","149185.86","Improving Clinical And Public Health Outcomes Through National Partnerships To Prevent And Control Emerging And Re-Emerging Infectious Disease Threats","N/A - Departmental Authority","","","","","2025-03-29"
"CDC","NU50CK000578","21NU50CK000578C5","Alianza Americas","2025-03-24","7000000.00","6804463.21","","195536.79","Improving Clinical And Public Health Outcomes Through National Partnerships To Prevent And Control Emerging And Re-Emerging Infectious Disease Threats","N/A - Departmental Authority","","","","","2025-03-29"
"CDC","NU50CK000586","21NU50CK000586C6","Association Of American Medical Colleges","2025-03-24","750000.00","643022.39","","106977.61","Improving Clinical And Public Health Outcomes Through National Partnerships To Prevent And Control Emerging And Re-Emerging Infectious Disease Threats","N/A - Departmental Authority","","","","","2025-03-29"
"CDC","NU50CK000587","21NU50CK000587VAC5C6","National Association Of County And City Health Official","2025-03-24","7800000.00","6020000.00","","1780000.00","Improving Clinical And Public Health Outcomes Through National Partnerships To Prevent And Control Emerging And Re-Emerging Infectious Disease Threats","N/A - Departmental Authority","","","","","2025-03-29"
"CDC","NU3HCK000001","21NU3HCK000001C3","Johns Hopkins University","2025-03-24","1118592.00","200260.56","","918331.44","N/A","N/A - Departmental Authority","","","","","2025-03-29"
"CDC","NU3HCK000018","21NU3HCK000018C3","Health Security Partners","2025-03-24","4234371.00","2204789.64","","2029581.36","Global Healthcare Detection And Response","N/A - Departmental Authority","","","","","2025-03-29"
"CDC","NU50CK000614","22NU50CK000614C5","University Of California, Irvine","2025-03-24","1560000.00","488635.25","","1071364.75","Strengthening Healthcare Infection Prevention And Control And Improving Patient Safety In The United States - 2022","N/A - Departmental Authority","","","","","2025-03-29"
"CDC","NU50CK000615","22NU50CK000615C5","University Of Washington","2025-03-24","1930000.00","","","1930000.00","Strengthening Healthcare Infection Prevention And Control And Improving Patient Safety In The United States - 2022","N/A - Departmental Authority","","","","","2025-03-29"
"CDC","NU50CK000616","22NU50CK000616C5","Prisma Health-Midlands","2025-03-24","1950000.00","291627.29","","1658372.71","Strengthening Healthcare Infection Prevention And Control And Improving Patient Safety In The United States - 2022","N/A - Departmental Authority","","","","","2025-03-29"
"CDC","NU50CK000617","22NU50CK000617C5","Emory University","2025-03-24","4180000.00","713842.46","","3466157.54","Strengthening Healthcare Infection Prevention And Control And Improving Patient Safety In The United States - 2022","N/A - Departmental Authority","","","","","2025-03-29"
"CDC","NU50CK000618","22NU50CK000618C5","University Of South Florida","2025-03-24","2290000.00","91824.96","","2198175.04","Strengthening Healthcare Infection Prevention And Control And Improving Patient Safety In The United States - 2022","N/A - Departmental Authority","","","","","2025-03-29"
"CDC","NU50CK000619","22NU50CK000619C5","University Of Nebraska Medical Center","2025-03-24","2720000.00","","","2720000.00","Strengthening Healthcare Infection Prevention And Control And Improving Patient Safety In The United States - 2022","N/A - Departmental Authority","","","","","2025-03-29"
"CDC","NU50CK000621","22NU50CK000621C5","Yale New Haven Health System","2025-03-24","2720000.00","322327.84","","2397672.16","Strengthening Healthcare Infection Prevention And Control And Improving Patient Safety In The United States - 2022","N/A - Departmental Authority","","","","","2025-03-29"
"CDC","NU50CK000622","22NU50CK000622C5","Massachusetts General Hospital, The","2025-03-24","4960000.00","480862.58","","4479137.42","Strengthening Healthcare Infection Prevention And Control And Improving Patient Safety In The United States - 2022","N/A - Departmental Authority","","","","","2025-03-29"
"CDC","NU50CK000623","22NU50CK000623C5","University Of Iowa","2025-03-24","1560000.00","293950.80","","1266049.20","Strengthening Healthcare Infection Prevention And Control And Improving Patient Safety In The United States - 2022","N/A - Departmental Authority","","","","","2025-03-29"
"CDC","NU2GGH002171","19NU2GGH00217120CV","Columbia University Trustees","2025-03-24","8158924.00","7951704.79","","207219.21","Public Health Surveillance Of Recent Hiv Infection And Response Under The President'S Emergency Plan For Aids Relief (Pepfar)","N/A - Departmental Authority","","","","","2025-03-29"
"CDC","NU2GGH002225","19NU2GGH2225C3","World Health Organization","2025-03-24","6532115.00","6002675.00","","529440.00","Strengthening Public Health Capacity And Guidelines To Prevent, Detect And Control The Spread Of Epidemic Prone Infectious Diseases Through Cooperation And Support From World Health Organization (Who)","N/A - Departmental Authority","","","","","2025-03-29"
"CDC","NU2GGH002302","20NU2GGH00230221C3","Human Sciences Research Council","2025-03-24","1200000.00","907110.29","","292889.71","Support The Strengthening And Utilization Of Strategic Information Activities In The Republic Of South Africa Under The President'S Emergency Plan For Aids Relief (Pepfar)","N/A - Departmental Authority","","","","","2025-03-29"
"CDC","NU2HGH000069","20NU2HGH000069CV","Ohio State University, Center For Vocational Education","2025-03-24","300000.00","","","300000.00","Advancing Ethiopias Capacity For Laboratory, Workforce Development, Surveillance, And Emergency Management To Meet International Health Regulations Requirements","N/A - Departmental Authority","","","","","2025-03-29"
"CDC","NU2HGH000050","20NU2HGH000050C3","General Dept Of Preventive Medicine, Ministry Of Health","2025-03-24","114000.00","2000.00","","112000.00","Enhancing Global Health Security And Supporting Vietnam In Achieving Compliance With International Health Regulations, 2020-2024","N/A - Departmental Authority","","","","","2025-03-29"
"CDC","NU2HGH000044","20NU2HGH000044C3","Task Force For Global Health, Inc (The)","2025-03-24","8956141.00","8614423.40","","341717.60","Strengthening Global Field Epidemiology Training Program (Fetp) Network","N/A - Departmental Authority","","","","","2025-03-29"
"CDC","NU2HGH000077","20NU2HGH000077C3","African Society For Laboratory Medicine","2025-03-24","13602481.00","12975595.53","","626885.47","Global Health Security Partnerships: Expanding And Improving Public Health Laboratory Strategies And Systems.","N/A - Departmental Authority","","","","","2025-03-29"
"CDC","NU2HGH000080","20NU2HGH000080CV","Association Of Public Health Laboratories, Inc. (The)","2025-03-24","13727215.00","11949781.13","","1777433.87","Global Health Security Partnerships: Expanding And Improving Public Health Laboratory Strategies And Systems.","N/A - Departmental Authority","","","","","2025-03-29"
"CDC","NU2HGH000007","20NU2HGH000007C3","Johns Hopkins University","2025-03-24","3341842.00","3235368.86","","106473.14","Enhancing Global Health Security: Expanding Efforts And Strategies To Protect And Improve Public Health Globally","N/A - Departmental Authority","","","","","2025-03-29"
"CDC","NU2HGH000036","20NU2HGH000036C3","Health Security Partners","2025-03-24","3636980.00","3453136.19","","183843.81","Enhancing Global Health Security: Expanding Efforts And Strategies To Protect And Improve Public Health Globally","N/A - Departmental Authority","","","","","2025-03-29"
"CDC","NU2HGH000060","20NU2HGH000060CV","International Center For Diarrhoeal Disease Research","2025-03-24","1750000.00","1574072.00","","175928.00","Enhancing Global Health Security: Expanding Efforts And Strategies To Protect And Improve Public Health Globally","N/A - Departmental Authority","","","","","2025-03-29"
"CDC","NU2HGH000074","20NU2HGH000074CV","Family Health International","2025-03-24","1308000.00","1087841.28","","220158.72","Enhancing Global Health Security: Expanding Efforts And Strategies To Protect And Improve Public Health Globally","N/A - Departmental Authority","","","","","2025-03-29"
"CDC","NU2HGH000031","20NU2HGH000031C3","Washington State University","2025-03-24","6795138.00","6562844.05","","232293.95","Expanding Efforts And Strategies To Protect And Improve Public Health In Kenya","N/A - Departmental Authority","","","","","2025-03-29"
"CDC","NU2HGH000061","20NU2HGH000061CV","Rpl 140 Pdhl Setdjp2P Untuk 2Cws8Xca","2025-03-24","1100000.00","297400.00","","802600.00","Building And Strengthening Public Health Systems, Impact, And Capacity In Indonesia Through Collaboration With The Ministry Of Health","N/A - Departmental Authority","","","","","2025-03-29"
"CDC","NU2HGH000048","20NU2HGH000048C3","Columbia University, School Of Arts & Sciences","2025-03-24","1035000.00","784008.77","","250991.23","Enhancing Global Health Security: Expanding Efforts And Strategies To Protect And Improve Public Health In The Democratic Republic Of The Congo (Drc)","N/A - Departmental Authority","","","","","2025-03-29"
"CDC","NU2HGH000019","20NU2HGH000019C3","Research Triangle Institute","2025-03-24","150000.00","","","150000.00","Strengthening Global Health Security By Implementation Of The International Health Regulations (Ihr) (2005) And The Global Health Security Agenda In Nigeria","N/A - Departmental Authority","","","","","2025-03-29"
"CDC","NU2HGH000026","20NU2HGH000026C3","African Field Epidemology Network Limited Afenet -Cdc","2025-03-24","30086148.00","29958826.50","","127321.50","Strengthening Regional Field Epidemiology Training Program (Fetp) Networks","N/A - Departmental Authority","","","","","2025-03-29"
"CDC","NU2HGH000042","20NU2HGH000042C3","South Asia Field Epidemiology & Tech","2025-03-24","4415000.00","4250450.46","","164549.54","Strengthening Regional Field Epidemiology Training Program (Fetp) Networks","N/A - Departmental Authority","","","","","2025-03-29"
"CDC","NU2HGH000042","20NU2HGH000042CV","South Asia Field Epidemiology & Tech","2025-03-24","2738000.00","2547647.71","","190352.29","Strengthening Regional Field Epidemiology Training Program (Fetp) Networks","N/A - Departmental Authority","","","","","2025-03-29"
"CDC","NU2RGH001916","21NU2RGH001916C3","Task Force For Global Health, Inc (The)","2025-03-24","4135512.00","3934310.40","","201201.60","Capacity Building For Global, Regional, And National Immunization Programs","N/A - Departmental Authority","","","","","2025-03-29"
"CDC","NU2HGH000099","21NU2HGH000099C3","Trustees Of Columbia University In The City Of New York","2025-03-24","200000.00","32370.78","","167629.22","Enhancing Global Health Security: Strengthening Public Health Surveillance Systems And Preparedness Globally","N/A - Departmental Authority","","","","","2025-03-29"
"CDC","NU2HGH000100","21NU2HGH000100C3","University Of Washington","2025-03-24","336000.00","36393.34","","299606.66","Enhancing Global Health Security: Strengthening Public Health Surveillance Systems And Preparedness Globally","N/A - Departmental Authority","","","","","2025-03-29"
"CDC","NU2GGH002436","22NU2GGH00243624C3","National Health Laboratory Service","2025-03-24","203972.00","","","203972.00","Strengthening Health Surveillance Systems, Laboratory Capacity, Public Health Workforce, And Global Health Security In South Africa Under The President'S Emergency Plan For Aids Relief (Pepfar) - 2022","N/A - Departmental Authority","","","","","2025-03-29"
"CDC","NU2GGH002485","23NU2GGH002485C3","Ctr For Infectious Disease Resch In Zambia","2025-03-24","150000.00","41088.00","","108912.00","Transitioning And Integrating Laboratory Services For High Quality Hiv Diagnosis, Care, Treatment, And Monitoring To The Ministry Of Health (Moh) To Sustain Achievement Of The 95-95-95 Goals In Zambia Under Pepfar - 2023","N/A - Departmental Authority","","","","","2025-03-29"
"CDC","NU2GGH002503","23NU2GGH00250324C3","Georgetown University","2025-03-24","186000.00","6801.53","","179198.47","Strengthening Regional, National, And Subnational Institutional Capacities To Sustainably Combat Hiv/Aids And Tuberculosis Under The President'S Emergency Plan For Aids Relief (Pepfar) - 2023","N/A - Departmental Authority","","","","","2025-03-29"
"CDC","NH23IP922574","19NH23IP922574C3","Public Health And Human Services, Montana Department Of","2025-03-24","359041.00","131682.67","","227358.33","Immunization And Vaccines For Children","N/A - Departmental Authority","","","","","2025-03-29"
"CDC","NH23IP922574","20NH23IP922574C3","Public Health And Human Services, Montana Department Of","2025-03-24","872020.00","513715.78","","358304.22","Immunization And Vaccines For Children","N/A - Departmental Authority","","","","","2025-03-29"
"CDC","NH23IP922574","20NH23IP922574C5","Public Health And Human Services, Montana Department Of","2025-03-24","11309969.00","7075695.96","","4234273.04","Immunization And Vaccines For Children","N/A - Departmental Authority","","","","","2025-03-29"
"CDC","NH23IP922574","20NH23IP922574C6","Public Health And Human Services, Montana Department Of","2025-03-24","29451909.00","25003266.66","","4448642.34","Immunization And Vaccines For Children","N/A - Departmental Authority","","","","","2025-03-29"
"CDC","NH23IP922574","20NH23IP922574IISC6","Public Health And Human Services, Montana Department Of","2025-03-24","397371.00","2028.67","","395342.33","Immunization And Vaccines For Children","N/A - Departmental Authority","","","","","2025-03-29"
"CDC","NH23IP922574","20NH23IP922574UDSPC5","Public Health And Human Services, Montana Department Of","2025-03-24","2500000.00","1563323.39","","936676.61","Immunization And Vaccines For Children","N/A - Departmental Authority","","","","","2025-03-29"
"CDC","NH23IP922575","20NH23IP922575C3","Ok St Department Of Health","2025-03-24","3260691.00","2167351.56","","1093339.44","Immunization And Vaccines For Children","N/A - Departmental Authority","","","","","2025-03-29"
"CDC","NH23IP922575","20NH23IP922575C5","Ok St Department Of Health","2025-03-24","47553628.00","15133606.31","","32420021.69","Immunization And Vaccines For Children","N/A - Departmental Authority","","","","","2025-03-29"
"CDC","NH23IP922575","20NH23IP922575C6","Ok St Department Of Health","2025-03-24","21991989.00","17108968.09","","4883020.91","Immunization And Vaccines For Children","N/A - Departmental Authority","","","","","2025-03-29"
"CDC","NH23IP922575","20NH23IP922575IISC6","Ok St Department Of Health","2025-03-24","930733.00","","","930733.00","Immunization And Vaccines For Children","N/A - Departmental Authority","","","","","2025-03-29"
"CDC","NH23IP922575","20NH23IP922575UDSPC5","Ok St Department Of Health","2025-03-24","3575461.00","","","3575461.00","Immunization And Vaccines For Children","N/A - Departmental Authority","","","","","2025-03-29"
"CDC","NH23IP922576","20NH23IP922576C6","Republic Of Palau, Bureau Of Health Sevices","2025-03-24","1578482.00","228027.05","","1350454.95","Immunization And Vaccines For Children","N/A - Departmental Authority","","","","","2025-03-29"
"CDC","NH23IP922576","20NH23IP922576UDSPC5","Republic Of Palau, Bureau Of Health Sevices","2025-03-24","100000.00","","","100000.00","Immunization And Vaccines For Children","N/A - Departmental Authority","","","","","2025-03-29"
"CDC","NH23IP922577","20NH23IP922577C3","Wy St Department Of Health","2025-03-24","490366.00","335751.71","","154614.29","Immunization And Vaccines For Children","N/A - Departmental Authority","","","","","2025-03-29"
"CDC","NH23IP922577","20NH23IP922577C5","Wy St Department Of Health","2025-03-24","6955343.00","3911986.12","","3043356.88","Immunization And Vaccines For Children","N/A - Departmental Authority","","","","","2025-03-29"
"CDC","NH23IP922577","20NH23IP922577C6","Wy St Department Of Health","2025-03-24","30721500.00","14163051.03","","16558448.97","Immunization And Vaccines For Children","N/A - Departmental Authority","","","","","2025-03-29"
"CDC","NH23IP922577","20NH23IP922577UDSPC5","Wy St Department Of Health","2025-03-24","522958.00","2046.12","","520911.88","Immunization And Vaccines For Children","N/A - Departmental Authority","","","","","2025-03-29"
"CDC","NH23IP922578","19NH23IP922578C3","State Of Georgia Department Of Public Health","2025-03-24","4338601.00","3923108.18","","415492.82","Immunization And Vaccines For Children","N/A - Departmental Authority","","","","","2025-03-29"
"CDC","NH23IP922578","20NH23IP922578C3","State Of Georgia Department Of Public Health","2025-03-24","10537358.00","8793114.52","","1744243.48","Immunization And Vaccines For Children","N/A - Departmental Authority","","","","","2025-03-29"
"CDC","NH23IP922578","20NH23IP922578C5","State Of Georgia Department Of Public Health","2025-03-24","135379769.00","132591162.63","","2788606.37","Immunization And Vaccines For Children","N/A - Departmental Authority","","","","","2025-03-29"
"CDC","NH23IP922578","20NH23IP922578C6","State Of Georgia Department Of Public Health","2025-03-24","54684359.00","13940425.15","","40743933.85","Immunization And Vaccines For Children","N/A - Departmental Authority","","","","","2025-03-29"
"CDC","NH23IP922578","20NH23IP922578IISC6","State Of Georgia Department Of Public Health","2025-03-24","2160718.00","979883.04","","1180834.96","Immunization And Vaccines For Children","N/A - Departmental Authority","","","","","2025-03-29"
"CDC","NH23IP922578","20NH23IP922578UDSPC5","State Of Georgia Department Of Public Health","2025-03-24","1810816.00","","","1810816.00","Immunization And Vaccines For Children","N/A - Departmental Authority","","","","","2025-03-29"
"CDC","NH23IP922579","19NH23IP922579C3","Arkansas Department Of Health","2025-03-24","1063636.00","173739.54","","889896.46","Immunization And Vaccines For Children","N/A - Departmental Authority","","","","","2025-03-29"
"CDC","NH23IP922579","20NH23IP922579C3","Arkansas Department Of Health","2025-03-24","2583302.00","1675058.42","","908243.58","Immunization And Vaccines For Children","N/A - Departmental Authority","","","","","2025-03-29"
"CDC","NH23IP922579","20NH23IP922579C5","Arkansas Department Of Health","2025-03-24","32950719.00","10905395.15","","22045323.85","Immunization And Vaccines For Children","N/A - Departmental Authority","","","","","2025-03-29"
"CDC","NH23IP922579","20NH23IP922579C6","Arkansas Department Of Health","2025-03-24","21230264.00","11641173.52","","9589090.48","Immunization And Vaccines For Children","N/A - Departmental Authority","","","","","2025-03-29"
"CDC","NH23IP922579","20NH23IP922579IISC6","Arkansas Department Of Health","2025-03-24","757298.00","445020.21","","312277.79","Immunization And Vaccines For Children","N/A - Departmental Authority","","","","","2025-03-29"
"CDC","NH23IP922579","20NH23IP922579UDSPC5","Arkansas Department Of Health","2025-03-24","6043140.00","1785200.48","","4257939.52","Immunization And Vaccines For Children","N/A - Departmental Authority","","","","","2025-03-29"
"CDC","NH23IP922580","20NH23IP922580C3","Utah Department Of Health And Human Services","2025-03-24","2620597.00","2500991.92","","119605.08","Immunization And Vaccines For Children","N/A - Departmental Authority","","","","","2025-03-29"
"CDC","NH23IP922580","20NH23IP922580C5","Utah Department Of Health And Human Services","2025-03-24","33347971.00","29506587.80","","3841383.20","Immunization And Vaccines For Children","N/A - Departmental Authority","","","","","2025-03-29"
"CDC","NH23IP922580","20NH23IP922580C6","Utah Department Of Health And Human Services","2025-03-24","21570557.00","2231783.13","","19338773.87","Immunization And Vaccines For Children","N/A - Departmental Authority","","","","","2025-03-29"
"CDC","NH23IP922580","20NH23IP922580IISC6","Utah Department Of Health And Human Services","2025-03-24","791999.00","482740.75","","309258.25","Immunization And Vaccines For Children","N/A - Departmental Authority","","","","","2025-03-29"
"CDC","NH23IP922580","20NH23IP922580UDSPC5","Utah Department Of Health And Human Services","2025-03-24","8077077.00","929648.11","","7147428.89","Immunization And Vaccines For Children","N/A - Departmental Authority","","","","","2025-03-29"
"CDC","NH23IP922581","19NH23IP922581C3","Sd St Department Of Health","2025-03-24","463150.00","263150.00","","200000.00","Immunization And Vaccines For Children","N/A - Departmental Authority","","","","","2025-03-29"
"CDC","NH23IP922581","20NH23IP922581C5","Sd St Department Of Health","2025-03-24","9142918.00","4341823.79","","4801094.21","Immunization And Vaccines For Children","N/A - Departmental Authority","","","","","2025-03-29"
"CDC","NH23IP922581","20NH23IP922581C6","Sd St Department Of Health","2025-03-24","30882667.00","5396227.31","","25486439.69","Immunization And Vaccines For Children","N/A - Departmental Authority","","","","","2025-03-29"
"CDC","NH23IP922581","20NH23IP922581UDSPC5","Sd St Department Of Health","2025-03-24","2288000.00","140980.00","","2147020.00","Immunization And Vaccines For Children","N/A - Departmental Authority","","","","","2025-03-29"
"CDC","NH23IP922582","20NH23IP922582C5","Al St Department Of Public Health","2025-03-24","31684698.00","30467970.00","","1216728.00","Immunization And Vaccines For Children","N/A - Departmental Authority","","","","","2025-03-29"
"CDC","NH23IP922582","20NH23IP922582C6","Al St Department Of Public Health","2025-03-24","25253541.00","13567669.08","","11685871.92","Immunization And Vaccines For Children","N/A - Departmental Authority","","","","","2025-03-29"
"CDC","NH23IP922582","20NH23IP922582UDSPC5","Al St Department Of Public Health","2025-03-24","31670677.00","29690062.79","","1980614.21","Immunization And Vaccines For Children","N/A - Departmental Authority","","","","","2025-03-29"
"CDC","NH23IP922583","20NH23IP922583C3","Philadelphia City Department Of Public Health","2025-03-24","1923064.00","1664962.00","","258102.00","Immunization And Vaccines For Children","N/A - Departmental Authority","","","","","2025-03-29"
"CDC","NH23IP922583","20NH23IP922583C5","Philadelphia City Department Of Public Health","2025-03-24","16968118.00","16094852.11","","873265.89","Immunization And Vaccines For Children","N/A - Departmental Authority","","","","","2025-03-29"
"CDC","NH23IP922583","20NH23IP922583C6","Philadelphia City Department Of Public Health","2025-03-24","8158620.00","1249000.00","","6909620.00","Immunization And Vaccines For Children","N/A - Departmental Authority","","","","","2025-03-29"
"CDC","NH23IP922583","20NH23IP922583UDSPC5","Philadelphia City Department Of Public Health","2025-03-24","3500000.00","1969202.00","","1530798.00","Immunization And Vaccines For Children","N/A - Departmental Authority","","","","","2025-03-29"
"CDC","NH23IP922584","20NH23IP922584C3","San Antonio Metropolitan Health District","2025-03-24","1499190.00","725854.11","","773335.89","Immunization And Vaccines For Children","N/A - Departmental Authority","","","","","2025-03-29"
"CDC","NH23IP922584","20NH23IP922584C5","San Antonio Metropolitan Health District","2025-03-24","18594399.00","18116417.82","","477981.18","Immunization And Vaccines For Children","N/A - Departmental Authority","","","","","2025-03-29"
"CDC","NH23IP922584","20NH23IP922584C6","San Antonio Metropolitan Health District","2025-03-24","7969028.00","7768383.31","","200644.69","Immunization And Vaccines For Children","N/A - Departmental Authority","","","","","2025-03-29"
"CDC","NH23IP922584","20NH23IP922584UDSPC5","San Antonio Metropolitan Health District","2025-03-24","1398075.00","","","1398075.00","Immunization And Vaccines For Children","N/A - Departmental Authority","","","","","2025-03-29"
"CDC","NH23IP922585","20NH23IP922585C5","Vi Department Of Health","2025-03-24","963194.00","125487.42","","837706.58","Immunization And Vaccines For Children","N/A - Departmental Authority","","","","","2025-03-29"
"CDC","NH23IP922585","20NH23IP922585C6","Vi Department Of Health","2025-03-24","2315037.00","835099.26","","1479937.74","Immunization And Vaccines For Children","N/A - Departmental Authority","","","","","2025-03-29"
"CDC","NH23IP922586","20NH23IP922586C5","West Virginia State Health Department","2025-03-24","18830518.00","17791454.12","","1039063.88","Immunization And Vaccines For Children","N/A - Departmental Authority","","","","","2025-03-29"
"CDC","NH23IP922586","20NH23IP922586C6","West Virginia State Health Department","2025-03-24","21473262.00","11403049.96","","10070212.04","Immunization And Vaccines For Children","N/A - Departmental Authority","","","","","2025-03-29"
"CDC","NH23IP922586","20NH23IP922586IISC6","West Virginia State Health Department","2025-03-24","410946.00","","","410946.00","Immunization And Vaccines For Children","N/A - Departmental Authority","","","","","2025-03-29"
"CDC","NH23IP922587","20NH23IP922587C3","Commonwealth Of The Northern Mariana Islands","2025-03-24","360000.00","233681.37","","126318.63","Immunization And Vaccines For Children","N/A - Departmental Authority","","","","","2025-03-29"
"CDC","NH23IP922587","20NH23IP922587C5","Commonwealth Of The Northern Mariana Islands","2025-03-24","1019771.00","873680.45","","146090.55","Immunization And Vaccines For Children","N/A - Departmental Authority","","","","","2025-03-29"
"CDC","NH23IP922587","20NH23IP922587C6","Commonwealth Of The Northern Mariana Islands","2025-03-24","1868299.00","1136150.06","","732148.94","Immunization And Vaccines For Children","N/A - Departmental Authority","","","","","2025-03-29"
"CDC","NH23IP922588","20NH23IP922588C5","Republic Of The Marshall Islands, Health Services","2025-03-24","1136309.00","","","1136309.00","Immunization And Vaccines For Children","N/A - Departmental Authority","","","","","2025-03-29"
"CDC","NH23IP922588","20NH23IP922588UDSPC5","Republic Of The Marshall Islands, Health Services","2025-03-24","100000.00","","","100000.00","Immunization And Vaccines For Children","N/A - Departmental Authority","","","","","2025-03-29"
"CDC","NH23IP922589","19NH23IP922589C3","Health And Human Services, Nebraska Department Of","2025-03-24","647550.00","534342.45","","113207.55","Immunization And Vaccines For Children","N/A - Departmental Authority","","","","","2025-03-29"
"CDC","NH23IP922589","20NH23IP922589C3","Health And Human Services, Nebraska Department Of","2025-03-24","1572734.00","1325822.43","","246911.57","Immunization And Vaccines For Children","N/A - Departmental Authority","","","","","2025-03-29"
"CDC","NH23IP922589","20NH23IP922589C5","Health And Human Services, Nebraska Department Of","2025-03-24","23247104.00","17996866.59","","5250237.41","Immunization And Vaccines For Children","N/A - Departmental Authority","","","","","2025-03-29"
"CDC","NH23IP922589","20NH23IP922589C6","Health And Human Services, Nebraska Department Of","2025-03-24","23975995.00","15983833.51","","7992161.49","Immunization And Vaccines For Children","N/A - Departmental Authority","","","","","2025-03-29"
"CDC","NH23IP922589","20NH23IP922589IISC6","Health And Human Services, Nebraska Department Of","2025-03-24","557227.00","","","557227.00","Immunization And Vaccines For Children","N/A - Departmental Authority","","","","","2025-03-29"
"CDC","NH23IP922589","20NH23IP922589UDSPC5","Health And Human Services, Nebraska Department Of","2025-03-24","1747903.00","879285.60","","868617.40","Immunization And Vaccines For Children","N/A - Departmental Authority","","","","","2025-03-29"
"CDC","NH23IP922591","20NH23IP922591C6","As Department Of Health","2025-03-24","1869449.00","1365087.85","","504361.15","Immunization And Vaccines For Children","N/A - Departmental Authority","","","","","2025-03-29"
"CDC","NH23IP922591","20NH23IP922591UDSPC5","As Department Of Health","2025-03-24","160000.00","","","160000.00","Immunization And Vaccines For Children","N/A - Departmental Authority","","","","","2025-03-29"
"CDC","NH23IP922592","20NH23IP922592C3","Ak St Department Of Health & Social Services","2025-03-24","871632.00","66656.57","","804975.43","Immunization And Vaccines For Children","N/A - Departmental Authority","","","","","2025-03-29"
"CDC","NH23IP922592","20NH23IP922592C5","Ak St Department Of Health & Social Services","2025-03-24","7000840.00","4620227.06","","2380612.94","Immunization And Vaccines For Children","N/A - Departmental Authority","","","","","2025-03-29"
"CDC","NH23IP922592","20NH23IP922592C6","Ak St Department Of Health & Social Services","2025-03-24","29534225.00","17569972.24","","11964252.76","Immunization And Vaccines For Children","N/A - Departmental Authority","","","","","2025-03-29"
"CDC","NH23IP922592","20NH23IP922592IISC6","Ak St Department Of Health & Social Services","2025-03-24","335094.00","209281.79","","125812.21","Immunization And Vaccines For Children","N/A - Departmental Authority","","","","","2025-03-29"
"CDC","NH23IP922592","20NH23IP922592UDSPC5","Ak St Department Of Health & Social Services","2025-03-24","2451650.00","1269226.56","","1182423.44","Immunization And Vaccines For Children","N/A - Departmental Authority","","","","","2025-03-29"
"CDC","NH23IP922593","20NH23IP922593C6","Federated States Of Micronesia, Office Of Health Svcs","2025-03-24","2320198.00","972218.23","","1347979.77","Immunization And Vaccines For Children","N/A - Departmental Authority","","","","","2025-03-29"
"CDC","NH23IP922593","20NH23IP922593UDSPC5","Federated States Of Micronesia, Office Of Health Svcs","2025-03-24","100000.00","","","100000.00","Immunization And Vaccines For Children","N/A - Departmental Authority","","","","","2025-03-29"
"CDC","NH23IP922594","20NH23IP922594C3","Nj St Department Of Health And Senior Services","2025-03-24","9949639.00","7822649.36","","2126989.64","Immunization And Vaccines For Children","N/A - Departmental Authority","","","","","2025-03-29"
"CDC","NH23IP922594","20NH23IP922594C5","Nj St Department Of Health And Senior Services","2025-03-24","106743356.00","76248038.93","","30495317.07","Immunization And Vaccines For Children","N/A - Departmental Authority","","","","","2025-03-29"
"CDC","NH23IP922594","20NH23IP922594C6","Nj St Department Of Health And Senior Services","2025-03-24","45747152.00","40895929.18","","4851222.82","Immunization And Vaccines For Children","N/A - Departmental Authority","","","","","2025-03-29"
"CDC","NH23IP922594","20NH23IP922594UDSPC5","Nj St Department Of Health And Senior Services","2025-03-24","8025816.00","3138125.19","","4887690.81","Immunization And Vaccines For Children","N/A - Departmental Authority","","","","","2025-03-29"
"CDC","NH23IP922595","20NH23IP922595C3","Health And Human Services, New Hampshire Dept Of","2025-03-24","1400235.00","591894.42","","808340.58","Immunization And Vaccines For Children","N/A - Departmental Authority","","","","","2025-03-29"
"CDC","NH23IP922595","20NH23IP922595C5","Health And Human Services, New Hampshire Dept Of","2025-03-24","14917787.00","11225574.51","","3692212.49","Immunization And Vaccines For Children","N/A - Departmental Authority","","","","","2025-03-29"
"CDC","NH23IP922595","20NH23IP922595C6","Health And Human Services, New Hampshire Dept Of","2025-03-24","25404937.00","11639062.20","","13765874.80","Immunization And Vaccines For Children","N/A - Departmental Authority","","","","","2025-03-29"
"CDC","NH23IP922595","20NH23IP922595IISC6","Health And Human Services, New Hampshire Dept Of","2025-03-24","451098.00","17866.86","","433231.14","Immunization And Vaccines For Children","N/A - Departmental Authority","","","","","2025-03-29"
"CDC","NH23IP922595","20NH23IP922595UDSPC5","Health And Human Services, New Hampshire Dept Of","2025-03-24","2651406.00","603093.61","","2048312.39","Immunization And Vaccines For Children","N/A - Departmental Authority","","","","","2025-03-29"
"CDC","NH23IP922596","19NH23IP922596C3","Dc Department Of Health Care Finance","2025-03-24","335566.00","190756.04","","144809.96","Immunization And Vaccines For Children","N/A - Departmental Authority","","","","","2025-03-29"
"CDC","NH23IP922596","20NH23IP922596C3","Dc Department Of Health Care Finance","2025-03-24","815006.00","696015.23","","118990.77","Immunization And Vaccines For Children","N/A - Departmental Authority","","","","","2025-03-29"
"CDC","NH23IP922596","20NH23IP922596C5","Dc Department Of Health Care Finance","2025-03-24","7551173.00","5479884.57","","2071288.43","Immunization And Vaccines For Children","N/A - Departmental Authority","","","","","2025-03-29"
"CDC","NH23IP922596","20NH23IP922596C6","Dc Department Of Health Care Finance","2025-03-24","38571801.00","29909363.38","","8662437.62","Immunization And Vaccines For Children","N/A - Departmental Authority","","","","","2025-03-29"
"CDC","NH23IP922596","20NH23IP922596IISC6","Dc Department Of Health Care Finance","2025-03-24","330331.00","","","330331.00","Immunization And Vaccines For Children","N/A - Departmental Authority","","","","","2025-03-29"
"CDC","NH23IP922597","20NH23IP922597C3","Houston City Health & Human Services Department","2025-03-24","2733517.00","2469167.76","","264349.24","Immunization And Vaccines For Children","N/A - Departmental Authority","","","","","2025-03-29"
"CDC","NH23IP922597","20NH23IP922597C5","Houston City Health & Human Services Department","2025-03-24","27884260.00","25347627.12","","2536632.88","Immunization And Vaccines For Children","N/A - Departmental Authority","","","","","2025-03-29"
"CDC","NH23IP922597","20NH23IP922597C6","Houston City Health & Human Services Department","2025-03-24","11950397.00","11192410.95","","757986.05","Immunization And Vaccines For Children","N/A - Departmental Authority","","","","","2025-03-29"
"CDC","NH23IP922597","20NH23IP922597UDSPC5","Houston City Health & Human Services Department","2025-03-24","2096561.00","401984.85","","1694576.15","Immunization And Vaccines For Children","N/A - Departmental Authority","","","","","2025-03-29"
"CDC","NH23IP922598","20NH23IP922598C6","De St Office Of The Governor","2025-03-24","28624956.00","24465996.90","","4158959.10","Immunization And Vaccines For Children","N/A - Departmental Authority","","","","","2025-03-29"
"CDC","NH23IP922598","20NH23IP922598UDSPC5","De St Office Of The Governor","2025-03-24","6000000.00","4555518.52","","1444481.48","Immunization And Vaccines For Children","N/A - Departmental Authority","","","","","2025-03-29"
"CDC","NH23IP922599","19NH23IP922599C3","Az St Department Of Health Services","2025-03-24","3364463.00","2367762.21","","996700.79","Immunization And Vaccines For Children","N/A - Departmental Authority","","","","","2025-03-29"
"CDC","NH23IP922599","20NH23IP922599C3","Az St Department Of Health Services","2025-03-24","8171427.00","4740125.30","","3431301.70","Immunization And Vaccines For Children","N/A - Departmental Authority","","","","","2025-03-29"
"CDC","NH23IP922599","20NH23IP922599C5","Az St Department Of Health Services","2025-03-24","86275036.00","64346106.23","","21928929.77","Immunization And Vaccines For Children","N/A - Departmental Authority","","","","","2025-03-29"
"CDC","NH23IP922599","20NH23IP922599C6","Az St Department Of Health Services","2025-03-24","37488567.00","15677705.17","","21810861.83","Immunization And Vaccines For Children","N/A - Departmental Authority","","","","","2025-03-29"
"CDC","NH23IP922599","20NH23IP922599IISC6","Az St Department Of Health Services","2025-03-24","1544160.00","599263.52","","944896.48","Immunization And Vaccines For Children","N/A - Departmental Authority","","","","","2025-03-29"
"CDC","NH23IP922599","20NH23IP922599UDSPC5","Az St Department Of Health Services","2025-03-24","7775230.00","6901410.79","","873819.21","Immunization And Vaccines For Children","N/A - Departmental Authority","","","","","2025-03-29"
"CDC","NH23IP922600","19NH23IP922600C3","Public Health And Environment, Colorado Department Of","2025-03-24","2415322.00","2083922.60","","331399.40","Immunization And Vaccines For Children","N/A - Departmental Authority","","","","","2025-03-29"
"CDC","NH23IP922600","20NH23IP922600C3","Public Health And Environment, Colorado Department Of","2025-03-24","5380455.00","4475641.04","","904813.96","Immunization And Vaccines For Children","N/A - Departmental Authority","","","","","2025-03-29"
"CDC","NH23IP922600","20NH23IP922600C5","Public Health And Environment, Colorado Department Of","2025-03-24","43830171.00","39132145.57","","4698025.43","Immunization And Vaccines For Children","N/A - Departmental Authority","","","","","2025-03-29"
"CDC","NH23IP922600","20NH23IP922600C6","Public Health And Environment, Colorado Department Of","2025-03-24","29660002.00","19204461.02","","10455540.98","Immunization And Vaccines For Children","N/A - Departmental Authority","","","","","2025-03-29"
"CDC","NH23IP922600","20NH23IP922600IISC6","Public Health And Environment, Colorado Department Of","2025-03-24","1263465.00","1037768.71","","225696.29","Immunization And Vaccines For Children","N/A - Departmental Authority","","","","","2025-03-29"
"CDC","NH23IP922600","20NH23IP922600UDSPC5","Public Health And Environment, Colorado Department Of","2025-03-24","30580009.00","6378380.68","","24201628.32","Immunization And Vaccines For Children","N/A - Departmental Authority","","","","","2025-03-29"
"CDC","NH23IP922601","20NH23IP922601C5","South Carolina Department Of Public Health","2025-03-24","61875620.00","53698686.24","","8176933.76","Immunization And Vaccines For Children","N/A - Departmental Authority","","","","","2025-03-29"
"CDC","NH23IP922601","20NH23IP922601C6","South Carolina Department Of Public Health","2025-03-24","27974028.00","9328497.08","","18645530.92","Immunization And Vaccines For Children","N/A - Departmental Authority","","","","","2025-03-29"
"CDC","NH23IP922601","20NH23IP922601UDSPC5","South Carolina Department Of Public Health","2025-03-24","4652302.00","27273.00","","4625029.00","Immunization And Vaccines For Children","N/A - Departmental Authority","","","","","2025-03-29"
"CDC","NH23IP922602","19NH23IP922602C3","Ct St Dept Of Public Health","2025-03-24","1696075.00","1288179.03","","407895.97","Immunization And Vaccines For Children","N/A - Departmental Authority","","","","","2025-03-29"
"CDC","NH23IP922602","20NH23IP922602C3","Ct St Dept Of Public Health","2025-03-24","4119336.00","3725031.38","","394304.62","Immunization And Vaccines For Children","N/A - Departmental Authority","","","","","2025-03-29"
"CDC","NH23IP922602","20NH23IP922602C5","Ct St Dept Of Public Health","2025-03-24","42846494.00","37876172.04","","4970321.96","Immunization And Vaccines For Children","N/A - Departmental Authority","","","","","2025-03-29"
"CDC","NH23IP922602","20NH23IP922602C6","Ct St Dept Of Public Health","2025-03-24","23489150.00","12872478.02","","10616671.98","Immunization And Vaccines For Children","N/A - Departmental Authority","","","","","2025-03-29"
"CDC","NH23IP922602","20NH23IP922602IISC6","Ct St Dept Of Public Health","2025-03-24","858401.00","671218.77","","187182.23","Immunization And Vaccines For Children","N/A - Departmental Authority","","","","","2025-03-29"
"CDC","NH23IP922603","19NH23IP922603C3","Department Of Health New Mexico","2025-03-24","1020879.00","799465.70","","221413.30","Immunization And Vaccines For Children","N/A - Departmental Authority","","","","","2025-03-29"
"CDC","NH23IP922603","20NH23IP922603C5","Department Of Health New Mexico","2025-03-24","25199029.00","22741379.17","","2457649.83","Immunization And Vaccines For Children","N/A - Departmental Authority","","","","","2025-03-29"
"CDC","NH23IP922603","20NH23IP922603C6","Department Of Health New Mexico","2025-03-24","29104296.00","19004416.31","","10099879.69","Immunization And Vaccines For Children","N/A - Departmental Authority","","","","","2025-03-29"
"CDC","NH23IP922603","20NH23IP922603IISC6","Department Of Health New Mexico","2025-03-24","587221.00","386279.05","","200941.95","Immunization And Vaccines For Children","N/A - Departmental Authority","","","","","2025-03-29"
"CDC","NH23IP922603","20NH23IP922603UDSPC5","Department Of Health New Mexico","2025-03-24","1894664.00","1456388.74","","438275.26","Immunization And Vaccines For Children","N/A - Departmental Authority","","","","","2025-03-29"
"CDC","NH23IP922604","19NH23IP922604C3","Me St Department Of Human Services","2025-03-24","509532.00","405652.79","","103879.21","Immunization And Vaccines For Children","N/A - Departmental Authority","","","","","2025-03-29"
"CDC","NH23IP922604","20NH23IP922604C5","Me St Department Of Human Services","2025-03-24","16027651.00","8328540.74","","7699110.26","Immunization And Vaccines For Children","N/A - Departmental Authority","","","","","2025-03-29"
"CDC","NH23IP922604","20NH23IP922604C6","Me St Department Of Human Services","2025-03-24","27311557.00","10323878.91","","16987678.09","Immunization And Vaccines For Children","N/A - Departmental Authority","","","","","2025-03-29"
"CDC","NH23IP922604","20NH23IP922604IISC6","Me St Department Of Human Services","2025-03-24","448235.00","","","448235.00","Immunization And Vaccines For Children","N/A - Departmental Authority","","","","","2025-03-29"
"CDC","NH23IP922605","19NH23IP922605C3","Ms St Department Of Health","2025-03-24","1058177.00","903295.88","","154881.12","Immunization And Vaccines For Children","N/A - Departmental Authority","","","","","2025-03-29"
"CDC","NH23IP922605","20NH23IP922605C3","Ms St Department Of Health","2025-03-24","2570043.00","1195024.32","","1375018.68","Immunization And Vaccines For Children","N/A - Departmental Authority","","","","","2025-03-29"
"CDC","NH23IP922605","20NH23IP922605C5","Ms St Department Of Health","2025-03-24","33637618.00","14901933.05","","18735684.95","Immunization And Vaccines For Children","N/A - Departmental Authority","","","","","2025-03-29"
"CDC","NH23IP922605","20NH23IP922605C6","Ms St Department Of Health","2025-03-24","24124813.00","8111366.90","","16013446.10","Immunization And Vaccines For Children","N/A - Departmental Authority","","","","","2025-03-29"
"CDC","NH23IP922605","20NH23IP922605IISC6","Ms St Department Of Health","2025-03-24","749605.00","456462.00","","293143.00","Immunization And Vaccines For Children","N/A - Departmental Authority","","","","","2025-03-29"
"CDC","NH23IP922605","20NH23IP922605UDSPC5","Ms St Department Of Health","2025-03-24","4818006.00","1172894.94","","3645111.06","Immunization And Vaccines For Children","N/A - Departmental Authority","","","","","2025-03-29"
"CDC","NH23IP922606","20NH23IP922606C3","Mo St Department Of Health & Senior Services","2025-03-24","5517824.00","2696651.72","","2821172.28","Immunization And Vaccines For Children","N/A - Departmental Authority","","","","","2025-03-29"
"CDC","NH23IP922606","20NH23IP922606C5","Mo St Department Of Health & Senior Services","2025-03-24","49803363.00","31340436.99","","18462926.01","Immunization And Vaccines For Children","N/A - Departmental Authority","","","","","2025-03-29"
"CDC","NH23IP922606","20NH23IP922606C6","Mo St Department Of Health & Senior Services","2025-03-24","31610431.00","1566000.00","","30044431.00","Immunization And Vaccines For Children","N/A - Departmental Authority","","","","","2025-03-29"
"CDC","NH23IP922606","20NH23IP922606IISC6","Mo St Department Of Health & Senior Services","2025-03-24","1333398.00","1000000.00","","333398.00","Immunization And Vaccines For Children","N/A - Departmental Authority","","","","","2025-03-29"
"CDC","NH23IP922606","20NH23IP922606UDSPC5","Mo St Department Of Health & Senior Services","2025-03-24","29500000.00","25730435.83","","3769564.17","Immunization And Vaccines For Children","N/A - Departmental Authority","","","","","2025-03-29"
"CDC","NH23IP922607","19NH23IP922607C3","Fl St Dept Of Hlth","2025-03-24","8792153.00","6711099.61","","2081053.39","Immunization And Vaccines For Children","N/A - Departmental Authority","","","","","2025-03-29"
"CDC","NH23IP922607","20NH23IP922607C3","Fl St Dept Of Hlth","2025-03-24","21353906.00","9203584.65","","12150321.35","Immunization And Vaccines For Children","N/A - Departmental Authority","","","","","2025-03-29"
"CDC","NH23IP922607","20NH23IP922607C5","Fl St Dept Of Hlth","2025-03-24","271507432.00","170332720.78","","101174711.22","Immunization And Vaccines For Children","N/A - Departmental Authority","","","","","2025-03-29"
"CDC","NH23IP922607","20NH23IP922607C6","Fl St Dept Of Hlth","2025-03-24","110619713.00","","","110619713.00","Immunization And Vaccines For Children","N/A - Departmental Authority","","","","","2025-03-29"
"CDC","NH23IP922608","19NH23IP922608C3","Pr Department Of Health, Admin Of Facilities/Hlth Svcs","2025-03-24","993245.00","735508.60","","257736.40","Immunization And Vaccines For Children","N/A - Departmental Authority","","","","","2025-03-29"
"CDC","NH23IP922608","20NH23IP922608C3","Pr Department Of Health, Admin Of Facilities/Hlth Svcs","2025-03-24","2412341.00","1748289.49","","664051.51","Immunization And Vaccines For Children","N/A - Departmental Authority","","","","","2025-03-29"
"CDC","NH23IP922608","20NH23IP922608C5","Pr Department Of Health, Admin Of Facilities/Hlth Svcs","2025-03-24","37470466.00","17818350.63","","19652115.37","Immunization And Vaccines For Children","N/A - Departmental Authority","","","","","2025-03-29"
"CDC","NH23IP922608","20NH23IP922608C6","Pr Department Of Health, Admin Of Facilities/Hlth Svcs","2025-03-24","19873207.00","685220.69","","19187986.31","Immunization And Vaccines For Children","N/A - Departmental Authority","","","","","2025-03-29"
"CDC","NH23IP922608","20NH23IP922608IISC6","Pr Department Of Health, Admin Of Facilities/Hlth Svcs","2025-03-24","789779.00","","","789779.00","Immunization And Vaccines For Children","N/A - Departmental Authority","","","","","2025-03-29"
"CDC","NH23IP922608","20NH23IP922608UDSPC5","Pr Department Of Health, Admin Of Facilities/Hlth Svcs","2025-03-24","2885775.00","2102447.04","","783327.96","Immunization And Vaccines For Children","N/A - Departmental Authority","","","","","2025-03-29"
"CDC","NH23IP922609","20NH23IP922609C5","Division Of Child And Family Services","2025-03-24","36479429.00","30071211.45","","6408217.55","Immunization And Vaccines For Children","N/A - Departmental Authority","","","","","2025-03-29"
"CDC","NH23IP922609","20NH23IP922609C6","Division Of Child And Family Services","2025-03-24","23238257.00","19108600.87","","4129656.13","Immunization And Vaccines For Children","N/A - Departmental Authority","","","","","2025-03-29"
"CDC","NH23IP922609","20NH23IP922609UDSPC5","Division Of Child And Family Services","2025-03-24","3320098.00","1360375.19","","1959722.81","Immunization And Vaccines For Children","N/A - Departmental Authority","","","","","2025-03-29"
"CDC","NH23IP922610","19NH23IP922610C3","Va St Department Of Health","2025-03-24","3762691.00","3105442.94","","657248.06","Immunization And Vaccines For Children","N/A - Departmental Authority","","","","","2025-03-29"
"CDC","NH23IP922610","20NH23IP922610C3","Va St Department Of Health","2025-03-24","9138620.00","6187192.22","","2951427.78","Immunization And Vaccines For Children","N/A - Departmental Authority","","","","","2025-03-29"
"CDC","NH23IP922610","20NH23IP922610C5","Va St Department Of Health","2025-03-24","102577173.00","59821432.17","","42755740.83","Immunization And Vaccines For Children","N/A - Departmental Authority","","","","","2025-03-29"
"CDC","NH23IP922610","20NH23IP922610C6","Va St Department Of Health","2025-03-24","43961646.00","32730932.81","","11230713.19","Immunization And Vaccines For Children","N/A - Departmental Authority","","","","","2025-03-29"
"CDC","NH23IP922610","20NH23IP922610UDSPC5","Va St Department Of Health","2025-03-24","7712569.00","5838919.10","","1873649.90","Immunization And Vaccines For Children","N/A - Departmental Authority","","","","","2025-03-29"
"CDC","NH23IP922611","20NH23IP922611C3","Wi St Department Of Health & Social Services","2025-03-24","5336255.00","2959805.87","","2376449.13","Immunization And Vaccines For Children","N/A - Departmental Authority","","","","","2025-03-29"
"CDC","NH23IP922611","20NH23IP922611C5","Wi St Department Of Health & Social Services","2025-03-24","68008240.00","55341960.19","","12666279.81","Immunization And Vaccines For Children","N/A - Departmental Authority","","","","","2025-03-29"
"CDC","NH23IP922611","20NH23IP922611C6","Wi St Department Of Health & Social Services","2025-03-24","32447567.00","27269075.52","","5178491.48","Immunization And Vaccines For Children","N/A - Departmental Authority","","","","","2025-03-29"
"CDC","NH23IP922611","20NH23IP922611IISC6","Wi St Department Of Health & Social Services","2025-03-24","1275228.00","583846.47","","691381.53","Immunization And Vaccines For Children","N/A - Departmental Authority","","","","","2025-03-29"
"CDC","NH23IP922611","20NH23IP922611UDSPC5","Wi St Department Of Health & Social Services","2025-03-24","7225000.00","151.41","","7224848.59","Immunization And Vaccines For Children","N/A - Departmental Authority","","","","","2025-03-29"
"CDC","NH23IP922612","20NH23IP922612C3","California Dept Of Public Health","2025-03-24","48756151.00","48536631.85","","219519.15","Immunization And Vaccines For Children","N/A - Departmental Authority","","","","","2025-03-29"
"CDC","NH23IP922612","20NH23IP922612C5","California Dept Of Public Health","2025-03-24","332048088.00","259620408.45","","72427679.55","Immunization And Vaccines For Children","N/A - Departmental Authority","","","","","2025-03-29"
"CDC","NH23IP922612","20NH23IP922612C6","California Dept Of Public Health","2025-03-24","203505182.00","129380376.83","","74124805.17","Immunization And Vaccines For Children","N/A - Departmental Authority","","","","","2025-03-29"
"CDC","NH23IP922612","20NH23IP922612UDSPC5","California Dept Of Public Health","2025-03-24","178500000.00","149003395.14","","29496604.86","Immunization And Vaccines For Children","N/A - Departmental Authority","","","","","2025-03-29"
"CDC","NH23IP922613","20NH23IP922613C5","Chicago Department Of Public Health","2025-03-24","25409590.00","24543176.58","","866413.42","Immunization And Vaccines For Children","N/A - Departmental Authority","","","","","2025-03-29"
"CDC","NH23IP922613","20NH23IP922613C6","Chicago Department Of Public Health","2025-03-24","44814938.00","41304931.33","","3510006.67","Immunization And Vaccines For Children","N/A - Departmental Authority","","","","","2025-03-29"
"CDC","NH23IP922613","20NH23IP922613UDSPC5","Chicago Department Of Public Health","2025-03-24","9400000.00","6808877.48","","2591122.52","Immunization And Vaccines For Children","N/A - Departmental Authority","","","","","2025-03-29"
"CDC","NH23IP922614","20NH23IP922614C3","Hi St Department Of Health","2025-03-24","1356434.00","828868.59","","527565.41","Immunization And Vaccines For Children","N/A - Departmental Authority","","","","","2025-03-29"
"CDC","NH23IP922614","20NH23IP922614C5","Hi St Department Of Health","2025-03-24","12970857.00","10044855.91","","2926001.09","Immunization And Vaccines For Children","N/A - Departmental Authority","","","","","2025-03-29"
"CDC","NH23IP922614","20NH23IP922614C6","Hi St Department Of Health","2025-03-24","27332852.00","18020386.26","","9312465.74","Immunization And Vaccines For Children","N/A - Departmental Authority","","","","","2025-03-29"
"CDC","NH23IP922614","20NH23IP922614IISC6","Hi St Department Of Health","2025-03-24","461469.00","","","461469.00","Immunization And Vaccines For Children","N/A - Departmental Authority","","","","","2025-03-29"
"CDC","NH23IP922614","20NH23IP922614UDSPC5","Hi St Department Of Health","2025-03-24","5324007.00","3341603.13","","1982403.87","Immunization And Vaccines For Children","N/A - Departmental Authority","","","","","2025-03-29"
"CDC","NH23IP922615","20NH23IP922615C3","Vt St Agency For Human Services","2025-03-24","637128.00","304413.00","","332715.00","Immunization And Vaccines For Children","N/A - Departmental Authority","","","","","2025-03-29"
"CDC","NH23IP922615","20NH23IP922615C6","Vt St Agency For Human Services","2025-03-24","30370025.00","25321035.00","","5048990.00","Immunization And Vaccines For Children","N/A - Departmental Authority","","","","","2025-03-29"
"CDC","NH23IP922615","20NH23IP922615IISC6","Vt St Agency For Human Services","2025-03-24","315232.00","157101.00","","158131.00","Immunization And Vaccines For Children","N/A - Departmental Authority","","","","","2025-03-29"
"CDC","NH23IP922616","20NH23IP922616C5","Tx St Department Of Health","2025-03-24","293440403.00","230591481.40","","62848921.60","Immunization And Vaccines For Children","N/A - Departmental Authority","","","","","2025-03-29"
"CDC","NH23IP922616","20NH23IP922616C6","Tx St Department Of Health","2025-03-24","129422009.00","92556047.78","","36865961.22","Immunization And Vaccines For Children","N/A - Departmental Authority","","","","","2025-03-29"
"CDC","NH23IP922616","20NH23IP922616IISC6","Tx St Department Of Health","2025-03-24","5554666.00","695121.46","","4859544.54","Immunization And Vaccines For Children","N/A - Departmental Authority","","","","","2025-03-29"
"CDC","NH23IP922616","20NH23IP922616UDSPC5","Tx St Department Of Health","2025-03-24","31249900.00","18705841.13","","12544058.87","Immunization And Vaccines For Children","N/A - Departmental Authority","","","","","2025-03-29"
"CDC","NH23IP922617","20NH23IP922617C3","Tn St Department Of Health","2025-03-24","5923089.00","4385406.43","","1537682.57","Immunization And Vaccines For Children","N/A - Departmental Authority","","","","","2025-03-29"
"CDC","NH23IP922617","20NH23IP922617C5","Tn St Department Of Health","2025-03-24","74007179.00","73583062.28","","424116.72","Immunization And Vaccines For Children","N/A - Departmental Authority","","","","","2025-03-29"
"CDC","NH23IP922617","20NH23IP922617C6","Tn St Department Of Health","2025-03-24","35173225.00","32968584.19","","2204640.81","Immunization And Vaccines For Children","N/A - Departmental Authority","","","","","2025-03-29"
"CDC","NH23IP922617","20NH23IP922617IISC6","Tn St Department Of Health","2025-03-24","1461112.00","1103568.25","","357543.75","Immunization And Vaccines For Children","N/A - Departmental Authority","","","","","2025-03-29"
"CDC","NH23IP922617","20NH23IP922617UDSPC5","Tn St Department Of Health","2025-03-24","14234420.00","9724239.90","","4510180.10","Immunization And Vaccines For Children","N/A - Departmental Authority","","","","","2025-03-29"
"CDC","NH23IP922618","20NH23IP922618C6","Ri St Department Of Health","2025-03-24","27680811.00","12906311.39","","14774499.61","Immunization And Vaccines For Children","N/A - Departmental Authority","","","","","2025-03-29"
"CDC","NH23IP922619","19NH23IP922619C3","Washington State Department Of Health","2025-03-24","3314120.00","1234244.02","","2079875.98","Immunization And Vaccines For Children","N/A - Departmental Authority","","","","","2025-03-29"
"CDC","NH23IP922619","20NH23IP922619C5","Washington State Department Of Health","2025-03-24","60234086.00","54391207.16","","5842878.84","Immunization And Vaccines For Children","N/A - Departmental Authority","","","","","2025-03-29"
"CDC","NH23IP922619","20NH23IP922619C6","Washington State Department Of Health","2025-03-24","39220020.00","19787355.83","","19432664.17","Immunization And Vaccines For Children","N/A - Departmental Authority","","","","","2025-03-29"
"CDC","NH23IP922619","20NH23IP922619IISC6","Washington State Department Of Health","2025-03-24","1606242.00","460644.17","","1145597.83","Immunization And Vaccines For Children","N/A - Departmental Authority","","","","","2025-03-29"
"CDC","NH23IP922619","20NH23IP922619UDSPC5","Washington State Department Of Health","2025-03-24","38160000.00","21015217.20","","17144782.80","Immunization And Vaccines For Children","N/A - Departmental Authority","","","","","2025-03-29"
"CDC","NH23IP922620","19NH23IP922620C3","Ky St Cabinet For Health And Family Services","2025-03-24","1584325.00","1380440.62","","203884.38","Immunization And Vaccines For Children","N/A - Departmental Authority","","","","","2025-03-29"
"CDC","NH23IP922620","20NH23IP922620C3","Ky St Cabinet For Health And Family Services","2025-03-24","3847924.00","3655481.21","","192442.79","Immunization And Vaccines For Children","N/A - Departmental Authority","","","","","2025-03-29"
"CDC","NH23IP922620","20NH23IP922620C5","Ky St Cabinet For Health And Family Services","2025-03-24","42671367.00","32872380.88","","9798986.12","Immunization And Vaccines For Children","N/A - Departmental Authority","","","","","2025-03-29"
"CDC","NH23IP922620","20NH23IP922620C6","Ky St Cabinet For Health And Family Services","2025-03-24","23010465.00","13677513.18","","9332951.82","Immunization And Vaccines For Children","N/A - Departmental Authority","","","","","2025-03-29"
"CDC","NH23IP922620","20NH23IP922620IISC6","Ky St Cabinet For Health And Family Services","2025-03-24","1025045.00","663368.04","","361676.96","Immunization And Vaccines For Children","N/A - Departmental Authority","","","","","2025-03-29"
"CDC","NH23IP922620","20NH23IP922620UDSPC5","Ky St Cabinet For Health And Family Services","2025-03-24","15056640.00","6423526.01","","8633113.99","Immunization And Vaccines For Children","N/A - Departmental Authority","","","","","2025-03-29"
"CDC","NH23IP922621","20NH23IP922621C5","La St Dept Of Hlth & Hospitals, Office Of Public Health","2025-03-24","53867739.00","36434691.30","","17433047.70","Immunization And Vaccines For Children","N/A - Departmental Authority","","","","","2025-03-29"
"CDC","NH23IP922622","19NH23IP922622C3","Ia St Department Of Public Health","2025-03-24","1260853.00","1073170.58","","187682.42","Immunization And Vaccines For Children","N/A - Departmental Authority","","","","","2025-03-29"
"CDC","NH23IP922622","20NH23IP922622C3","Ia St Department Of Public Health","2025-03-24","2576541.00","1862930.56","","713610.44","Immunization And Vaccines For Children","N/A - Departmental Authority","","","","","2025-03-29"
"CDC","NH23IP922622","20NH23IP922622C5","Ia St Department Of Public Health","2025-03-24","37916635.00","19875741.49","","18040893.51","Immunization And Vaccines For Children","N/A - Departmental Authority","","","","","2025-03-29"
"CDC","NH23IP922622","20NH23IP922622C6","Ia St Department Of Public Health","2025-03-24","21249249.00","20225327.94","","1023921.06","Immunization And Vaccines For Children","N/A - Departmental Authority","","","","","2025-03-29"
"CDC","NH23IP922622","20NH23IP922622IISC6","Ia St Department Of Public Health","2025-03-24","782646.00","69900.00","","712746.00","Immunization And Vaccines For Children","N/A - Departmental Authority","","","","","2025-03-29"
"CDC","NH23IP922622","20NH23IP922622UDSPC5","Ia St Department Of Public Health","2025-03-24","2850875.00","","","2850875.00","Immunization And Vaccines For Children","N/A - Departmental Authority","","","","","2025-03-29"
"CDC","NH23IP922623","20NH23IP922623C6","Health, North Dakota Department Of","2025-03-24","29297083.00","22216680.00","","7080403.00","Immunization And Vaccines For Children","N/A - Departmental Authority","","","","","2025-03-29"
"CDC","NH23IP922623","20NH23IP922623IISC6","Health, North Dakota Department Of","2025-03-24","340730.00","172759.00","","167971.00","Immunization And Vaccines For Children","N/A - Departmental Authority","","","","","2025-03-29"
"CDC","NH23IP922623","20NH23IP922623UDSPC5","Health, North Dakota Department Of","2025-03-24","2451143.00","1166901.00","","1284242.00","Immunization And Vaccines For Children","N/A - Departmental Authority","","","","","2025-03-29"
"CDC","NH23IP922624","19NH23IP922624C3","Nc St Department Of Health & Human Services","2025-03-24","4345415.00","3180422.52","","1164992.48","Immunization And Vaccines For Children","N/A - Departmental Authority","","","","","2025-03-29"
"CDC","NH23IP922624","20NH23IP922624C3","Nc St Department Of Health & Human Services","2025-03-24","10068159.00","7077293.07","","2990865.93","Immunization And Vaccines For Children","N/A - Departmental Authority","","","","","2025-03-29"
"CDC","NH23IP922624","20NH23IP922624C5","Nc St Department Of Health & Human Services","2025-03-24","125519361.00","91397799.53","","34121561.47","Immunization And Vaccines For Children","N/A - Departmental Authority","","","","","2025-03-29"
"CDC","NH23IP922624","20NH23IP922624C6","Nc St Department Of Health & Human Services","2025-03-24","54018207.00","36128119.71","","17890087.29","Immunization And Vaccines For Children","N/A - Departmental Authority","","","","","2025-03-29"
"CDC","NH23IP922624","20NH23IP922624IISC6","Nc St Department Of Health & Human Services","2025-03-24","2136833.00","","","2136833.00","Immunization And Vaccines For Children","N/A - Departmental Authority","","","","","2025-03-29"
"CDC","NH23IP922624","20NH23IP922624UDSPC5","Nc St Department Of Health & Human Services","2025-03-24","10000000.00","487005.30","","9512994.70","Immunization And Vaccines For Children","N/A - Departmental Authority","","","","","2025-03-29"
"CDC","NH23IP922625","19NH23IP922625C3","Ny St Dept Of Health","2025-03-24","5277968.00","4788350.17","","489617.83","Immunization And Vaccines For Children","N/A - Departmental Authority","","","","","2025-03-29"
"CDC","NH23IP922625","20NH23IP922625C3","Ny St Dept Of Health","2025-03-24","12818843.00","11893192.63","","925650.37","Immunization And Vaccines For Children","N/A - Departmental Authority","","","","","2025-03-29"
"CDC","NH23IP922625","20NH23IP922625C5","Ny St Dept Of Health","2025-03-24","131683462.00","88507210.75","","43176251.25","Immunization And Vaccines For Children","N/A - Departmental Authority","","","","","2025-03-29"
"CDC","NH23IP922625","20NH23IP922625C6","Ny St Dept Of Health","2025-03-24","57256080.00","32717366.93","","24538713.07","Immunization And Vaccines For Children","N/A - Departmental Authority","","","","","2025-03-29"
"CDC","NH23IP922625","20NH23IP922625IISC6","Ny St Dept Of Health","2025-03-24","3461531.00","1200000.00","","2261531.00","Immunization And Vaccines For Children","N/A - Departmental Authority","","","","","2025-03-29"
"CDC","NH23IP922625","20NH23IP922625UDSPC5","Ny St Dept Of Health","2025-03-24","11958985.00","3053472.08","","8905512.92","Immunization And Vaccines For Children","N/A - Departmental Authority","","","","","2025-03-29"
"CDC","NH23IP922626","20NH23IP922626C3","Or St Health Division","2025-03-24","4180936.00","3927858.39","","253077.61","Immunization And Vaccines For Children","N/A - Departmental Authority","","","","","2025-03-29"
"CDC","NH23IP922626","20NH23IP922626C5","Or St Health Division","2025-03-24","48358517.00","39653153.02","","8705363.98","Immunization And Vaccines For Children","N/A - Departmental Authority","","","","","2025-03-29"
"CDC","NH23IP922627","19NH23IP922627C3","Ks St Department Of Health & Environment","2025-03-24","1191249.00","767763.95","","423485.05","Immunization And Vaccines For Children","N/A - Departmental Authority","","","","","2025-03-29"
"CDC","NH23IP922627","20NH23IP922627C3","Ks St Department Of Health & Environment","2025-03-24","2407491.00","1459879.08","","947611.92","Immunization And Vaccines For Children","N/A - Departmental Authority","","","","","2025-03-29"
"CDC","NH23IP922627","20NH23IP922627C5","Ks St Department Of Health & Environment","2025-03-24","35011234.00","28952497.82","","6058736.18","Immunization And Vaccines For Children","N/A - Departmental Authority","","","","","2025-03-29"
"CDC","NH23IP922627","20NH23IP922627C6","Ks St Department Of Health & Environment","2025-03-24","25109056.00","17745108.19","","7363947.81","Immunization And Vaccines For Children","N/A - Departmental Authority","","","","","2025-03-29"
"CDC","NH23IP922627","20NH23IP922627IISC6","Ks St Department Of Health & Environment","2025-03-24","738001.00","491267.99","","246733.01","Immunization And Vaccines For Children","N/A - Departmental Authority","","","","","2025-03-29"
"CDC","NH23IP922628","20NH23IP922628C3","Mn St Department Of Health","2025-03-24","5811465.00","5703298.40","","108166.60","Immunization And Vaccines For Children","N/A - Departmental Authority","","","","","2025-03-29"
"CDC","NH23IP922628","20NH23IP922628C5","Mn St Department Of Health","2025-03-24","67775317.00","56107655.00","","11667662.00","Immunization And Vaccines For Children","N/A - Departmental Authority","","","","","2025-03-29"
"CDC","NH23IP922628","20NH23IP922628C6","Mn St Department Of Health","2025-03-24","32716008.00","23168140.43","","9547867.57","Immunization And Vaccines For Children","N/A - Departmental Authority","","","","","2025-03-29"
"CDC","NH23IP922628","20NH23IP922628IISC6","Mn St Department Of Health","2025-03-24","1241470.00","679934.99","","561535.01","Immunization And Vaccines For Children","N/A - Departmental Authority","","","","","2025-03-29"
"CDC","NH23IP922628","20NH23IP922628UDSPC5","Mn St Department Of Health","2025-03-24","5095889.00","3346493.80","","1749395.20","Immunization And Vaccines For Children","N/A - Departmental Authority","","","","","2025-03-29"
"CDC","NH23IP922629","20NH23IP922629C3","Ma St Department Of Public Health","2025-03-24","7915064.00","7674221.05","","240842.95","Immunization And Vaccines For Children","N/A - Departmental Authority","","","","","2025-03-29"
"CDC","NH23IP922629","20NH23IP922629C5","Ma St Department Of Public Health","2025-03-24","49504101.00","47391064.49","","2113036.51","Immunization And Vaccines For Children","N/A - Departmental Authority","","","","","2025-03-29"
"CDC","NH23IP922629","20NH23IP922629C6","Ma St Department Of Public Health","2025-03-24","35710039.00","35605174.13","","104864.87","Immunization And Vaccines For Children","N/A - Departmental Authority","","","","","2025-03-29"
"CDC","NH23IP922629","20NH23IP922629UDSPC5","Ma St Department Of Public Health","2025-03-24","39555788.00","20762553.85","","18793234.15","Immunization And Vaccines For Children","N/A - Departmental Authority","","","","","2025-03-29"
"CDC","NH23IP922630","19NH23IP922630C3","State Of Ohio - Department Of Health","2025-03-24","4631935.00","4431935.00","","200000.00","Immunization And Vaccines For Children","N/A - Departmental Authority","","","","","2025-03-29"
"CDC","NH23IP922630","20NH23IP922630C5","State Of Ohio - Department Of Health","2025-03-24","139832817.00","122599998.78","","17232818.22","Immunization And Vaccines For Children","N/A - Departmental Authority","","","","","2025-03-29"
"CDC","NH23IP922630","20NH23IP922630C6","State Of Ohio - Department Of Health","2025-03-24","60203963.00","44438067.98","","15765895.02","Immunization And Vaccines For Children","N/A - Departmental Authority","","","","","2025-03-29"
"CDC","NH23IP922630","20NH23IP922630IISC6","State Of Ohio - Department Of Health","2025-03-24","858625.00","","","858625.00","Immunization And Vaccines For Children","N/A - Departmental Authority","","","","","2025-03-29"
"CDC","NH23IP922630","20NH23IP922630UDSPC5","State Of Ohio - Department Of Health","2025-03-24","10562099.00","4326955.20","","6235143.80","Immunization And Vaccines For Children","N/A - Departmental Authority","","","","","2025-03-29"
"CDC","NH23IP922631","19NH23IP922631C3","Indiana State Department Of Health","2025-03-24","2317387.00","1665745.02","","651641.98","Immunization And Vaccines For Children","N/A - Departmental Authority","","","","","2025-03-29"
"CDC","NH23IP922631","20NH23IP922631C3","Indiana State Department Of Health","2025-03-24","5628345.00","1522896.74","","4105448.26","Immunization And Vaccines For Children","N/A - Departmental Authority","","","","","2025-03-29"
"CDC","NH23IP922631","20NH23IP922631C5","Indiana State Department Of Health","2025-03-24","51256841.00","48262214.05","","2994626.95","Immunization And Vaccines For Children","N/A - Departmental Authority","","","","","2025-03-29"
"CDC","NH23IP922631","20NH23IP922631C6","Indiana State Department Of Health","2025-03-24","34673864.00","24321024.22","","10352839.78","Immunization And Vaccines For Children","N/A - Departmental Authority","","","","","2025-03-29"
"CDC","NH23IP922631","20NH23IP922631UDSPC5","Indiana State Department Of Health","2025-03-24","35731976.00","24849742.12","","10882233.88","Immunization And Vaccines For Children","N/A - Departmental Authority","","","","","2025-03-29"
"CDC","NH23IP922632","19NH23IP922632C3","Health, Maryland Department Of","2025-03-24","2819206.00","2618003.70","","201202.30","Immunization And Vaccines For Children","N/A - Departmental Authority","","","","","2025-03-29"
"CDC","NH23IP922632","20NH23IP922632C3","Health, Maryland Department Of","2025-03-24","6847136.00","4308122.12","","2539013.88","Immunization And Vaccines For Children","N/A - Departmental Authority","","","","","2025-03-29"
"CDC","NH23IP922632","20NH23IP922632C5","Health, Maryland Department Of","2025-03-24","68431990.00","39663890.84","","28768099.16","Immunization And Vaccines For Children","N/A - Departmental Authority","","","","","2025-03-29"
"CDC","NH23IP922632","20NH23IP922632C6","Health, Maryland Department Of","2025-03-24","31137889.00","15447333.37","","15690555.63","Immunization And Vaccines For Children","N/A - Departmental Authority","","","","","2025-03-29"
"CDC","NH23IP922632","20NH23IP922632IISC6","Health, Maryland Department Of","2025-03-24","1316455.00","","","1316455.00","Immunization And Vaccines For Children","N/A - Departmental Authority","","","","","2025-03-29"
"CDC","NH23IP922632","20NH23IP922632UDSPC5","Health, Maryland Department Of","2025-03-24","9685871.00","6330994.60","","3354876.40","Immunization And Vaccines For Children","N/A - Departmental Authority","","","","","2025-03-29"
"CDC","NH23IP922633","20NH23IP922633C3","Health And Welfare, Idaho Department Of","2025-03-24","1478647.00","1045279.90","","433367.10","Immunization And Vaccines For Children","N/A - Departmental Authority","","","","","2025-03-29"
"CDC","NH23IP922633","20NH23IP922633C6","Health And Welfare, Idaho Department Of","2025-03-24","23900194.00","11220956.27","","12679237.73","Immunization And Vaccines For Children","N/A - Departmental Authority","","","","","2025-03-29"
"CDC","NH23IP922633","20NH23IP922633IISC6","Health And Welfare, Idaho Department Of","2025-03-24","530017.00","","","530017.00","Immunization And Vaccines For Children","N/A - Departmental Authority","","","","","2025-03-29"
"CDC","NH23IP922633","20NH23IP922633UDSPC5","Health And Welfare, Idaho Department Of","2025-03-24","3252509.00","","","3252509.00","Immunization And Vaccines For Children","N/A - Departmental Authority","","","","","2025-03-29"
"CDC","NH23IP922634","20NH23IP922634C3","Health, Pennsylvania Department Of","2025-03-24","10551091.00","8283505.21","","2267585.79","Immunization And Vaccines For Children","N/A - Departmental Authority","","","","","2025-03-29"
"CDC","NH23IP922634","20NH23IP922634C5","Health, Pennsylvania Department Of","2025-03-24","117316834.00","89470478.90","","27846355.10","Immunization And Vaccines For Children","N/A - Departmental Authority","","","","","2025-03-29"
"CDC","NH23IP922634","20NH23IP922634C6","Health, Pennsylvania Department Of","2025-03-24","57777206.00","28344643.34","","29432562.66","Immunization And Vaccines For Children","N/A - Departmental Authority","","","","","2025-03-29"
"CDC","NH23IP922634","20NH23IP922634IISC6","Health, Pennsylvania Department Of","2025-03-24","2564142.00","760361.93","","1803780.07","Immunization And Vaccines For Children","N/A - Departmental Authority","","","","","2025-03-29"
"CDC","NH23IP922634","20NH23IP922634UDSPC5","Health, Pennsylvania Department Of","2025-03-24","27633000.00","","","27633000.00","Immunization And Vaccines For Children","N/A - Departmental Authority","","","","","2025-03-29"
"CDC","NH23IP922635","19NH23IP922635C3","Michigan Department Of Health And Human Services","2025-03-24","4321333.00","4112351.11","","208981.89","Immunization And Vaccines For Children","N/A - Departmental Authority","","","","","2025-03-29"
"CDC","NH23IP922635","20NH23IP922635C5","Michigan Department Of Health And Human Services","2025-03-24","94618379.00","80272887.31","","14345491.69","Immunization And Vaccines For Children","N/A - Departmental Authority","","","","","2025-03-29"
"CDC","NH23IP922635","20NH23IP922635C6","Michigan Department Of Health And Human Services","2025-03-24","51436669.00","48828604.16","","2608064.84","Immunization And Vaccines For Children","N/A - Departmental Authority","","","","","2025-03-29"
"CDC","NH23IP922635","20NH23IP922635IISC6","Michigan Department Of Health And Human Services","2025-03-24","2044272.00","144554.11","","1899717.89","Immunization And Vaccines For Children","N/A - Departmental Authority","","","","","2025-03-29"
"CDC","NH23IP922635","20NH23IP922635UDSPC5","Michigan Department Of Health And Human Services","2025-03-24","34424493.00","4011036.95","","30413456.05","Immunization And Vaccines For Children","N/A - Departmental Authority","","","","","2025-03-29"
"CDC","NH23IP922636","20NH23IP922636C5","New York, City Of","2025-03-24","100189235.00","93342069.58","","6847165.42","Immunization And Vaccines For Children","N/A - Departmental Authority","","","","","2025-03-29"
"CDC","NH23IP922636","20NH23IP922636C6","New York, City Of","2025-03-24","61984818.00","40189300.79","","21795517.21","Immunization And Vaccines For Children","N/A - Departmental Authority","","","","","2025-03-29"
"CDC","NH23IP922637","19NH23IP922637C3","Il St Dept Of Public Health","2025-03-24","4350829.00","4038434.61","","312394.39","Immunization And Vaccines For Children","N/A - Departmental Authority","","","","","2025-03-29"
"CDC","NH23IP922637","20NH23IP922637C5","Il St Dept Of Public Health","2025-03-24","113713946.00","75084266.88","","38629679.12","Immunization And Vaccines For Children","N/A - Departmental Authority","","","","","2025-03-29"
"CDC","NH23IP922637","20NH23IP922637C6","Il St Dept Of Public Health","2025-03-24","51390254.00","37971785.44","","13418468.56","Immunization And Vaccines For Children","N/A - Departmental Authority","","","","","2025-03-29"
"CDC","NH23IP922637","20NH23IP922637IISC6","Il St Dept Of Public Health","2025-03-24","1464876.00","690807.67","","774068.33","Immunization And Vaccines For Children","N/A - Departmental Authority","","","","","2025-03-29"
"CDC","NH23IP922637","20NH23IP922637UDSPC5","Il St Dept Of Public Health","2025-03-24","15212480.00","78683.10","","15133796.90","Immunization And Vaccines For Children","N/A - Departmental Authority","","","","","2025-03-29"
"CDC","NH23IP922638","19NH23IP922638C3","Gu Department Of Public Health & Social Service","2025-03-24","150000.00","49415.06","","100584.94","Immunization And Vaccines For Children","N/A - Departmental Authority","","","","","2025-03-29"
"CDC","NH23IP922638","20NH23IP922638C3","Gu Department Of Public Health & Social Service","2025-03-24","360000.00","109770.48","","250229.52","Immunization And Vaccines For Children","N/A - Departmental Authority","","","","","2025-03-29"
"CDC","NH23IP922638","20NH23IP922638C5","Gu Department Of Public Health & Social Service","2025-03-24","1945041.00","1055111.00","","889930.00","Immunization And Vaccines For Children","N/A - Departmental Authority","","","","","2025-03-29"
"CDC","NH23IP922638","20NH23IP922638C6","Gu Department Of Public Health & Social Service","2025-03-24","2332862.00","1244046.44","","1088815.56","Immunization And Vaccines For Children","N/A - Departmental Authority","","","","","2025-03-29"
"CDC","NU66IP000681","20NU66IP000681C6","American Academy Of Family Physicians","2025-03-24","349157.00","207618.36","","141538.64","Improving Adult Vaccination Coverage Through Partnerships With Providers And National Organizations","N/A - Departmental Authority","","","","","2025-03-29"
"CDC","NU51IP000948","22NU51IP000948C3","National Health Laboratory Service","2025-03-24","175000.00","47256.68","","127743.32","Surveillance And Response To Avian And Pandemic Influenza By National Health Authorities Outside The United States","N/A - Departmental Authority","","","","","2025-03-29"
"CDC","NU51IP000937","21NU51IP000937C3","World Health Organization","2025-03-24","328260.00","125686.00","","202574.00","Surveillance And Response To Seasonal And Pandemic Influenza By Regional Offices Of The World Health Organization","N/A - Departmental Authority","","","","","2025-03-29"
"CDC","NU51IP000942","21NU51IP000942C3","Task Force For Global Health, Inc (The)","2025-03-24","13709526.00","13217272.05","","492253.95","Expansion Of Seasonal Influenza Vaccination Programs In Low","N/A - Departmental Authority","","","","","2025-03-29"
"CDC","NH23IP922641","21NH23IP922641C5","National Urban League","2025-03-24","12689163.46","11295607.62","","1393555.84","Partnering With National Organizations To Increase Vaccination Coverage Across Different Racial And Ethnic Adult Populations Currently Experiencing Disparities","N/A - Departmental Authority","","","","","2025-03-29"
"CDC","NH23IP922643","21NH23IP922643C5","Unidosus","2025-03-24","12187974.47","11010604.76","","1177369.71","Partnering With National Organizations To Increase Vaccination Coverage Across Different Racial And Ethnic Adult Populations Currently Experiencing Disparities","N/A - Departmental Authority","","","","","2025-03-29"
"CDC","NH23IP922643","21NH23IP922643C6","Unidosus","2025-03-24","9479137.00","8490343.38","","988793.62","Partnering With National Organizations To Increase Vaccination Coverage Across Different Racial And Ethnic Adult Populations Currently Experiencing Disparities","N/A - Departmental Authority","","","","","2025-03-29"
"CDC","NH23IP922644","21NH23IP922644C5","Northwest Portland.","2025-03-24","2469997.00","1633721.28","","836275.72","Partnering With National Organizations To Increase Vaccination Coverage Across Different Racial And Ethnic Adult Populations Currently Experiencing Disparities","N/A - Departmental Authority","","","","","2025-03-29"
"CDC","NH23IP922655","21NH23IP922655C5","Amda-The Society For Post-Acute And Long-Term Care Medi","2025-03-24","5633744.00","4351591.35","","1282152.65","N/A","N/A - Departmental Authority","","","","","2025-03-29"
"CDC","NH23IP922656","21NH23IP922656C5","Council Of Medical Specialty Societies","2025-03-24","32251598.00","21783467.21","","10468130.79","Improving Adult Immunization Rates For Covid-19 Influenza, An","N/A - Departmental Authority","","","","","2025-03-29"
"CDC","NU60OE000104","20NU60OE000104C5","Association Of Public Health Laboratories, Inc. (The)","2025-03-24","6329388.00","2950187.59","","3379200.41","Enhancing Public Health Laboratory Capabilities And Increasing Capacity","N/A - Departmental Authority","","","","","2025-03-29"
"CDC","NU38OT000297","18NU38OT000297C5","Council Of State & Territory Epidemiologists","2025-03-24","2365061.00","2262176.06","","102884.94","Preventive Health And Health Services - Strengthening Public Health Systems And Services Through National Partnerships To Improve And Protect The Nation'S Health - Financed In Part By Prevention And Public Health Funds (Pphf)","N/A - Departmental Authority","","","","","2025-03-29"
"CDC","NU38OT000297","18NU38OT000297CV","Council Of State & Territory Epidemiologists","2025-03-24","17542312.00","16852233.26","","690078.74","Preventive Health And Health Services - Strengthening Public Health Systems And Services Through National Partnerships To Improve And Protect The Nation'S Health - Financed In Part By Prevention And Public Health Funds (Pphf)","N/A - Departmental Authority","","","","","2025-03-29"
"CDC","NU38OT000306","18NU38OT000306C5","National Association Of County And City Health Official","2025-03-24","16000000.00","15510000.00","","490000.00","Preventive Health And Health Services - Strengthening Public Health Systems And Services Through National Partnerships To Improve And Protect The Nation'S Health - Financed In Part By Prevention And Public Health Funds (Pphf)","N/A - Departmental Authority","","","","","2025-03-29"
"CDC","NU38OT000306","18NU38OT000306CV","National Association Of County And City Health Official","2025-03-24","15927500.00","14371000.00","","1556500.00","Preventive Health And Health Services - Strengthening Public Health Systems And Services Through National Partnerships To Improve And Protect The Nation'S Health - Financed In Part By Prevention And Public Health Funds (Pphf)","N/A - Departmental Authority","","","","","2025-03-29"
"CDC","NU38OT000310","18NU38OT000310C5","National Association Of Community Health Centers, Inc","2025-03-24","23300000.00","21874612.49","","1425387.51","Preventive Health And Health Services - Strengthening Public Health Systems And Services Through National Partnerships To Improve And Protect The Nation'S Health - Financed In Part By Prevention And Public Health Funds (Pphf)","N/A - Departmental Authority","","","","","2025-03-29"
"CDC","NU65PS923721","20NU65PS923721CV","Health Research, Inc.","2025-03-24","1800000.00","1654588.84","","145411.16","N/A","N/A - Departmental Authority","","","","","2025-03-29"
"CDC","NU65PS923724","20NU65PS923724CV","Health Care Education & Training, Inc","2025-03-24","1800000.00","1053905.37","","746094.63","N/A","N/A - Departmental Authority","","","","","2025-03-29"
"CDC","NU38TO000012","23NU38TO000012C3","Chickasaw Nation Of Oklahoma","2025-03-24","250000.00","","","250000.00","Strengthening Public Health Systems And Services In Indian Country - 2023","N/A - Departmental Authority","","","","","2025-03-29"
"CDC","NU38TO000015","23NU38TO000015C3","Turtle Mountain Band Of Chippewa Indians","2025-03-24","210000.00","","","210000.00","Strengthening Public Health Systems And Services In Indian Country - 2023","N/A - Departmental Authority","","","","","2025-03-29"
"CDC","NU38TO000019","23NU38TO000019C3","The Cherokee Nation","2025-03-24","250000.00","","","250000.00","Strengthening Public Health Systems And Services In Indian Country - 2023","N/A - Departmental Authority","","","","","2025-03-29"
"CDC","NU38TO000023","23NU38TO000023C3","Wabanaki Public Health & Wellness Npc","2025-03-24","250000.00","21421.96","","228578.04","Strengthening Public Health Systems And Services In Indian Country - 2023","N/A - Departmental Authority","","","","","2025-03-29"
"CDC","U01CK000643","22U01CK000643C6","University Of California-Los Angeles, Board Of Regents","2025-03-24","11000000.00","4169331.21","","6830668.79","Emerging Infections Sentinel Networks (Eisn) Research - 2022","N/A - Departmental Authority","","","","","2025-03-29"
"CDC","U01GH002249","19U01GH00224920CV","Institut Pasteur De Dakar","2025-03-24","1210000.00","900284.00","","309716.00","Advancing Infectious Disease Detection And Response In Senegal","N/A - Departmental Authority","","","","","2025-03-29"
"CDC","U01GH002259","19U01GH002259C3","International Center For Diarrhoeal Disease Research","2025-03-24","770000.00","611776.00","","158224.00","Advancing Public Health Research In Bangladesh","N/A - Departmental Authority","","","","","2025-03-29"
"CDC","U01GH002248","19U01GH00224820CV","The Infectious Diseases Institute Limited","2025-03-24","930000.00","800487.43","","129512.57","Advancing Infectious Disease Detection And Response In Uganda","N/A - Departmental Authority","","","","","2025-03-29"
"CDC","U01GH002291","20U01GH002291C3","Instituto Nacional De Salud","2025-03-24","1313000.00","1186484.96","","126515.04","Conducting Public Health Research In Colombia","N/A - Departmental Authority","","","","","2025-03-29"
"CDC","U01GH002272","20U01GH002272C3","L.Sakvarelidze Natl Ctr For Disease Cntrl & Public Hlth","2025-03-24","200000.00","69820.00","","130180.00","Conducting Public Health Research In Georgia","N/A - Departmental Authority","","","","","2025-03-29"
"CDC","U01GH002266","21U01GH002266C3","Universidad Peruana Cayetano Heredia","2025-03-24","1460000.00","1319694.83","","140305.17","Conducting Public Health Research In South America","N/A - Departmental Authority","","","","","2025-03-29"
"CDC","U01GH002346","21U01GH002346C3","Washington State University","2025-03-24","3070766.00","2929627.23","","141138.77","Advancing Public Health Research In Kenya","N/A - Departmental Authority","","","","","2025-03-29"
"CDC","U01IP001136","20U01IP00113620CV","University Of Texas At Austin","2025-03-24","774699.00","661184.19","","113514.81","Network Of Modeling Centers To Improve Evidence Base For Seasonal And Pandemic Influenza Prevention And Control","N/A - Departmental Authority","","","","","2025-03-29"
"CDC","U01IP001137","20U01IP001137C5","Northeastern University","2025-03-24","375000.00","165370.11","","209629.89","Network Of Modeling Centers To Improve Evidence Base For Seasonal And Pandemic Influenza Prevention And Control","N/A - Departmental Authority","","","","","2025-03-29"
"CDC","U01IP001138","20U01IP00113820CV","Regents Of The University Of Michigan","2025-03-24","773460.00","444502.42","","328957.58","Network Of Modeling Centers To Improve Evidence Base For Seasonal And Pandemic Influenza Prevention And Control","N/A - Departmental Authority","","","","","2025-03-29"
"CDC","U01IP001141","20U01IP001141C5","University Of Pittsburgh, The","2025-03-24","375000.00","253943.45","","121056.55","Network Of Modeling Centers To Improve Evidence Base For Seasonal And Pandemic Influenza Prevention And Control","N/A - Departmental Authority","","","","","2025-03-29"
"CDC","U01IP001189","22U01IP001189C5","Baylor Research Institute","2025-03-24","500000.00","382279.06","","117720.94","Us Platform To Measure Effectiveness Of Seasonal Influenza, Covid-19 And Other Respiratory Virus Vaccines For The Prevention Of Acute Illness In Ambulatory Settings - 2022","N/A - Departmental Authority","","","","","2025-03-29"
"CDC","NU38CK000485","21NU38CK000485C5","Auckland Uniservices Limited","2025-03-24","10108491.00","6221262.57","","3887228.43","Globally Coordinated Safety Monitoring For Covid-19 Vaccines","N/A - Departmental Authority","","","","","2025-03-29"
"CDC","NU58DP006986","21NU58DP006986C3","Harris County","2025-03-24","9749492.00","8715481.57","","1034010.43","Community Health Workers For Covid Response And Resilient Communities (Ccr)","N/A - Departmental Authority","","","","","2025-03-29"
"CDC","NU58DP006988","21NU58DP006988C3","Health, New Jersey Department Of","2025-03-24","9000000.00","6772059.28","","2227940.72","Community Health Workers For Covid Response And Resilient Communities (Ccr)","N/A - Departmental Authority","","","","","2025-03-29"
"CDC","NU58DP006992","21NU58DP006992C3","Arizona Health Care Cost Containment System","2025-03-24","6000000.00","4147137.80","","1852862.20","Community Health Workers For Covid Response And Resilient Communities (Ccr)","N/A - Departmental Authority","","","","","2025-03-29"
"CDC","NU58DP006993","21NU58DP006993C3","Cook County Health Bureau","2025-03-24","9000000.00","4990287.65","","4009712.35","Community Health Workers For Covid Response And Resilient Communities (Ccr)","N/A - Departmental Authority","","","","","2025-03-29"
"CDC","NU58DP006995","21NU58DP006995C3","Health Services Kentucky Cabinet For","2025-03-24","9128957.00","7579368.22","","1549588.78","Community Health Workers For Covid Response And Resilient Communities (Ccr)","N/A - Departmental Authority","","","","","2025-03-29"
"CDC","NU58DP006996","21NU58DP006996C3","Oklahoma State Department Of Health","2025-03-24","3000000.00","1551267.42","","1448732.58","Community Health Workers For Covid Response And Resilient Communities (Ccr)","N/A - Departmental Authority","","","","","2025-03-29"
"CDC","NU58DP006997","21NU58DP006997C3","Tulare, County Of","2025-03-24","1800000.00","1400588.20","","399411.80","Community Health Workers For Covid Response And Resilient Communities (Ccr)","N/A - Departmental Authority","","","","","2025-03-29"
"CDC","NU58DP006998","21NU58DP006998C3","Puerto Rico Science, Technology, And Research Trust","2025-03-24","8999162.00","7133597.31","","1865564.69","Community Health Workers For Covid Response And Resilient Communities (Ccr)","N/A - Departmental Authority","","","","","2025-03-29"
"CDC","NU58DP006999","21NU58DP006999C3","Nashville & Davidson County, Metropolitan Government Of","2025-03-24","3000000.00","1552900.38","","1447099.62","Community Health Workers For Covid Response And Resilient Communities (Ccr)","N/A - Departmental Authority","","","","","2025-03-29"
"CDC","NU58DP007000","21NU58DP007000C3","Atlantic County","2025-03-24","1950000.00","1497052.92","","452947.08","Community Health Workers For Covid Response And Resilient Communities (Ccr)","N/A - Departmental Authority","","","","","2025-03-29"
"CDC","NU58DP007002","21NU58DP007002C3","St. Joseph County Auditor","2025-03-24","2971636.00","2493953.14","","477682.86","Community Health Workers For Covid Response And Resilient Communities (Ccr)","N/A - Departmental Authority","","","","","2025-03-29"
"CDC","NU58DP007003","21NU58DP007003C3","Public Health Authority Of Cabarrus County","2025-03-24","2286202.00","2057598.78","","228603.22","Community Health Workers For Covid Response And Resilient Communities (Ccr)","N/A - Departmental Authority","","","","","2025-03-29"
"CDC","NU58DP007004","21NU58DP007004C3","County Of San Joaquin","2025-03-24","2983938.00","2529122.91","","454815.09","Community Health Workers For Covid Response And Resilient Communities (Ccr)","N/A - Departmental Authority","","","","","2025-03-29"
"CDC","NU58DP007008","21NU58DP007008C3","St. Louis County, Missouri","2025-03-24","14134989.00","4979992.67","","9154996.33","Community Health Workers For Covid Response And Resilient Communities (Ccr)","N/A - Departmental Authority","","","","","2025-03-29"
"CDC","NU58DP007011","21NU58DP007011C3","Tuba City Regional Health Care Corporation","2025-03-24","6000000.00","5475192.20","","524807.80","Community Health Workers For Covid Response And Resilient Communities (Ccr)","N/A - Departmental Authority","","","","","2025-03-29"
"CDC","NU58DP007012","21NU58DP007012C3","State Of Wisconsin Department Of Health Services","2025-03-24","9000000.00","7184883.92","","1815116.08","Community Health Workers For Covid Response And Resilient Communities (Ccr)","N/A - Departmental Authority","","","","","2025-03-29"
"CDC","NU58DP007013","21NU58DP007013C3","Boston Public Health Commission","2025-03-24","8915790.00","7585591.87","","1330198.13","Community Health Workers For Covid Response And Resilient Communities (Ccr)","N/A - Departmental Authority","","","","","2025-03-29"
"CDC","NU58DP007014","21NU58DP007014C3","Jackson County Health District","2025-03-24","4396526.00","2266141.77","","2130384.23","Community Health Workers For Covid Response And Resilient Communities (Ccr)","N/A - Departmental Authority","","","","","2025-03-29"
"CDC","NU58DP007015","21NU58DP007015C3","State Of Rhode Island Department Of Health","2025-03-24","16250000.00","14935748.18","","1314251.82","Community Health Workers For Covid Response And Resilient Communities (Ccr)","N/A - Departmental Authority","","","","","2025-03-29"
"CDC","NU58DP007016","21NU58DP007016C3","Hawaii Department Of Health","2025-03-24","6869565.00","4656518.85","","2213046.15","Community Health Workers For Covid Response And Resilient Communities (Ccr)","N/A - Departmental Authority","","","","","2025-03-29"
"CDC","NU58DP007017","21NU58DP007017C3","Public Health, Massachusetts Department Of","2025-03-24","9000000.00","6825332.48","","2174667.52","Community Health Workers For Covid Response And Resilient Communities (Ccr)","N/A - Departmental Authority","","","","","2025-03-29"
"CDC","NU58DP007019","21NU58DP007019C3","Red Cliff Band Of Lake Superior Chippewa Indians Of Wisconsin","2025-03-24","1050000.00","790300.51","","259699.49","Community Health Workers For Covid Response And Resilient Communities (Ccr)","N/A - Departmental Authority","","","","","2025-03-29"
"CDC","NU58DP007020","21NU58DP007020C3","Cheyenne Arapaho Tribe","2025-03-24","1048477.00","946571.29","","101905.71","Community Health Workers For Covid Response And Resilient Communities (Ccr)","N/A - Departmental Authority","","","","","2025-03-29"
"CDC","NU58DP007021","21NU58DP007021C3","Palau Ministry Of Health","2025-03-24","1050000.00","708238.80","","341761.20","Community Health Workers For Covid Response And Resilient Communities (Ccr)","N/A - Departmental Authority","","","","","2025-03-29"
"CDC","NU58DP007025","21NU58DP007025C3","Yellowstone City County Health Department","2025-03-24","1784857.00","1580063.17","","204793.83","Community Health Workers For Covid Response And Resilient Communities (Ccr)","N/A - Departmental Authority","","","","","2025-03-29"
"CDC","NU58DP007027","21NU58DP007027C3","Partnership Health Center Inc","2025-03-24","1800000.00","1448032.00","","351968.00","Community Health Workers For Covid Response And Resilient Communities (Ccr)","N/A - Departmental Authority","","","","","2025-03-29"
"CDC","NU58DP007028","21NU58DP007028C3","Commonwealth Healthcare Corporation","2025-03-24","1800000.00","879982.79","","920017.21","Community Health Workers For Covid Response And Resilient Communities (Ccr)","N/A - Departmental Authority","","","","","2025-03-29"
"CDC","NU58DP007030","21NU58DP007030C3","Ohio Department Of Health","2025-03-24","16087468.00","15298513.14","","788954.86","Community Health Workers For Covid Response And Resilient Communities (Ccr)","N/A - Departmental Authority","","","","","2025-03-29"
"CDC","NU58DP007034","21NU58DP007034C3","Institute For Public Health Innovation","2025-03-24","13019685.00","11951706.26","","1067978.74","Community Health Workers For Covid Response And Resilient Communities (Ccr)","N/A - Departmental Authority","","","","","2025-03-29"
"CDC","NU58DP007035","21NU58DP007035C3","Health, Washington State Department Of","2025-03-24","16250000.00","14454983.19","","1795016.81","Community Health Workers For Covid Response And Resilient Communities (Ccr)","N/A - Departmental Authority","","","","","2025-03-29"
"CDC","NU58DP007039","21NU58DP007039C3","Maryland Department Of Health","2025-03-24","1800000.00","1421194.87","","378805.13","Community Health Workers For Covid Response And Resilient Communities (Ccr)","N/A - Departmental Authority","","","","","2025-03-29"
"CDC","NU58DP007043","21NU58DP007043C3","Mobile County Board Of Health","2025-03-24","3250000.00","2376416.22","","873583.78","Community Health Workers For Covid Response And Resilient Communities (Ccr)","N/A - Departmental Authority","","","","","2025-03-29"
"CDC","NU58DP007044","21NU58DP007044C3","County Of Benton","2025-03-24","5999961.00","4994695.11","","1005265.89","Community Health Workers For Covid Response And Resilient Communities (Ccr)","N/A - Departmental Authority","","","","","2025-03-29"
"","","","","","","","","","","Total Payment","Unliquidated","","","","2025-03-29"
"Awarding","","","","","","","","","Total Amount","","","","","For Cause (Put X","2025-03-29"
"Office","","","","","","","","","Expended","","","","","if applicable)","2025-03-29"
"","","","","","","","","","","Termination)","Termination)","","","","2025-03-29"
"","","","","","","","","","","","","Community Health Workers for COVID Response and Resilient Communities","","","2025-03-29"
"CDC","NU58DP007045","21NU58DP007045C3","King County","","","","9000000.00","","7,441,853.23","","$1,558,146.77","(CCR)","N/A - Departmental Authority","","2025-03-29"
"","","","State Of North Carolina Department Of Health &","","","","","","","","","Community Health Workers for COVID Response and Resilient Communities","","","2025-03-29"
"CDC","NU58DP007048","21NU58DP007048C3","Human Services","","","","9000000.00","","6,534,659.23","","$2,465,340.77","(CCR)","N/A - Departmental Authority","","2025-03-29"
"","","","","","","","","","","","","Community Health Workers for COVID Response and Resilient Communities","","","2025-03-29"
"CDC","NU58DP007049","21NU58DP007049C3","Executive Office Of The Governor Of Delaware","","","","9000000.00","","4,696,760.44","","$4,303,239.56","(CCR)","N/A - Departmental Authority","","2025-03-29"
"","","","","","","","","","","","","Community Health Workers for COVID Response and Resilient Communities","","","2025-03-29"
"CDC","NU58DP007050","21NU58DP007050C3","Kansas Department Of Health & Environment","","","","5561668.00","","4,993,817.28","","$567,850.72","(CCR)","N/A - Departmental Authority","","2025-03-29"
"","","","","","","","","","","","","Community Health Workers for COVID Response and Resilient Communities","","","2025-03-29"
"CDC","NU58DP007051","21NU58DP007051C3","Yuma, County Of","","","","1035892.00","","779,118.22","","$256,773.78","(CCR)","N/A - Departmental Authority","","2025-03-29"
"","","","Health And Human Services, Maine Department","","","","","","","","","Community Health Workers for COVID Response and Resilient Communities","","","2025-03-29"
"CDC","NU58DP007081","22NU58DP007081C3","Of","","","","2987094.00","","2,694,289.23","","$292,804.77","(CCR)","N/A - Departmental Authority","","2025-03-29"
"","","","","","","","","","","","","Community Health Workers for COVID Response and Resilient Communities","","","2025-03-29"
"CDC","NU58DP007270","22NU58DP007270C3","Chicago Department Of Public Health","","","","3000000.00","","430,478.86","","$2,569,521.14","(CCR)","N/A - Departmental Authority","","2025-03-29"
"","","","","","","","","","","","","Community Health Workers for COVID Response and Resilient Communities","","","2025-03-29"
"CDC","NU58DP007023","21NU58DP007023C3","Health, Washington State Department Of","","","","8000000.00","","6,123,073.66","","$1,876,926.34","(CCR)- Evaluation and Technical Assistance (ETA); CCR-ETA","N/A - Departmental Authority","","2025-03-29"
"","","","","","","","","","","","","Community Health Workers for COVID Response and Resilient Communities","","","2025-03-29"
"CDC","NU58DP007024","21NU58DP007024C3","Arizona State University","","","","7848248.00","","4,385,801.31","","$3,462,446.69","(CCR)- Evaluation and Technical Assistance (ETA); CCR-ETA","N/A - Departmental Authority","","2025-03-29"
"","","","","","","","","","","","","National Initiative to Address COVID-19 Health Disparities Among Populations","","","2025-03-29"
"","","","","","","","","","","","","at High-Risk and Underserved, Including Racial and Ethnic Minority","","","2025-03-29"
"CDC","NH75OT000001","21NH75OT000001C5","State Of Georgia Department Of Public Health","","","","38825591.00","","38,368,424.31","","$457,166.69","Populations and Rural Communities","N/A - Departmental Authority","","2025-03-29"
"","","","","","","","","","","","","National Initiative to Address COVID-19 Health Disparities Among Populations","","","2025-03-29"
"","","","","","","","","","","","","at High-Risk and Underserved, Including Racial and Ethnic Minority","","","2025-03-29"
"CDC","NH75OT000004","21NH75OT000004C5","City Of Long Beach","","","","7663366.00","","7,349,057.54","","$314,308.46","Populations and Rural Communities","N/A - Departmental Authority","","2025-03-29"
"","","","","","","","","","","","","National Initiative to Address COVID-19 Health Disparities Among Populations","","","2025-03-29"
"","","","","","","","","","","","","at High-Risk and Underserved, Including Racial and Ethnic Minority","","","2025-03-29"
"CDC","NH75OT000005","21NH75OT000005C5","Arizona Department Of Health Services","","","","34603661.00","","32,843,917.04","","$1,759,743.96","Populations and Rural Communities","N/A - Departmental Authority","","2025-03-29"
"","","","","","","","","","","","","National Initiative to Address COVID-19 Health Disparities Among Populations","","","2025-03-29"
"","","","","","","","","","","","","at High-Risk and Underserved, Including Racial and Ethnic Minority","","","2025-03-29"
"CDC","NH75OT000006","21NH75OT000006C5","City Of Philadelphia","","","","8310786.00","","4,844,436.00","","$3,466,350.00","Populations and Rural Communities","N/A - Departmental Authority","","2025-03-29"
"","","","","","","","","","","","","National Initiative to Address COVID-19 Health Disparities Among Populations","","","2025-03-29"
"","","","","","","","","","","","","at High-Risk and Underserved, Including Racial and Ethnic Minority","","","2025-03-29"
"CDC","NH75OT000007","21NH75OT000007C5","County Of Fresno","","","","7897935.00","","5,312,987.74","","$2,584,947.26","Populations and Rural Communities","N/A - Departmental Authority","","2025-03-29"
"","","","","","","","","","","","","National Initiative to Address COVID-19 Health Disparities Among Populations","","","2025-03-29"
"","","","","","","","","","","","","at High-Risk and Underserved, Including Racial and Ethnic Minority","","","2025-03-29"
"CDC","NH75OT000008","21NH75OT000008C5","Multnomah County","","","","3996630.00","","3,254,841.55","","$741,788.45","Populations and Rural Communities","N/A - Departmental Authority","","2025-03-29"
"","","","","","","","","","","","","National Initiative to Address COVID-19 Health Disparities Among Populations","","","2025-03-29"
"","","","","","","","","","","","","at High-Risk and Underserved, Including Racial and Ethnic Minority","","","2025-03-29"
"CDC","NH75OT000011","21NH75OT000011C5","Maricopa, County Of","","","","26562053.00","","25,413,651.35","","$1,148,401.65","Populations and Rural Communities","N/A - Departmental Authority","","2025-03-29"
"","","","","","","","","","","","","National Initiative to Address COVID-19 Health Disparities Among Populations","","","2025-03-29"
"","","","","","","","","","","","","at High-Risk and Underserved, Including Racial and Ethnic Minority","","","2025-03-29"
"CDC","NH75OT000012","21NH75OT000012C5","Kcmo Health Dept","","","","3674514.00","","3,041,160.60","","$633,353.40","Populations and Rural Communities","N/A - Departmental Authority","","2025-03-29"
"","","","","","","","","","","","","National Initiative to Address COVID-19 Health Disparities Among Populations","","","2025-03-29"
"","","","Ministry Of Health In The Repu Blic Of The","","","","","","","","","at High-Risk and Underserved, Including Racial and Ethnic Minority","","","2025-03-29"
"CDC","NH75OT000014","21NH75OT000014C5","Marshall Islands","","","","654603.00","","551,720.51","","$102,882.49","Populations and Rural Communities","N/A - Departmental Authority","","2025-03-29"
"","","","","","","","","","","","","National Initiative to Address COVID-19 Health Disparities Among Populations","","","2025-03-29"
"","","","","","","","","","","","","at High-Risk and Underserved, Including Racial and Ethnic Minority","","","2025-03-29"
"CDC","NH75OT000016","21NH75OT000016C5","County Of Santa Clara","","","","5727874.00","","5,403,231.17","","$324,642.83","Populations and Rural Communities","N/A - Departmental Authority","","2025-03-29"
"","","","","","","","","","","","","National Initiative to Address COVID-19 Health Disparities Among Populations","","","2025-03-29"
"","","","","","","","","","","","","at High-Risk and Underserved, Including Racial and Ethnic Minority","","","2025-03-29"
"CDC","NH75OT000019","21NH75OT000019C5","County Of Riverside","","","","23420926.00","","17,876,023.28","","$5,544,902.72","Populations and Rural Communities","N/A - Departmental Authority","","2025-03-29"
"","","","","","","","","","","","","National Initiative to Address COVID-19 Health Disparities Among Populations","","","2025-03-29"
"","","","","","","","","","","","","at High-Risk and Underserved, Including Racial and Ethnic Minority","","","2025-03-29"
"CDC","NH75OT000021","21NH75OT000021C5","Mecklenburg County","","","","4936739.00","","3,808,791.34","","$1,127,947.66","Populations and Rural Communities","N/A - Departmental Authority","","2025-03-29"
"","","","","","","","","","","","","National Initiative to Address COVID-19 Health Disparities Among Populations","","","2025-03-29"
"","","","","","","","","","","","","at High-Risk and Underserved, Including Racial and Ethnic Minority","","","2025-03-29"
"CDC","NH75OT000022","21NH75OT000022C5","Commonwealth Healthcare Corporation","","","","699772.00","","592,585.13","","$107,186.87","Populations and Rural Communities","N/A - Departmental Authority","","2025-03-29"
"","","","","","","","","","","","","National Initiative to Address COVID-19 Health Disparities Among Populations","","","2025-03-29"
"","","","","","","","","","","","","at High-Risk and Underserved, Including Racial and Ethnic Minority","","","2025-03-29"
"CDC","NH75OT000024","21NH75OT000024C5","Cook County Department Of Public Health","","","","25214437.00","","22,889,186.84","","$2,325,250.16","Populations and Rural Communities","N/A - Departmental Authority","","2025-03-29"
"","","","","","","","","","","","","National Initiative to Address COVID-19 Health Disparities Among Populations","","","2025-03-29"
"","","","","","","","","","","","","at High-Risk and Underserved, Including Racial and Ethnic Minority","","","2025-03-29"
"CDC","NH75OT000025","21NH75OT000025C5","King County","","","","16997541.00","","15,293,544.17","","$1,703,996.83","Populations and Rural Communities","N/A - Departmental Authority","","2025-03-29"
"","","","","","","","","","","","","National Initiative to Address COVID-19 Health Disparities Among Populations","","","2025-03-29"
"","","","","","","","","","","","","at High-Risk and Underserved, Including Racial and Ethnic Minority","","","2025-03-29"
"CDC","NH75OT000026","21NH75OT000026C5","Harris County","","","","27627507.00","","23,192,313.34","","$4,435,193.66","Populations and Rural Communities","N/A - Departmental Authority","","2025-03-29"
"","","","","","","","","","","","","National Initiative to Address COVID-19 Health Disparities Among Populations","","","2025-03-29"
"","","","Missouri Department Of Health & Senior","","","","","","","","","at High-Risk and Underserved, Including Racial and Ethnic Minority","","","2025-03-29"
"CDC","NH75OT000027","21NH75OT000027C5","Services","","","","35569951.00","","33,404,396.90","","$2,165,554.10","Populations and Rural Communities","N/A - Departmental Authority","","2025-03-29"
"","","","","","","","","","","","","National Initiative to Address COVID-19 Health Disparities Among Populations","","","2025-03-29"
"","","","State Of North Carolina Department Of Health &","","","","","","","","","at High-Risk and Underserved, Including Racial and Ethnic Minority","","","2025-03-29"
"CDC","NH75OT000028","21NH75OT000028C5","Human Services","","","","39638025.00","","32,896,329.63","","$6,741,695.37","Populations and Rural Communities","N/A - Departmental Authority","","2025-03-29"
"","","","","","","","","","","","","National Initiative to Address COVID-19 Health Disparities Among Populations","","","2025-03-29"
"","","","","","","","","","","","","at High-Risk and Underserved, Including Racial and Ethnic Minority","","","2025-03-29"
"CDC","NH75OT000029","21NH75OT000029C5","Oregon Health Authority","","","","33925082.00","","25,480,498.45","","$8,444,583.55","Populations and Rural Communities","N/A - Departmental Authority","","2025-03-29"
"","","","","","","","","","Total Payment","Unliquidated","","","","","2025-03-29"
"Awarding","","","","","","","","","","","","","For Cause (Put X","","2025-03-29"
"Office","","","","","","","","","","","","","if applicable)","","2025-03-29"
"","","","","","","","","","Termination)","Termination)","","","","","2025-03-29"
"","","","","","","","","","","","National Initiative to Address COVID-19 Health Disparities Among Populations","","","","2025-03-29"
"","","","","","","","","","","","at High-Risk and Underserved, Including Racial and Ethnic Minority","","","","2025-03-29"
"CDC","NH75OT000030","21NH75OT000030C5","Public Health, Massachusetts Department Of","2025-03-24","","18573439.00","","18047821.72","","$525,617.28","Populations and Rural Communities","N/A - Departmental Authority","","","2025-03-29"
"","","","","","","","","","","","National Initiative to Address COVID-19 Health Disparities Among Populations","","","","2025-03-29"
"","","","New Hampshire Department Of Health &","","","","","","","","at High-Risk and Underserved, Including Racial and Ethnic Minority","","","","2025-03-29"
"CDC","NH75OT000031","21NH75OT000031C5","Human Services","2025-03-24","","24568498.00","","19539747.77","","$5,028,750.23","Populations and Rural Communities","N/A - Departmental Authority","","","2025-03-29"
"","","","","","","","","","","","National Initiative to Address COVID-19 Health Disparities Among Populations","","","","2025-03-29"
"","","","","","","","","","","","at High-Risk and Underserved, Including Racial and Ethnic Minority","","","","2025-03-29"
"CDC","NH75OT000032","21NH75OT000032C5","Minnesota Department Of Health","2025-03-24","","25091524.00","","21024920.89","","$4,066,603.11","Populations and Rural Communities","N/A - Departmental Authority","","","2025-03-29"
"","","","","","","","","","","","National Initiative to Address COVID-19 Health Disparities Among Populations","","","","2025-03-29"
"","","","","","","","","","","","at High-Risk and Underserved, Including Racial and Ethnic Minority","","","","2025-03-29"
"CDC","NH75OT000034","21NH75OT000034C5","Human Services Vermont Agency Of","2025-03-24","","28498810.00","","27347582.00","","$1,151,228.00","Populations and Rural Communities","N/A - Departmental Authority","","","2025-03-29"
"","","","","","","","","","","","National Initiative to Address COVID-19 Health Disparities Among Populations","","","","2025-03-29"
"","","","","","","","","","","","at High-Risk and Underserved, Including Racial and Ethnic Minority","","","","2025-03-29"
"CDC","NH75OT000035","21NH75OT000035C5","Public Health, California Department Of","2025-03-24","","32474916.00","","27558438.95","","$4,916,477.05","Populations and Rural Communities","N/A - Departmental Authority","","","2025-03-29"
"","","","","","","","","","","","National Initiative to Address COVID-19 Health Disparities Among Populations","","","","2025-03-29"
"","","","","","","","","","","","at High-Risk and Underserved, Including Racial and Ethnic Minority","","","","2025-03-29"
"CDC","NH75OT000037","21NH75OT000037C5","State Of Rhode Island Department Of Health","2025-03-24","","19682213.00","","17765617.35","","$1,916,595.65","Populations and Rural Communities","N/A - Departmental Authority","","","2025-03-29"
"","","","","","","","","","","","National Initiative to Address COVID-19 Health Disparities Among Populations","","","","2025-03-29"
"","","","State Of Wisconsin Department Of Health","","","","","","","","at High-Risk and Underserved, Including Racial and Ethnic Minority","","","","2025-03-29"
"CDC","NH75OT000039","21NH75OT000039C5","Services","2025-03-24","","27184789.00","","22975265.19","","$4,209,523.81","Populations and Rural Communities","N/A - Departmental Authority","","","2025-03-29"
"","","","","","","","","","","","National Initiative to Address COVID-19 Health Disparities Among Populations","","","","2025-03-29"
"","","","","","","","","","","","at High-Risk and Underserved, Including Racial and Ethnic Minority","","","","2025-03-29"
"CDC","NH75OT000040","21NH75OT000040C5","Health Services Kentucky Cabinet For","2025-03-24","","42815715.00","","37545141.22","","$5,270,573.78","Populations and Rural Communities","N/A - Departmental Authority","","","2025-03-29"
"","","","","","","","","","","","National Initiative to Address COVID-19 Health Disparities Among Populations","","","","2025-03-29"
"","","","","","","","","","","","at High-Risk and Underserved, Including Racial and Ethnic Minority","","","","2025-03-29"
"CDC","NH75OT000041","21NH75OT000041C5","South Dakota Department Of Health","2025-03-24","","37422829.00","","28651650.00","","$8,771,179.00","Populations and Rural Communities","N/A - Departmental Authority","","","2025-03-29"
"","","","","","","","","","","","National Initiative to Address COVID-19 Health Disparities Among Populations","","","","2025-03-29"
"","","","","","","","","","","","at High-Risk and Underserved, Including Racial and Ethnic Minority","","","","2025-03-29"
"CDC","NH75OT000042","21NH75OT000042C5","Health, Washington State Department Of","2025-03-24","","29015581.00","","25207466.70","","$3,808,114.30","Populations and Rural Communities","N/A - Departmental Authority","","","2025-03-29"
"","","","","","","","","","","","National Initiative to Address COVID-19 Health Disparities Among Populations","","","","2025-03-29"
"","","","Health And Human Services, Maine Department","","","","","","","","at High-Risk and Underserved, Including Racial and Ethnic Minority","","","","2025-03-29"
"CDC","NH75OT000043","21NH75OT000043C5","Of","2025-03-24","","32140247.00","","27066920.08","","$5,073,326.92","Populations and Rural Communities","N/A - Departmental Authority","","","2025-03-29"
"","","","","","","","","","","","National Initiative to Address COVID-19 Health Disparities Among Populations","","","","2025-03-29"
"","","","","","","","","","","","at High-Risk and Underserved, Including Racial and Ethnic Minority","","","","2025-03-29"
"CDC","NH75OT000045","21NH75OT000045C5","Department Of State Health Services","2025-03-24","","38950306.00","","30767589.49","","$8,182,716.51","Populations and Rural Communities","N/A - Departmental Authority","","","2025-03-29"
"","","","","","","","","","","","National Initiative to Address COVID-19 Health Disparities Among Populations","","","","2025-03-29"
"","","","","","","","","","","","at High-Risk and Underserved, Including Racial and Ethnic Minority","","","","2025-03-29"
"CDC","NH75OT000046","21NH75OT000046C5","Health, Virginia Department Of","2025-03-24","","3350369.00","","2717849.26","","$632,519.74","Populations and Rural Communities","N/A - Departmental Authority","","","2025-03-29"
"","","","","","","","","","","","National Initiative to Address COVID-19 Health Disparities Among Populations","","","","2025-03-29"
"","","","","","","","","","","","at High-Risk and Underserved, Including Racial and Ethnic Minority","","","","2025-03-29"
"CDC","NH75OT000047","21NH75OT000047C5","County Of Tulsa","2025-03-24","","5975146.00","","5832242.94","","$142,903.06","Populations and Rural Communities","N/A - Departmental Authority","","","2025-03-29"
"","","","","","","","","","","","National Initiative to Address COVID-19 Health Disparities Among Populations","","","","2025-03-29"
"","","","","","","","","","","","at High-Risk and Underserved, Including Racial and Ethnic Minority","","","","2025-03-29"
"CDC","NH75OT000049","21NH75OT000049C5","County Of San Diego","2025-03-24","","24255805.00","","21256253.22","","$2,999,551.78","Populations and Rural Communities","N/A - Departmental Authority","","","2025-03-29"
"","","","","","","","","","","","National Initiative to Address COVID-19 Health Disparities Among Populations","","","","2025-03-29"
"","","","","","","","","","","","at High-Risk and Underserved, Including Racial and Ethnic Minority","","","","2025-03-29"
"CDC","NH75OT000050","21NH75OT000050C5","City & County Of San Francisco","2025-03-24","","4669859.00","","3611255.00","","$1,058,604.00","Populations and Rural Communities","N/A - Departmental Authority","","","2025-03-29"
"","","","","","","","","","","","National Initiative to Address COVID-19 Health Disparities Among Populations","","","","2025-03-29"
"","","","","","","","","","","","at High-Risk and Underserved, Including Racial and Ethnic Minority","","","","2025-03-29"
"CDC","NH75OT000051","21NH75OT000051C5","County Of Alameda Public Health Department","2025-03-24","","7466480.00","","6879900.99","","$586,579.01","Populations and Rural Communities","N/A - Departmental Authority","","","2025-03-29"
"","","","","","","","","","","","National Initiative to Address COVID-19 Health Disparities Among Populations","","","","2025-03-29"
"","","","","","","","","","","","at High-Risk and Underserved, Including Racial and Ethnic Minority","","","","2025-03-29"
"CDC","NH75OT000052","21NH75OT000052C5","State Of Alaska Department Of Health","2025-03-24","","36041076.00","","28364133.87","","$7,676,942.13","Populations and Rural Communities","N/A - Departmental Authority","","","2025-03-29"
"","","","","","","","","","","","National Initiative to Address COVID-19 Health Disparities Among Populations","","","","2025-03-29"
"","","","","","","","","","","","at High-Risk and Underserved, Including Racial and Ethnic Minority","","","","2025-03-29"
"CDC","NH75OT000053","21NH75OT000053C5","City Of El Paso","2025-03-24","","7728202.00","","3313478.19","","$4,414,723.81","Populations and Rural Communities","N/A - Departmental Authority","","","2025-03-29"
"","","","","","","","","","","","National Initiative to Address COVID-19 Health Disparities Among Populations","","","","2025-03-29"
"","","","","","","","","","","","at High-Risk and Underserved, Including Racial and Ethnic Minority","","","","2025-03-29"
"CDC","NH75OT000054","21NH75OT000054C5","Tarrant County","2025-03-24","","27241785.00","","26701041.83","","$540,743.17","Populations and Rural Communities","N/A - Departmental Authority","","","2025-03-29"
"","","","","","","","","","","","National Initiative to Address COVID-19 Health Disparities Among Populations","","","","2025-03-29"
"","","","","","","","","","","","at High-Risk and Underserved, Including Racial and Ethnic Minority","","","","2025-03-29"
"CDC","NH75OT000055","21NH75OT000055C5","Florida Department Of Health","2025-03-24","","28007265.00","","27295250.06","","$712,014.94","Populations and Rural Communities","N/A - Departmental Authority","","","2025-03-29"
"","","","","","","","","","","","National Initiative to Address COVID-19 Health Disparities Among Populations","","","","2025-03-29"
"","","","","","","","","","","","at High-Risk and Underserved, Including Racial and Ethnic Minority","","","","2025-03-29"
"CDC","NH75OT000057","21NH75OT000057C5","Southern Nevada Health Dist","2025-03-24","","22606672.00","","20939583.42","","$1,667,088.58","Populations and Rural Communities","N/A - Departmental Authority","","","2025-03-29"
"","","","","","","","","","","","National Initiative to Address COVID-19 Health Disparities Among Populations","","","","2025-03-29"
"","","","","","","","","","","","at High-Risk and Underserved, Including Racial and Ethnic Minority","","","","2025-03-29"
"CDC","NH75OT000058","21NH75OT000058C5","Boston Public Health Commission","2025-03-24","","5645162.00","","5343570.61","","$301,591.39","Populations and Rural Communities","N/A - Departmental Authority","","","2025-03-29"
"","","","","","","","","","","","National Initiative to Address COVID-19 Health Disparities Among Populations","","","","2025-03-29"
"","","","Utah Department Of Health And Human","","","","","","","","at High-Risk and Underserved, Including Racial and Ethnic Minority","","","","2025-03-29"
"CDC","NH75OT000059","21NH75OT000059C5","Services","2025-03-24","","24137217.00","","21119200.69","","$3,018,016.31","Populations and Rural Communities","N/A - Departmental Authority","","","2025-03-29"
"","","","","","","","","","","","National Initiative to Address COVID-19 Health Disparities Among Populations","","","","2025-03-29"
"","","","","","","","","","","","at High-Risk and Underserved, Including Racial and Ethnic Minority","","","","2025-03-29"
"CDC","NH75OT000061","21NH75OT000061C5","Arkansas Department Of Health","2025-03-24","","40411710.00","","18025390.58","","$22,386,319.42","Populations and Rural Communities","N/A - Departmental Authority","","","2025-03-29"
"","","","","","","","","","Total Payment","Unliquidated","","","","","2025-03-29"
"Awarding","","","","","","","","","","","","","For Cause (Put X","","2025-03-29"
"Office","","","","","","","","","","","","","if applicable)","","2025-03-29"
"","","","","","","","","","Termination)","Termination)","","","","","2025-03-29"
"","","","","","","","","","","","National Initiative to Address COVID-19 Health Disparities Among Populations","","","","2025-03-29"
"","","","","","","","","","","","at High-Risk and Underserved, Including Racial and Ethnic Minority","","","","2025-03-29"
"CDC","NH75OT000062","21NH75OT000062C5","Florida Department Of Health","2025-03-24","","6549091.00","","6100706.66","","$448,384.34","Populations and Rural Communities","N/A - Departmental Authority","","","2025-03-29"
"","","","","","","","","","","","National Initiative to Address COVID-19 Health Disparities Among Populations","","","","2025-03-29"
"","","","","","","","","","","","at High-Risk and Underserved, Including Racial and Ethnic Minority","","","","2025-03-29"
"CDC","NH75OT000063","21NH75OT000063C5","Pima County","2025-03-24","","6510503.00","","5488450.91","","$1,022,052.09","Populations and Rural Communities","N/A - Departmental Authority","","","2025-03-29"
"","","","","","","","","","","","National Initiative to Address COVID-19 Health Disparities Among Populations","","","","2025-03-29"
"","","","","","","","","","","","at High-Risk and Underserved, Including Racial and Ethnic Minority","","","","2025-03-29"
"CDC","NH75OT000064","21NH75OT000064C5","San Bernardino Public Health","2025-03-24","","24844268.00","","21513839.54","","$3,330,428.46","Populations and Rural Communities","N/A - Departmental Authority","","","2025-03-29"
"","","","","","","","","","","","National Initiative to Address COVID-19 Health Disparities Among Populations","","","","2025-03-29"
"","","","Colorado Department Of Public Health &","","","","","","","","at High-Risk and Underserved, Including Racial and Ethnic Minority","","","","2025-03-29"
"CDC","NH75OT000066","21NH75OT000066C5","Environment","2025-03-24","","22581706.00","","15680303.44","","$6,901,402.56","Populations and Rural Communities","N/A - Departmental Authority","","","2025-03-29"
"","","","","","","","","","","","National Initiative to Address COVID-19 Health Disparities Among Populations","","","","2025-03-29"
"","","","","","","","","","","","at High-Risk and Underserved, Including Racial and Ethnic Minority","","","","2025-03-29"
"CDC","NH75OT000067","21NH75OT000067C5","Department Of Public Health Connecticut","2025-03-24","","17394074.00","","12916873.01","","$4,477,200.99","Populations and Rural Communities","N/A - Departmental Authority","","","2025-03-29"
"","","","","","","","","","","","National Initiative to Address COVID-19 Health Disparities Among Populations","","","","2025-03-29"
"","","","","","","","","","","","at High-Risk and Underserved, Including Racial and Ethnic Minority","","","","2025-03-29"
"CDC","NH75OT000068","21NH75OT000068C5","Iowa Department Of Public Health","2025-03-24","","31646110.00","","31520366.38","","$125,743.62","Populations and Rural Communities","N/A - Departmental Authority","","","2025-03-29"
"","","","","","","","","","","","National Initiative to Address COVID-19 Health Disparities Among Populations","","","","2025-03-29"
"","","","","","","","","","","","at High-Risk and Underserved, Including Racial and Ethnic Minority","","","","2025-03-29"
"CDC","NH75OT000069","21NH75OT000069C5","Hawaii Department Of Health","2025-03-24","","24512230.00","","17101263.82","","$7,410,966.18","Populations and Rural Communities","N/A - Departmental Authority","","","2025-03-29"
"","","","","","","","","","","","National Initiative to Address COVID-19 Health Disparities Among Populations","","","","2025-03-29"
"","","","","","","","","","","","at High-Risk and Underserved, Including Racial and Ethnic Minority","","","","2025-03-29"
"CDC","NH75OT000070","21NH75OT000070C5","Ohio Department Of Health","2025-03-24","","31011053.00","","30299493.48","","$711,559.52","Populations and Rural Communities","N/A - Departmental Authority","","","2025-03-29"
"","","","","","","","","","","","National Initiative to Address COVID-19 Health Disparities Among Populations","","","","2025-03-29"
"","","","","","","","","","","","at High-Risk and Underserved, Including Racial and Ethnic Minority","","","","2025-03-29"
"CDC","NH75OT000071","21NH75OT000071C5","City Of Houston","2025-03-24","","30677985.00","","26445768.15","","$4,232,216.85","Populations and Rural Communities","N/A - Departmental Authority","","","2025-03-29"
"","","","","","","","","","","","National Initiative to Address COVID-19 Health Disparities Among Populations","","","","2025-03-29"
"","","","","","","","","","","","at High-Risk and Underserved, Including Racial and Ethnic Minority","","","","2025-03-29"
"CDC","NH75OT000072","21NH75OT000072C5","Kansas Department Of Health & Environment","2025-03-24","","31930829.00","","25815338.73","","$6,115,490.27","Populations and Rural Communities","N/A - Departmental Authority","","","2025-03-29"
"","","","","","","","","","","","National Initiative to Address COVID-19 Health Disparities Among Populations","","","","2025-03-29"
"","","","","","","","","","","","at High-Risk and Underserved, Including Racial and Ethnic Minority","","","","2025-03-29"
"CDC","NH75OT000073","21NH75OT000073C5","Indiana Department Of Health","2025-03-24","","34800194.00","","30059070.73","","$4,741,123.27","Populations and Rural Communities","N/A - Departmental Authority","","","2025-03-29"
"","","","","","","","","","","","National Initiative to Address COVID-19 Health Disparities Among Populations","","","","2025-03-29"
"","","","","","","","","","","","at High-Risk and Underserved, Including Racial and Ethnic Minority","","","","2025-03-29"
"CDC","NH75OT000074","21NH75OT000074C5","City Of Milwaukee","2025-03-24","","6639489.00","","3677546.20","","$2,961,942.80","Populations and Rural Communities","N/A - Departmental Authority","","","2025-03-29"
"","","","","","","","","","","","National Initiative to Address COVID-19 Health Disparities Among Populations","","","","2025-03-29"
"","","","","","","","","","","","at High-Risk and Underserved, Including Racial and Ethnic Minority","","","","2025-03-29"
"CDC","NH75OT000075","21NH75OT000075C5","Health Research, Inc.","2025-03-24","","33726393.00","","21952593.55","","$11,773,799.45","Populations and Rural Communities","N/A - Departmental Authority","","","2025-03-29"
"","","","","","","","","","","","National Initiative to Address COVID-19 Health Disparities Among Populations","","","","2025-03-29"
"","","","","","","","","","","","at High-Risk and Underserved, Including Racial and Ethnic Minority","","","","2025-03-29"
"CDC","NH75OT000076","21NH75OT000076C5","Health, Louisiana Department Of","2025-03-24","","37217010.00","","34293442.38","","$2,923,567.62","Populations and Rural Communities","N/A - Departmental Authority","","","2025-03-29"
"","","","","","","","","","","","National Initiative to Address COVID-19 Health Disparities Among Populations","","","","2025-03-29"
"","","","","","","","","","","","at High-Risk and Underserved, Including Racial and Ethnic Minority","","","","2025-03-29"
"CDC","NH75OT000077","21NH75OT000077C5","Maryland Department Of Health","2025-03-24","","21211178.00","","18527384.94","","$2,683,793.06","Populations and Rural Communities","N/A - Departmental Authority","","","2025-03-29"
"","","","","","","","","","","","National Initiative to Address COVID-19 Health Disparities Among Populations","","","","2025-03-29"
"","","","Michigan Department Of Health And Human","","","","","","","","at High-Risk and Underserved, Including Racial and Ethnic Minority","","","","2025-03-29"
"CDC","NH75OT000078","21NH75OT000078C5","Services","2025-03-24","","31809443.00","","29609399.51","","$2,200,043.49","Populations and Rural Communities","N/A - Departmental Authority","","","2025-03-29"
"","","","","","","","","","","","National Initiative to Address COVID-19 Health Disparities Among Populations","","","","2025-03-29"
"","","","","","","","","","","","at High-Risk and Underserved, Including Racial and Ethnic Minority","","","","2025-03-29"
"CDC","NH75OT000079","21NH75OT000079C5","Health, New Jersey Department Of","2025-03-24","","25073006.00","","24252955.43","","$820,050.57","Populations and Rural Communities","N/A - Departmental Authority","","","2025-03-29"
"","","","","","","","","","","","National Initiative to Address COVID-19 Health Disparities Among Populations","","","","2025-03-29"
"","","","","","","","","","","","at High-Risk and Underserved, Including Racial and Ethnic Minority","","","","2025-03-29"
"CDC","NH75OT000080","21NH75OT000080C5","State Of Mt Dept Health And Human Services","2025-03-24","","32865516.00","","30192545.93","","$2,672,970.07","Populations and Rural Communities","N/A - Departmental Authority","","","2025-03-29"
"","","","","","","","","","","","National Initiative to Address COVID-19 Health Disparities Among Populations","","","","2025-03-29"
"","","","","","","","","","","","at High-Risk and Underserved, Including Racial and Ethnic Minority","","","","2025-03-29"
"CDC","NH75OT000081","21NH75OT000081C5","Dallas County Texas","2025-03-24","","30394909.00","","30024705.02","","$370,203.98","Populations and Rural Communities","N/A - Departmental Authority","","","2025-03-29"
"","","","","","","","","","","","National Initiative to Address COVID-19 Health Disparities Among Populations","","","","2025-03-29"
"","","","","","","","","","","","at High-Risk and Underserved, Including Racial and Ethnic Minority","","","","2025-03-29"
"CDC","NH75OT000082","21NH75OT000082C5","Chicago Department Of Public Health","2025-03-24","","30487719.00","","27219432.25","","$3,268,286.75","Populations and Rural Communities","N/A - Departmental Authority","","","2025-03-29"
"","","","","","","","","","","","National Initiative to Address COVID-19 Health Disparities Among Populations","","","","2025-03-29"
"","","","","","","","","","","","at High-Risk and Underserved, Including Racial and Ethnic Minority","","","","2025-03-29"
"CDC","NH75OT000083","21NH75OT000083C5","City Of San Antonio","2025-03-24","","26596171.00","","25531696.11","","$1,064,474.89","Populations and Rural Communities","N/A - Departmental Authority","","","2025-03-29"
"","","","","","","","","","","","National Initiative to Address COVID-19 Health Disparities Among Populations","","","","2025-03-29"
"","","","","","","","","","","","at High-Risk and Underserved, Including Racial and Ethnic Minority","","","","2025-03-29"
"CDC","NH75OT000084","21NH75OT000084C5","County Of Sacramento","2025-03-24","","7016680.00","","3878658.32","","$3,138,021.68","Populations and Rural Communities","N/A - Departmental Authority","","","2025-03-29"
"","","","","","","","","","","","National Initiative to Address COVID-19 Health Disparities Among Populations","","","","2025-03-29"
"","","","","","","","","","","","at High-Risk and Underserved, Including Racial and Ethnic Minority","","","","2025-03-29"
"CDC","NH75OT000085","21NH75OT000085C5","Puerto Rico Department Of Health","2025-03-24","","10162773.00","","8004653.24","","$2,158,119.76","Populations and Rural Communities","N/A - Departmental Authority","","","2025-03-29"
"","","","","","","","","","","","National Initiative to Address COVID-19 Health Disparities Among Populations","","","","2025-03-29"
"","","","","","","","","","","","at High-Risk and Underserved, Including Racial and Ethnic Minority","","","","2025-03-29"
"CDC","NH75OT000086","21NH75OT000086C5","Department Of Public Health And Social Services","2025-03-24","","6590558.00","","4533819.27","","$2,056,738.73","Populations and Rural Communities","N/A - Departmental Authority","","","2025-03-29"
"","","","","","","","","","","","National Initiative to Address COVID-19 Health Disparities Among Populations","","","","2025-03-29"
"","","","","","","","","","","","at High-Risk and Underserved, Including Racial and Ethnic Minority","","","","2025-03-29"
"CDC","NH75OT000088","21NH75OT000088C5","Executive Office Of The Governor Of Delaware","2025-03-24","","24594945.00","","21739255.36","","$2,855,689.64","Populations and Rural Communities","N/A - Departmental Authority","","","2025-03-29"
"","","","","","","","","","Total Payment","Unliquidated","","","","","2025-03-29"
"Awarding","","","","","","","","","","","","","For Cause (Put X","","2025-03-29"
"Office","","","","","","","","","","","","","if applicable)","","2025-03-29"
"","","","","","","","","","Termination)","Termination)","","","","","2025-03-29"
"","","","","","","","","","","","National Initiative to Address COVID-19 Health Disparities Among Populations","","","","2025-03-29"
"","","","","","","","","","","","at High-Risk and Underserved, Including Racial and Ethnic Minority","","","","2025-03-29"
"CDC","NH75OT000089","21NH75OT000089C5","Mississippi State Department Of Health","2025-03-24","","48397359.00","","20451339.49","","$27,946,019.51","Populations and Rural Communities","N/A - Departmental Authority","","","2025-03-29"
"","","","","","","","","","","","National Initiative to Address COVID-19 Health Disparities Among Populations","","","","2025-03-29"
"","","","","","","","","","","","at High-Risk and Underserved, Including Racial and Ethnic Minority","","","","2025-03-29"
"CDC","NH75OT000090","21NH75OT000090C5","Shelby County Government","2025-03-24","","6591619.00","","4733233.77","","$1,858,385.23","Populations and Rural Communities","N/A - Departmental Authority","","","2025-03-29"
"","","","","","","","","","","","National Initiative to Address COVID-19 Health Disparities Among Populations","","","","2025-03-29"
"","","","Nebraska Department Of Health & Human","","","","","","","","at High-Risk and Underserved, Including Racial and Ethnic Minority","","","","2025-03-29"
"CDC","NH75OT000093","21NH75OT000093C5","Services","2025-03-24","","28561000.00","","24811449.66","","$3,749,550.34","Populations and Rural Communities","N/A - Departmental Authority","","","2025-03-29"
"","","","","","","","","","","","National Initiative to Address COVID-19 Health Disparities Among Populations","","","","2025-03-29"
"","","","","","","","","","","","at High-Risk and Underserved, Including Racial and Ethnic Minority","","","","2025-03-29"
"CDC","NH75OT000094","21NH75OT000094C5","State Of New Mexico","2025-03-24","","38523202.00","","28795510.40","","$9,727,691.60","Populations and Rural Communities","N/A - Departmental Authority","","","2025-03-29"
"","","","","","","","","","","","National Initiative to Address COVID-19 Health Disparities Among Populations","","","","2025-03-29"
"","","","North Dakota Department Of Health And","","","","","","","","at High-Risk and Underserved, Including Racial and Ethnic Minority","","","","2025-03-29"
"CDC","NH75OT000095","21NH75OT000095C5","Human Services","2025-03-24","","31278243.00","","27671914.00","","$3,606,329.00","Populations and Rural Communities","N/A - Departmental Authority","","","2025-03-29"
"","","","","","","","","","","","National Initiative to Address COVID-19 Health Disparities Among Populations","","","","2025-03-29"
"","","","","","","","","","","","at High-Risk and Underserved, Including Racial and Ethnic Minority","","","","2025-03-29"
"CDC","NH75OT000097","21NH75OT000097C5","Oklahoma State Department Of Health","2025-03-24","","43768887.00","","25138906.22","","$18,629,980.78","Populations and Rural Communities","N/A - Departmental Authority","","","2025-03-29"
"","","","","","","","","","","","National Initiative to Address COVID-19 Health Disparities Among Populations","","","","2025-03-29"
"","","","","","","","","","","","at High-Risk and Underserved, Including Racial and Ethnic Minority","","","","2025-03-29"
"CDC","NH75OT000098","21NH75OT000098C5","Pennsylvania Department Of Health","2025-03-24","","27675185.00","","21231366.97","","$6,443,818.03","Populations and Rural Communities","N/A - Departmental Authority","","","2025-03-29"
"","","","","","","","","","","","National Initiative to Address COVID-19 Health Disparities Among Populations","","","","2025-03-29"
"","","","","","","","","","","","at High-Risk and Underserved, Including Racial and Ethnic Minority","","","","2025-03-29"
"CDC","NH75OT000099","21NH75OT000099C5","South Carolina Department Of Public Health","2025-03-24","","34080590.00","","24266193.25","","$9,814,396.75","Populations and Rural Communities","N/A - Departmental Authority","","","2025-03-29"
"","","","","","","","","","","","National Initiative to Address COVID-19 Health Disparities Among Populations","","","","2025-03-29"
"","","","","","","","","","","","at High-Risk and Underserved, Including Racial and Ethnic Minority","","","","2025-03-29"
"CDC","NH75OT000100","21NH75OT000100C5","Tennessee Department Of Health","2025-03-24","","38830892.00","","32859285.39","","$5,971,606.61","Populations and Rural Communities","N/A - Departmental Authority","","","2025-03-29"
"","","","","","","","","","","","National Initiative to Address COVID-19 Health Disparities Among Populations","","","","2025-03-29"
"","","","Commonwealth Of Virginia State Board Of","","","","","","","","at High-Risk and Underserved, Including Racial and Ethnic Minority","","","","2025-03-29"
"CDC","NH75OT000101","21NH75OT000101C5","Health","2025-03-24","","27344292.00","","24553355.04","","$2,790,936.96","Populations and Rural Communities","N/A - Departmental Authority","","","2025-03-29"
"","","","","","","","","","","","National Initiative to Address COVID-19 Health Disparities Among Populations","","","","2025-03-29"
"","","","Health And Human Resources, West Virginia","","","","","","","","at High-Risk and Underserved, Including Racial and Ethnic Minority","","","","2025-03-29"
"CDC","NH75OT000102","21NH75OT000102C5","Department Of","2025-03-24","","30370777.00","","20150166.69","","$10,220,610.31","Populations and Rural Communities","N/A - Departmental Authority","","","2025-03-29"
"","","","","","","","","","","","National Initiative to Address COVID-19 Health Disparities Among Populations","","","","2025-03-29"
"","","","","","","","","","","","at High-Risk and Underserved, Including Racial and Ethnic Minority","","","","2025-03-29"
"CDC","NH75OT000103","21NH75OT000103C5","Department Of Health Wyoming","2025-03-24","","38345368.00","","26678217.00","","$11,667,151.00","Populations and Rural Communities","N/A - Departmental Authority","","","2025-03-29"
"","","","","","","","","","","","National Initiative to Address COVID-19 Health Disparities Among Populations","","","","2025-03-29"
"","","","","","","","","","","","at High-Risk and Underserved, Including Racial and Ethnic Minority","","","","2025-03-29"
"CDC","NH75OT000104","21NH75OT000104C5","Alabama Department Of Health","2025-03-24","","40452096.00","","29368969.17","","$11,083,126.83","Populations and Rural Communities","N/A - Departmental Authority","","","2025-03-29"
"","","","","","","","","","","","National Initiative to Address COVID-19 Health Disparities Among Populations","","","","2025-03-29"
"","","","","","","","","","","","at High-Risk and Underserved, Including Racial and Ethnic Minority","","","","2025-03-29"
"CDC","NH75OT000106","21NH75OT000106C5","Oklahoma City County Health Department","2025-03-24","","3707880.00","","2775602.06","","$932,277.94","Populations and Rural Communities","N/A - Departmental Authority","","","2025-03-29"
"","","","","","","","","","","","National Initiative to Address COVID-19 Health Disparities Among Populations","","","","2025-03-29"
"","","","","","","","","","","","at High-Risk and Underserved, Including Racial and Ethnic Minority","","","","2025-03-29"
"CDC","NH75OT000107","21NH75OT000107C5","Virgin Islands Dept Of Health Group","2025-03-24","","3114521.00","","3012051.70","","$102,469.30","Populations and Rural Communities","N/A - Departmental Authority","","","2025-03-29"
"SAMHSA","B09SM085332","1B09SM085332-01","Alabama State Dept Of Mtl Hlth & Mtl Ret","2025-03-24","","20632249.00","","5516739.88","","$15,115,509.12","Mental Health Block Grant - ARP","N/A - Departmental Authority","","","2025-03-29"
"SAMHSA","B09SM085333","1B09SM085333-01","Alaska State Department Of Hlth-Soc Svcs","2025-03-24","","3228772.00","","2649664.45","","$579,107.55","Mental Health Block Grant - ARP","N/A - Departmental Authority","","","2025-03-29"
"SAMHSA","B09SM085335","1B09SM085335-01","Arizona Hlth Care Cost Containment Sys","2025-03-24","","39229067.00","","12565667.09","","$26,663,399.91","Mental Health Block Grant - ARP","N/A - Departmental Authority","","","2025-03-29"
"","","","Division Of Aging Adult And Behavioral","","","","","","","","","","","","2025-03-29"
"SAMHSA","B09SM085336","1B09SM085336-01","Health Services","2025-03-24","","12487030.00","","5805353.45","","$6,681,676.55","Mental Health Block Grant - ARP","N/A - Departmental Authority","","","2025-03-29"
"SAMHSA","B09SM085337","1B09SM085337-01","California State Dept/Health Care Svcs","2025-03-24","","186972433.00","","124706169.09","","$62,266,263.91","Mental Health Block Grant - ARP","N/A - Departmental Authority","","","2025-03-29"
"SAMHSA","B09SM085338","1B09SM085338-01","Colorado State Dept Of Human Services","2025-03-24","","28051679.00","","13309183.65","","$14,742,495.35","Mental Health Block Grant - ARP","N/A - Departmental Authority","","","2025-03-29"
"","","","Connecticut St Dept Of Mh/Addiction","","","","","","","","","","","","2025-03-29"
"SAMHSA","B09SM085339","1B09SM085339-01","Srvs","2025-03-24","","13839776.00","","10706594.40","","$3,133,181.60","Mental Health Block Grant - ARP","N/A - Departmental Authority","","","2025-03-29"
"","","","Delaware Division Of Substance Abuse","","","","","","","","","","","","2025-03-29"
"SAMHSA","B09SM085340","1B09SM085340-01","And Mental Health","2025-03-24","","3326504.00","","2309822.73","","$1,016,681.27","Mental Health Block Grant - ARP","N/A - Departmental Authority","","","2025-03-29"
"SAMHSA","B09SM085341","1B09SM085341-01","D. C. Department Of Behavioral Health","2025-03-24","","3379225.00","","526372.72","","$2,852,852.28","Mental Health Block Grant - ARP","N/A - Departmental Authority","","","2025-03-29"
"","","","Rhode Island Dept Of Behavioral","","","","","","","","","","","","2025-03-29"
"","","","Healthcare/Developmental","","","","","","","","","","","","2025-03-29"
"SAMHSA","B09SM085342","1B09SM085342-01","Disabilities/Hosp","2025-03-24","","5302664.00","","2935452.22","","$2,367,211.78","Mental Health Block Grant - ARP","N/A - Departmental Authority","","","2025-03-29"
"","","","South Carolina State Dept Of Mental","","","","","","","","","","","","2025-03-29"
"SAMHSA","B09SM085343","1B09SM085343-01","Hlth","2025-03-24","","21480779.00","","15422894.05","","$6,057,884.95","Mental Health Block Grant - ARP","N/A - Departmental Authority","","","2025-03-29"
"","","","South Dakota State Department Of Social","","","","","","","","","","","","2025-03-29"
"SAMHSA","B09SM085344","1B09SM085344-01","Services","2025-03-24","","3078898.00","","2389686.86","","$689,211.14","Mental Health Block Grant - ARP","N/A - Departmental Authority","","","2025-03-29"
"","","","Tennessee State Department Of Mental","","","","","","","","","","","","2025-03-29"
"SAMHSA","B09SM085345","1B09SM085345-01","Health And Substance Abuse Services","2025-03-24","","27280443.00","","19226824.36","","$8,053,618.64","Mental Health Block Grant - ARP","N/A - Departmental Authority","","","2025-03-29"
"","","","Utah Department Of Health And Human","","","","","","","","","","","","2025-03-29"
"SAMHSA","B09SM085346","1B09SM085346-01","Services","2025-03-24","","12884438.00","","8905844.54","","$3,978,593.46","Mental Health Block Grant - ARP","N/A - Departmental Authority","","","2025-03-29"
"SAMHSA","B09SM085347","1B09SM085347-01","Vermont State Agency Of Human Services","2025-03-24","","2445549.00","","1099956.00","","$1,345,593.00","Mental Health Block Grant - ARP","N/A - Departmental Authority","","","2025-03-29"
"SAMHSA","B09SM085348","1B09SM085348-01","Virgin Islands Department Of Health","2025-03-24","","590398.00","","392105.40","","$198,292.60","Mental Health Block Grant - ARP","N/A - Departmental Authority","","","2025-03-29"
"SAMHSA","B09SM085349","1B09SM085349-01","Virginia State Department Of Behavioral Health And Developmental Services","2025-03-24","35786432.00","18436740.29","","17349691.71","Mental Health Block Grant - Arp","N/A - Departmental Authority","","","","","2025-03-29"
"SAMHSA","B09SM085351","1B09SM085351-01","Florida State Department Of Children And Families","2025-03-24","94807356.00","77218735.54","","17588620.46","Mental Health Block Grant - Arp","N/A - Departmental Authority","","","","","2025-03-29"
"SAMHSA","B09SM085352","1B09SM085352-01","Guam Behavioral Health And Wellness Center","2025-03-24","925921.00","470217.95","","455703.05","Mental Health Block Grant - Arp","N/A - Departmental Authority","","","","","2025-03-29"
"SAMHSA","B09SM085353","1B09SM085353-01","Hawaii State Department Of Health","2025-03-24","7188108.00","3130683.62","","4057424.38","Mental Health Block Grant - Arp","N/A - Departmental Authority","","","","","2025-03-29"
"SAMHSA","B09SM085354","1B09SM085354-01","Idaho State Dept Of Health And Welfare","2025-03-24","8417665.00","3166971.43","","5250693.57","Mental Health Block Grant - Arp","N/A - Departmental Authority","","","","","2025-03-29"
"SAMHSA","B09SM085355","1B09SM085355-01","Illinois State Department Of Human Srvcs","2025-03-24","50217012.00","29716296.00","","20500716.00","Mental Health Block Grant - Arp","N/A - Departmental Authority","","","","","2025-03-29"
"SAMHSA","B09SM085356","1B09SM085356-01","Iowa State Dept Of Human Services","2025-03-24","11198457.00","8147849.27","","3050607.73","Mental Health Block Grant - Arp","N/A - Departmental Authority","","","","","2025-03-29"
"SAMHSA","B09SM085357","1B09SM085357-01","Kansas State Department For Aging And Disability Services","2025-03-24","10425027.00","6218322.09","","4206704.91","Mental Health Block Grant - Arp","N/A - Departmental Authority","","","","","2025-03-29"
"SAMHSA","B09SM085358","1B09SM085358-01","Ky St Cabinet/Health/Family Services","2025-03-24","18541924.00","13012499.64","","5529424.36","Mental Health Block Grant - Arp","N/A - Departmental Authority","","","","","2025-03-29"
"SAMHSA","B09SM085359","1B09SM085359-01","Louisiana State Office Of Behavioral Health","2025-03-24","20684792.00","2143105.56","","18541686.44","Mental Health Block Grant - Arp","N/A - Departmental Authority","","","","","2025-03-29"
"SAMHSA","B09SM085360","1B09SM085360-01","Maine State Dept/Health/Human Servs","2025-03-24","5599279.00","3919176.27","","1680102.73","Mental Health Block Grant - Arp","N/A - Departmental Authority","","","","","2025-03-29"
"SAMHSA","B09SM085361","1B09SM085361-01","Health, Maryland Department Of","2025-03-24","27809755.00","16518042.70","","11291712.30","Mental Health Block Grant - Arp","N/A - Departmental Authority","","","","","2025-03-29"
"SAMHSA","B09SM085362","1B09SM085362-01","Ma St Executive Office Of Health & Human Services","2025-03-24","28589013.00","19014725.01","","9574287.99","Mental Health Block Grant - Arp","N/A - Departmental Authority","","","","","2025-03-29"
"SAMHSA","B09SM085363","1B09SM085363-01","Michigan State Department Of Health And Human Services","2025-03-24","41913705.00","16694712.44","","25218992.56","Mental Health Block Grant - Arp","N/A - Departmental Authority","","","","","2025-03-29"
"SAMHSA","B09SM085364","1B09SM085364-01","Minnesota State Department Of Human Services","2025-03-24","21622115.00","9245361.62","","12376753.38","Mental Health Block Grant - Arp","N/A - Departmental Authority","","","","","2025-03-29"
"SAMHSA","B09SM085365","1B09SM085365-01","Mississippi State Department Of Mental Health","2025-03-24","13052279.00","3860229.22","","9192049.78","Mental Health Block Grant - Arp","N/A - Departmental Authority","","","","","2025-03-29"
"SAMHSA","B09SM085366","1B09SM085366-01","Missouri State Dept Of Mental Health","2025-03-24","24032991.00","24032991.00","","","Mental Health Block Grant - Arp","N/A - Departmental Authority","","","","","2025-03-29"
"SAMHSA","B09SM085367","1B09SM085367-01","Montana State Dept/Pub Hlth & Human Srvs","2025-03-24","4372007.00","2447122.26","","1924884.74","Mental Health Block Grant - Arp","N/A - Departmental Authority","","","","","2025-03-29"
"SAMHSA","B09SM085369","1B09SM085369-01","Nebraska St Dept Of Health & Human Servs","2025-03-24","6555690.00","474550.01","","6081139.99","Mental Health Block Grant - Arp","N/A - Departmental Authority","","","","","2025-03-29"
"SAMHSA","B09SM085370","1B09SM085370-01","Health And Human Services, Nevada Department Of","2025-03-24","15102828.00","5147209.20","","9955618.80","Mental Health Block Grant - Arp","N/A - Departmental Authority","","","","","2025-03-29"
"SAMHSA","B09SM085371","1B09SM085371-01","Nh State Dept/Hlth Statistics/Data Mgmt","2025-03-24","5031475.00","3145116.32","","1886358.68","Mental Health Block Grant - Arp","N/A - Departmental Authority","","","","","2025-03-29"
"SAMHSA","B09SM085372","1B09SM085372-01","New Jersey State Department Of Human Services","2025-03-24","39121366.00","6950228.09","","32171137.91","Mental Health Block Grant - Arp","N/A - Departmental Authority","","","","","2025-03-29"
"SAMHSA","B09SM085373","1B09SM085373-01","New Mexico State Department Of Human Services","2025-03-24","8682696.00","2755612.57","","5927083.43","Mental Health Block Grant - Arp","N/A - Departmental Authority","","","","","2025-03-29"
"SAMHSA","B09SM085374","1B09SM085374-01","New York State Department Of Health","2025-03-24","80040583.00","52883981.51","","27156601.49","Mental Health Block Grant - Arp","N/A - Departmental Authority","","","","","2025-03-29"
"SAMHSA","B09SM085375","1B09SM085375-01","Nc State Dept/Hlth & Human Services","2025-03-24","41535246.00","27237788.30","","14297457.70","Mental Health Block Grant - Arp","N/A - Departmental Authority","","","","","2025-03-29"
"SAMHSA","B09SM085376","1B09SM085376-01","North Dakota State Department Of Human Services","2025-03-24","2478813.00","579935.00","","1898878.00","Mental Health Block Grant - Arp","N/A - Departmental Authority","","","","","2025-03-29"
"SAMHSA","B09SM085377","1B09SM085377-01","Oklahoma Dept Of Mental Hlth/Subs Abuse","2025-03-24","15708052.00","12821515.35","","2886536.65","Mental Health Block Grant - Arp","N/A - Departmental Authority","","","","","2025-03-29"
"SAMHSA","B09SM085378","1B09SM085378-01","Oregon Health Authority Directors Office Financial Services","2025-03-24","22640725.00","10404189.23","","12236535.77","Mental Health Block Grant - Arp","N/A - Departmental Authority","","","","","2025-03-29"
"SAMHSA","B09SM085379","1B09SM085379-01","Pennsylvania Department Of Human Services","2025-03-24","46842615.00","40945012.82","","5897602.18","Mental Health Block Grant - Arp","N/A - Departmental Authority","","","","","2025-03-29"
"SAMHSA","B09SM085380","1B09SM085380-01","Puerto Rico Department Of Mental Health And Anti-Addiction Services Admin","2025-03-24","18182788.00","11494245.12","","6688542.88","Mental Health Block Grant - Arp","N/A - Departmental Authority","","","","","2025-03-29"
"SAMHSA","B09SM085381","1B09SM085381-01","Wisconsin State Department Of Commerce","2025-03-24","24630652.00","16496649.41","","8134002.59","Mental Health Block Grant - Arp","N/A - Departmental Authority","","","","","2025-03-29"
"SAMHSA","B09SM085382","1B09SM085382-01","West Virginia State Dept Hlth/Human Rscs","2025-03-24","7778761.00","5845395.55","","1933365.45","Mental Health Block Grant - Arp","N/A - Departmental Authority","","","","","2025-03-29"
"SAMHSA","B09SM085384","1B09SM085384-01","Health Care Authority","2025-03-24","33202279.00","15965851.54","","17236427.46","Mental Health Block Grant - Arp","N/A - Departmental Authority","","","","","2025-03-29"
"SAMHSA","B09SM085385","1B09SM085385-01","Texas Health And Human Services Commission","2025-03-24","128821616.00","71982045.90","","56839570.10","Mental Health Block Grant - Arp","N/A - Departmental Authority","","","","","2025-03-29"
"SAMHSA","B09SM085386","1B09SM085386-01","Indiana Family & Social Services Admin","2025-03-24","25576844.00","15313703.79","","10263140.21","Mental Health Block Grant - Arp","N/A - Departmental Authority","","","","","2025-03-29"
"SAMHSA","B09SM085387","1B09SM085387-01","Rep/Marshall Islands- Ministry Of Health","2025-03-24","417694.00","","","417694.00","Mental Health Block Grant - Arp","N/A - Departmental Authority","","","","","2025-03-29"
"SAMHSA","B09SM085388","1B09SM085388-01","Georgia Department Of Behavioral Health And Developmental Disabilities (Dbhdd)","2025-03-24","45668812.00","28070867.59","","17597944.41","Mental Health Block Grant - Arp","N/A - Departmental Authority","","","","","2025-03-29"
"SAMHSA","B09SM085389","1B09SM085389-01","Fsm Dept Of Health And Social Affairs","2025-03-24","571998.00","165982.64","","406015.36","Mental Health Block Grant - Arp","N/A - Departmental Authority","","","","","2025-03-29"
"SAMHSA","B09SM085390","1B09SM085390-01","Ohio State Department Of Mental Health And Addiction Services","2025-03-24","44517241.00","19789086.40","","24728154.60","Mental Health Block Grant - Arp","N/A - Departmental Authority","","","","","2025-03-29"
"SAMHSA","B09SM085862","1B09SM085862-01","Arizona Hlth Care Cost Containment Sys","2025-03-24","1350017.00","98864.86","","1251152.14","Mental Health Block Grant - Arp","N/A - Departmental Authority","","","","","2025-03-29"
"SAMHSA","B09SM085863","1B09SM085863-01","Division Of Aging Adult And Behavioral Health Services","2025-03-24","429725.00","199939.89","","229785.11","Mental Health Block Grant - Arp","N/A - Departmental Authority","","","","","2025-03-29"
"SAMHSA","B09SM085865","1B09SM085865-01","Colorado State Dept Of Human Services","2025-03-24","965361.00","679484.88","","285876.12","Mental Health Block Grant - Arp","N/A - Departmental Authority","","","","","2025-03-29"
"SAMHSA","B09SM085871","1B09SM085871-01","South Carolina State Dept Of Mental Hlth","2025-03-24","739233.00","292482.01","","446750.99","Mental Health Block Grant - Arp","N/A - Departmental Authority","","","","","2025-03-29"
"SAMHSA","B09SM085873","1B09SM085873-01","Tennessee State Department Of Mental Health And Substance Abuse Services","2025-03-24","938820.00","710525.11","","228294.89","Mental Health Block Grant - Arp","N/A - Departmental Authority","","","","","2025-03-29"
"SAMHSA","B09SM085877","1B09SM085877-01","Virginia State Department Of Behavioral Health And Developmental Services","2025-03-24","1231543.00","312943.87","","918599.13","Mental Health Block Grant - Arp","N/A - Departmental Authority","","","","","2025-03-29"
"SAMHSA","B09SM085879","1B09SM085879-01","Florida State Department Of Children And Families","2025-03-24","3262670.00","","","3262670.00","Mental Health Block Grant - Arp","N/A - Departmental Authority","","","","","2025-03-29"
"SAMHSA","B09SM085881","1B09SM085881-01","Hawaii State Department Of Health","2025-03-24","247369.00","","","247369.00","Mental Health Block Grant - Arp","N/A - Departmental Authority","","","","","2025-03-29"
"SAMHSA","B09SM085883","1B09SM085883-01","Illinois State Department Of Human Srvcs","2025-03-24","1728152.00","1432728.00","","295424.00","Mental Health Block Grant - Arp","N/A - Departmental Authority","","","","","2025-03-29"
"SAMHSA","B09SM085884","1B09SM085884-01","Iowa State Dept Of Human Services","2025-03-24","385380.00","233544.26","","151835.74","Mental Health Block Grant - Arp","N/A - Departmental Authority","","","","","2025-03-29"
"SAMHSA","B09SM085885","1B09SM085885-01","Kansas State Department For Aging And Disability Services","2025-03-24","358764.00","34904.28","","323859.72","Mental Health Block Grant - Arp","N/A - Departmental Authority","","","","","2025-03-29"
"SAMHSA","B09SM085887","1B09SM085887-01","Louisiana State Office Of Behavioral Health","2025-03-24","711840.00","381114.80","","330725.20","Mental Health Block Grant - Arp","N/A - Departmental Authority","","","","","2025-03-29"
"SAMHSA","B09SM085889","1B09SM085889-01","Health, Maryland Department Of","2025-03-24","957036.00","413859.07","","543176.93","Mental Health Block Grant - Arp","N/A - Departmental Authority","","","","","2025-03-29"
"SAMHSA","B09SM085890","1B09SM085890-01","Ma St Executive Office Of Health & Human Services","2025-03-24","983853.00","812380.33","","171472.67","Mental Health Block Grant - Arp","N/A - Departmental Authority","","","","","2025-03-29"
"SAMHSA","B09SM085891","1B09SM085891-01","Michigan State Department Of Health And Human Services","2025-03-24","1442405.00","657067.36","","785337.64","Mental Health Block Grant - Arp","N/A - Departmental Authority","","","","","2025-03-29"
"SAMHSA","B09SM085892","1B09SM085892-01","Minnesota State Department Of Human Services","2025-03-24","744097.00","379489.00","","364608.00","Mental Health Block Grant - Arp","N/A - Departmental Authority","","","","","2025-03-29"
"SAMHSA","B09SM085893","1B09SM085893-01","Mississippi State Department Of Mental Health","2025-03-24","449177.00","162583.16","","286593.84","Mental Health Block Grant - Arp","N/A - Departmental Authority","","","","","2025-03-29"
"SAMHSA","B09SM085894","1B09SM085894-01","Missouri State Dept Of Mental Health","2025-03-24","827064.00","468470.50","","358593.50","Mental Health Block Grant - Arp","N/A - Departmental Authority","","","","","2025-03-29"
"SAMHSA","B09SM085897","1B09SM085897-01","Nebraska St Dept Of Health & Human Servs","2025-03-24","225605.00","10147.84","","215457.16","Mental Health Block Grant - Arp","N/A - Departmental Authority","","","","","2025-03-29"
"SAMHSA","B09SM085898","1B09SM085898-01","Health And Human Services, Nevada Department Of","2025-03-24","519744.00","6823.00","","512921.00","Mental Health Block Grant - Arp","N/A - Departmental Authority","","","","","2025-03-29"
"SAMHSA","B09SM085900","1B09SM085900-01","New Jersey State Department Of Human Services","2025-03-24","1346310.00","131898.95","","1214411.05","Mental Health Block Grant - Arp","N/A - Departmental Authority","","","","","2025-03-29"
"SAMHSA","B09SM085902","1B09SM085902-01","New York State Department Of Health","2025-03-24","2754491.00","2111272.00","","643219.00","Mental Health Block Grant - Arp","N/A - Departmental Authority","","","","","2025-03-29"
"SAMHSA","B09SM085903","1B09SM085903-01","Nc State Dept/Hlth & Human Services","2025-03-24","1429381.00","310334.70","","1119046.30","Mental Health Block Grant - Arp","N/A - Departmental Authority","","","","","2025-03-29"
"SAMHSA","B09SM085904","1B09SM085904-01","North Dakota State Department Of Human Services","2025-03-24","125000.00","102.00","","124898.00","Mental Health Block Grant - Arp","N/A - Departmental Authority","","","","","2025-03-29"
"SAMHSA","B09SM085905","1B09SM085905-01","Oklahoma Dept Of Mental Hlth/Subs Abuse","2025-03-24","540572.00","","","540572.00","Mental Health Block Grant - Arp","N/A - Departmental Authority","","","","","2025-03-29"
"SAMHSA","B09SM085906","1B09SM085906-01","Oregon Health Authority Directors Office Financial Services","2025-03-24","779151.00","78778.43","","700372.57","Mental Health Block Grant - Arp","N/A - Departmental Authority","","","","","2025-03-29"
"SAMHSA","B09SM085907","1B09SM085907-01","Pennsylvania Department Of Human Services","2025-03-24","1612027.00","1504098.97","","107928.03","Mental Health Block Grant - Arp","N/A - Departmental Authority","","","","","2025-03-29"
"SAMHSA","B09SM085908","1B09SM085908-01","Puerto Rico Department Of Mental Health And Anti-Addiction Services Admin","2025-03-24","625737.00","164908.13","","460828.87","Mental Health Block Grant - Arp","N/A - Departmental Authority","","","","","2025-03-29"
"SAMHSA","B09SM085909","1B09SM085909-01","Wisconsin State Department Of Commerce","2025-03-24","847631.00","183407.35","","664223.65","Mental Health Block Grant - Arp","N/A - Departmental Authority","","","","","2025-03-29"
"SAMHSA","B09SM085910","1B09SM085910-01","West Virginia State Dept Hlth/Human Rscs","2025-03-24","267696.00","19352.70","","248343.30","Mental Health Block Grant - Arp","N/A - Departmental Authority","","","","","2025-03-29"
"SAMHSA","B09SM085912","1B09SM085912-01","Health Care Authority","2025-03-24","1142613.00","6111.86","","1136501.14","Mental Health Block Grant - Arp","N/A - Departmental Authority","","","","","2025-03-29"
"SAMHSA","B09SM085913","1B09SM085913-01","Texas Health And Human Services Commission","2025-03-24","4433226.00","3820824.63","","612401.37","Mental Health Block Grant - Arp","N/A - Departmental Authority","","","","","2025-03-29"
"SAMHSA","B09SM085914","1B09SM085914-01","Indiana Family & Social Services Admin","2025-03-24","880193.00","99720.35","","780472.65","Mental Health Block Grant - Arp","N/A - Departmental Authority","","","","","2025-03-29"
"SAMHSA","B09SM085915","1B09SM085915-01","Rep/Marshall Islands- Ministry Of Health","2025-03-24","125000.00","","","125000.00","Mental Health Block Grant - Arp","N/A - Departmental Authority","","","","","2025-03-29"
"SAMHSA","B09SM085916","1B09SM085916-01","Georgia Department Of Behavioral Health And Developmental Disabilities (Dbhdd)","2025-03-24","1571632.00","1326628.05","","245003.95","Mental Health Block Grant - Arp","N/A - Departmental Authority","","","","","2025-03-29"
"SAMHSA","B08TI083924","1B08TI083924-01","West Virginia State Dept Hlth/Human Rscs","2025-03-24","6826198.00","3077066.81","","3749131.19","Subtance Use Block Grant - Arp","N/A - Departmental Authority","","","","","2025-03-29"
"SAMHSA","B08TI083925","1B08TI083925-01","Health And Human Services, Nevada Department Of","2025-03-24","13764133.00","12859757.58","","904375.42","Subtance Use Block Grant - Arp","N/A - Departmental Authority","","","","","2025-03-29"
"SAMHSA","B08TI083926","1B08TI083926-01","Alaska State Department Of Hlth-Soc Svcs","2025-03-24","4767166.00","3608596.33","","1158569.67","Subtance Use Block Grant - Arp","N/A - Departmental Authority","","","","","2025-03-29"
"SAMHSA","B08TI083927","1B08TI083927-01","Arizona State Department Of Hlth Srvcs","2025-03-24","32725106.00","15035408.47","","17689697.53","Subtance Use Block Grant - Arp","N/A - Departmental Authority","","","","","2025-03-29"
"SAMHSA","B08TI083928","1B08TI083928-01","Division Of Aging Adult And Behavioral Health Services","2025-03-24","10947991.00","6696839.23","","4251151.77","Subtance Use Block Grant - Arp","N/A - Departmental Authority","","","","","2025-03-29"
"SAMHSA","B08TI083929","1B08TI083929-01","California State Dept/Health Care Svcs","2025-03-24","205947056.00","154578499.71","","51368556.29","Subtance Use Block Grant - Arp","N/A - Departmental Authority","","","","","2025-03-29"
"SAMHSA","B08TI083930","1B08TI083930-01","Red Lake Band Of Chippewa Indians","2025-03-24","480861.00","233284.32","","247576.68","Subtance Use Block Grant - Arp","N/A - Departmental Authority","","","","","2025-03-29"
"SAMHSA","B08TI083931","1B08TI083931-01","Colorado State Dept Of Human Services","2025-03-24","23406309.00","7031977.55","","16374331.45","Subtance Use Block Grant - Arp","N/A - Departmental Authority","","","","","2025-03-29"
"SAMHSA","B08TI083932","1B08TI083932-01","Connecticut St Dept Of Mh/Addiction Srvs","2025-03-24","14742675.00","11760497.44","","2982177.56","Subtance Use Block Grant - Arp","N/A - Departmental Authority","","","","","2025-03-29"
"SAMHSA","B08TI083933","1B08TI083933-01","Florida State Department Of Children And Families","2025-03-24","90160803.00","75819555.75","","14341247.25","Subtance Use Block Grant - Arp","N/A - Departmental Authority","","","","","2025-03-29"
"SAMHSA","B08TI083934","1B08TI083934-01","Georgia Department Of Behavioral Health And Developmental Disabilities (Dbhdd)","2025-03-24","46264340.00","37375872.23","","8888467.77","Subtance Use Block Grant - Arp","N/A - Departmental Authority","","","","","2025-03-29"
"SAMHSA","B08TI083935","1B08TI083935-01","Guam Department Of Administration","2025-03-24","925921.00","819437.78","","106483.22","Subtance Use Block Grant - Arp","N/A - Departmental Authority","","","","","2025-03-29"
"SAMHSA","B08TI083936","1B08TI083936-01","Idaho State Dept Of Health And Welfare","2025-03-24","6909704.00","5817538.76","","1092165.24","Subtance Use Block Grant - Arp","N/A - Departmental Authority","","","","","2025-03-29"
"SAMHSA","B08TI083937","1B08TI083937-01","Illinois State Department Of Human Srvcs","2025-03-24","54758808.00","47196597.00","","7562211.00","Subtance Use Block Grant - Arp","N/A - Departmental Authority","","","","","2025-03-29"
"SAMHSA","B08TI083938","1B08TI083938-01","Iowa State Dept Of Public Health","2025-03-24","10598978.00","7734331.13","","2864646.87","Subtance Use Block Grant - Arp","N/A - Departmental Authority","","","","","2025-03-29"
"SAMHSA","B08TI083939","1B08TI083939-01","Indiana Family & Social Services Admin","2025-03-24","26102993.00","12933609.26","","13169383.74","Subtance Use Block Grant - Arp","N/A - Departmental Authority","","","","","2025-03-29"
"SAMHSA","B08TI083940","1B08TI083940-01","Kansas State Department For Aging And Disability Services","2025-03-24","9632698.00","6854769.79","","2777928.21","Subtance Use Block Grant - Arp","N/A - Departmental Authority","","","","","2025-03-29"
"SAMHSA","B08TI083941","1B08TI083941-01","Ky St Cabinet/Health/Family Services","2025-03-24","16496159.00","11824038.53","","4672120.47","Subtance Use Block Grant - Arp","N/A - Departmental Authority","","","","","2025-03-29"
"SAMHSA","B08TI083942","1B08TI083942-01","Louisiana State Department Of Health","2025-03-24","20258730.00","8515629.30","","11743100.70","Subtance Use Block Grant - Arp","N/A - Departmental Authority","","","","","2025-03-29"
"SAMHSA","B08TI083943","1B08TI083943-01","Hawaii State Department Of Health -- Alcohol And Drug Abuse Division","2025-03-24","6947249.00","3427879.72","","3519369.28","Subtance Use Block Grant - Arp","N/A - Departmental Authority","","","","","2025-03-29"
"SAMHSA","B08TI083944","1B08TI083944-01","Maine State Dept/Health/Human Servs","2025-03-24","5640385.00","4353536.79","","1286848.21","Subtance Use Block Grant - Arp","N/A - Departmental Authority","","","","","2025-03-29"
"SAMHSA","B08TI083945","1B08TI083945-01","Maryland Alcohol And Drug Abuse Admin","2025-03-24","27587522.00","15197661.58","","12389860.42","Subtance Use Block Grant - Arp","N/A - Departmental Authority","","","","","2025-03-29"
"SAMHSA","B08TI083946","1B08TI083946-01","Ma St Executive Office Of Health & Human Services","2025-03-24","32254331.00","28429053.62","","3825277.38","Subtance Use Block Grant - Arp","N/A - Departmental Authority","","","","","2025-03-29"
"SAMHSA","B08TI083947","1B08TI083947-01","Michigan State Department Of Health And Human Services","2025-03-24","45374413.00","32878897.75","","12495515.25","Subtance Use Block Grant - Arp","N/A - Departmental Authority","","","","","2025-03-29"
"SAMHSA","B08TI083948","1B08TI083948-01","Fsm Dept Of Health And Social Affairs","2025-03-24","571998.00","261439.31","","310558.69","Subtance Use Block Grant - Arp","N/A - Departmental Authority","","","","","2025-03-29"
"SAMHSA","B08TI083949","1B08TI083949-01","Minnesota State Department Of Human Services","2025-03-24","19510440.00","9119580.26","","10390859.74","Subtance Use Block Grant - Arp","N/A - Departmental Authority","","","","","2025-03-29"
"SAMHSA","B08TI083950","1B08TI083950-01","Mississippi State Department Of Mental Health","2025-03-24","11173892.00","2353752.80","","8820139.20","Subtance Use Block Grant - Arp","N/A - Departmental Authority","","","","","2025-03-29"
"SAMHSA","B08TI083951","1B08TI083951-01","Missouri State Dept Of Mental Health","2025-03-24","21490814.00","21490814.00","","","Subtance Use Block Grant - Arp","N/A - Departmental Authority","","","","","2025-03-29"
"SAMHSA","B08TI083954","1B08TI083954-01","Nebraska St Dept Of Health & Human Servs","2025-03-24","6185533.00","1342689.05","","4842843.95","Subtance Use Block Grant - Arp","N/A - Departmental Authority","","","","","2025-03-29"
"SAMHSA","B08TI083955","1B08TI083955-01","Nh State Dept/Hlth Statistics/Data Mgmt","2025-03-24","5640385.00","4198247.72","","1442137.28","Subtance Use Block Grant - Arp","N/A - Departmental Authority","","","","","2025-03-29"
"SAMHSA","B08TI083956","1B08TI083956-01","New Jersey State Department Of Human Services","2025-03-24","38907646.00","13545530.88","","25362115.12","Subtance Use Block Grant - Arp","N/A - Departmental Authority","","","","","2025-03-29"
"SAMHSA","B08TI083957","1B08TI083957-01","New Mexico State Department Of Human Services","2025-03-24","7742896.00","3883545.28","","3859350.72","Subtance Use Block Grant - Arp","N/A - Departmental Authority","","","","","2025-03-29"
"SAMHSA","B08TI083958","1B08TI083958-01","Nys Office Of Addiction Services And Supports","2025-03-24","90525693.00","51459068.33","","39066624.67","Subtance Use Block Grant - Arp","N/A - Departmental Authority","","","","","2025-03-29"
"SAMHSA","B08TI083959","1B08TI083959-01","Nc State Dept/Hlth & Human Services","2025-03-24","36420651.00","11903523.61","","24517127.39","Subtance Use Block Grant - Arp","N/A - Departmental Authority","","","","","2025-03-29"
"SAMHSA","B08TI083960","1B08TI083960-01","North Dakota State Department Of Human Services","2025-03-24","5288864.00","1223537.00","","4065327.00","Subtance Use Block Grant - Arp","N/A - Departmental Authority","","","","","2025-03-29"
"SAMHSA","B08TI083961","1B08TI083961-01","Ohio State Department Of Mental Health And Addiction Services","2025-03-24","52241251.00","22169895.58","","30071355.42","Subtance Use Block Grant - Arp","N/A - Departmental Authority","","","","","2025-03-29"
"SAMHSA","B08TI083963","1B08TI083963-01","Oregon Health Authority Directors Office Financial Services","2025-03-24","16658035.00","9533054.34","","7124980.66","Subtance Use Block Grant - Arp","N/A - Departmental Authority","","","","","2025-03-29"
"SAMHSA","B08TI083964","1B08TI083964-01","Pennsylvania State Department Of Drug And Alcohol Programs","2025-03-24","47841221.00","24889341.25","","22951879.75","Subtance Use Block Grant - Arp","N/A - Departmental Authority","","","","","2025-03-29"
"SAMHSA","B08TI083965","1B08TI083965-01","Rhode Island Dept Of Behavioral Healthcare/Developmental Disabilities/Hosp","2025-03-24","6150916.00","5854722.69","","296193.31","Subtance Use Block Grant - Arp","N/A - Departmental Authority","","","","","2025-03-29"
"SAMHSA","B08TI083966","1B08TI083966-01","South Carolina State Department Of Alcohol And Other Drug Abuse Services","2025-03-24","19199380.00","13927257.51","","5272122.49","Subtance Use Block Grant - Arp","N/A - Departmental Authority","","","","","2025-03-29"
"SAMHSA","B08TI083967","1B08TI083967-01","South Dakota State Department Of Social Services","2025-03-24","4890725.00","2766655.18","","2124069.82","Subtance Use Block Grant - Arp","N/A - Departmental Authority","","","","","2025-03-29"
"SAMHSA","B08TI083968","1B08TI083968-01","Tennessee State Department Of Mental Health And Substance Abuse Services","2025-03-24","25886179.00","9067066.25","","16819112.75","Subtance Use Block Grant - Arp","N/A - Departmental Authority","","","","","2025-03-29"
"SAMHSA","B08TI083969","1B08TI083969-01","Texas State Dept Of Health Services","2025-03-24","117140711.00","65570863.74","","51569847.26","Subtance Use Block Grant - Arp","N/A - Departmental Authority","","","","","2025-03-29"
"SAMHSA","B08TI083970","1B08TI083970-01","Utah Department Of Health And Human Services","2025-03-24","13428346.00","8711624.36","","4716721.64","Subtance Use Block Grant - Arp","N/A - Departmental Authority","","","","","2025-03-29"
"SAMHSA","B08TI083972","1B08TI083972-01","Virginia State Department Of Behavioral Health And Developmental Services","2025-03-24","33982454.00","19077558.36","","14904895.64","Subtance Use Block Grant - Arp","N/A - Departmental Authority","","","","","2025-03-29"
"SAMHSA","B08TI083973","1B08TI083973-01","Wisconsin Department Of Health Services","2025-03-24","22016587.00","14881897.14","","7134689.86","Subtance Use Block Grant - Arp","N/A - Departmental Authority","","","","","2025-03-29"
"SAMHSA","B08TI083974","1B08TI083974-01","Wyoming State Department Of Health","2025-03-24","3397896.00","1733775.20","","1664120.80","Subtance Use Block Grant - Arp","N/A - Departmental Authority","","","","","2025-03-29"
"SAMHSA","B08TI083976","1B08TI083976-01","Puerto Rico Department Of Mental Health And Anti-Addiction Services Admin","2025-03-24","18182788.00","9132290.78","","9050497.22","Subtance Use Block Grant - Arp","N/A - Departmental Authority","","","","","2025-03-29"
"SAMHSA","B08TI083977","1B08TI083977-01","Health Care Authority","2025-03-24","30586435.00","16949298.68","","13637136.32","Subtance Use Block Grant - Arp","N/A - Departmental Authority","","","","","2025-03-29"
"SAMHSA","B08TI083979","1B08TI083979-01","Delaware Division Of Substance Abuse And Mental Health","2025-03-24","5640385.00","4064572.47","","1575812.53","Subtance Use Block Grant - Arp","N/A - Departmental Authority","","","","","2025-03-29"
"SAMHSA","B08TI083980","1B08TI083980-01","Dc Department Of Health","2025-03-24","5640385.00","739682.44","","4900702.56","Subtance Use Block Grant - Arp","N/A - Departmental Authority","","","","","2025-03-29"
"SAMHSA","B08TI083981","1B08TI083981-01","Virgin Islands Department Of Health","2025-03-24","590398.00","238609.75","","351788.25","Subtance Use Block Grant - Arp","N/A - Departmental Authority","","","","","2025-03-29"
"SAMHSA","B08TI083982","1B08TI083982-01","Alabama State Dept Of Mtl Hlth & Mtl Ret","2025-03-24","18690785.00","12187045.88","","6503739.12","Subtance Use Block Grant - Arp","N/A - Departmental Authority","","","","","2025-03-29"
"SAMHSA","B08TI083983","1B08TI083983-01","Republic/Marshall Is Ministry Of Finance","2025-03-24","417694.00","","","417694.00","Subtance Use Block Grant - Arp","N/A - Departmental Authority","","","","","2025-03-29"
"SAMHSA","B08TI084565","1B08TI084565-01","West Virginia State Dept Hlth/Human Rscs","2025-03-24","218330.00","","","218330.00","Subtance Use Block Grant - Arp","N/A - Departmental Authority","","","","","2025-03-29"
"SAMHSA","B08TI084566","1B08TI084566-01","Health And Human Services, Nevada Department Of","2025-03-24","501181.00","30448.60","","470732.40","Subtance Use Block Grant - Arp","N/A - Departmental Authority","","","","","2025-03-29"
"SAMHSA","B08TI084568","1B08TI084568-01","Arizona State Department Of Hlth Srvcs","2025-03-24","1392949.00","137836.37","","1255112.63","Subtance Use Block Grant - Arp","N/A - Departmental Authority","","","","","2025-03-29"
"SAMHSA","B08TI084570","1B08TI084570-01","California State Dept/Health Care Svcs","2025-03-24","6894734.00","6512382.00","","382352.00","Subtance Use Block Grant - Arp","N/A - Departmental Authority","","","","","2025-03-29"
"SAMHSA","B08TI084571","1B08TI084571-01","Red Lake Band Of Chippewa Indians","2025-03-24","250000.00","","","250000.00","Subtance Use Block Grant - Arp","N/A - Departmental Authority","","","","","2025-03-29"
"SAMHSA","B08TI084572","1B08TI084572-01","Colorado State Dept Of Human Services","2025-03-24","970369.00","797343.84","","173025.16","Subtance Use Block Grant - Arp","N/A - Departmental Authority","","","","","2025-03-29"
"SAMHSA","B08TI084574","1B08TI084574-01","Florida State Department Of Children And Families","2025-03-24","3058139.00","","","3058139.00","Subtance Use Block Grant - Arp","N/A - Departmental Authority","","","","","2025-03-29"
"SAMHSA","B08TI084576","1B08TI084576-01","Illinois State Department Of Human Srvcs","2025-03-24","1767167.00","1628809.00","","138358.00","Subtance Use Block Grant - Arp","N/A - Departmental Authority","","","","","2025-03-29"
"SAMHSA","B08TI084578","1B08TI084578-01","Indiana Family & Social Services Admin","2025-03-24","882589.00","182778.32","","699810.68","Subtance Use Block Grant - Arp","N/A - Departmental Authority","","","","","2025-03-29"
"SAMHSA","B08TI084580","1B08TI084580-01","Ky St Cabinet/Health/Family Services","2025-03-24","562833.00","404062.77","","158770.23","Subtance Use Block Grant - Arp","N/A - Departmental Authority","","","","","2025-03-29"
"SAMHSA","B08TI084581","1B08TI084581-01","Louisiana State Department Of Health","2025-03-24","674083.00","243353.83","","430729.17","Subtance Use Block Grant - Arp","N/A - Departmental Authority","","","","","2025-03-29"
"SAMHSA","B08TI084584","1B08TI084584-01","Republic/Marshall Is Ministry Of Finance","2025-03-24","125000.00","","","125000.00","Subtance Use Block Grant - Arp","N/A - Departmental Authority","","","","","2025-03-29"
"SAMHSA","B08TI084585","1B08TI084585-01","Maryland Alcohol And Drug Abuse Admin","2025-03-24","967246.00","503162.84","","464083.16","Subtance Use Block Grant - Arp","N/A - Departmental Authority","","","","","2025-03-29"
"SAMHSA","B08TI084586","1B08TI084586-01","Ma St Executive Office Of Health & Human Services","2025-03-24","1120601.00","","","1120601.00","Subtance Use Block Grant - Arp","N/A - Departmental Authority","","","","","2025-03-29"
"SAMHSA","B08TI084587","1B08TI084587-01","Michigan State Department Of Health And Human Services","2025-03-24","1439497.00","","","1439497.00","Subtance Use Block Grant - Arp","N/A - Departmental Authority","","","","","2025-03-29"
"SAMHSA","B08TI084589","1B08TI084589-01","Minnesota State Department Of Human Services","2025-03-24","671803.00","2577.00","","669226.00","Subtance Use Block Grant - Arp","N/A - Departmental Authority","","","","","2025-03-29"
"SAMHSA","B08TI084590","1B08TI084590-01","Mississippi State Department Of Mental Health","2025-03-24","379927.00","181061.10","","198865.90","Subtance Use Block Grant - Arp","N/A - Departmental Authority","","","","","2025-03-29"
"SAMHSA","B08TI084592","1B08TI084592-01","Montana State Dept/Pub Hlth & Human Srvs","2025-03-24","125000.00","6992.46","","118007.54","Subtance Use Block Grant - Arp","N/A - Departmental Authority","","","","","2025-03-29"
"SAMHSA","B08TI084594","1B08TI084594-01","Nebraska St Dept Of Health & Human Servs","2025-03-24","221980.00","13819.21","","208160.79","Subtance Use Block Grant - Arp","N/A - Departmental Authority","","","","","2025-03-29"
"SAMHSA","B08TI084596","1B08TI084596-01","New Jersey State Department Of Human Services","2025-03-24","1382714.00","118790.78","","1263923.22","Subtance Use Block Grant - Arp","N/A - Departmental Authority","","","","","2025-03-29"
"SAMHSA","B08TI084598","1B08TI084598-01","Nys Office Of Addiction Services And Supports","2025-03-24","2783125.00","766850.00","","2016275.00","Subtance Use Block Grant - Arp","N/A - Departmental Authority","","","","","2025-03-29"
"SAMHSA","B08TI084599","1B08TI084599-01","Nc State Dept/Hlth & Human Services","2025-03-24","1353230.00","211505.90","","1141724.10","Subtance Use Block Grant - Arp","N/A - Departmental Authority","","","","","2025-03-29"
"SAMHSA","B08TI084600","1B08TI084600-01","North Dakota State Department Of Human Services","2025-03-24","125000.00","","","125050.00","Subtance Use Block Grant - Arp","N/A - Departmental Authority","","","","","2025-03-29"
"SAMHSA","B08TI084602","1B08TI084602-01","Oklahoma Dept Of Mental Hlth/Subs Abuse","2025-03-24","492847.00","","","492847.00","Subtance Use Block Grant - Arp","N/A - Departmental Authority","","","","","2025-03-29"
"SAMHSA","B08TI084603","1B08TI084603-01","Oregon Health Authority Directors Office Financial Services","2025-03-24","704543.00","38571.43","","665971.57","Subtance Use Block Grant - Arp","N/A - Departmental Authority","","","","","2025-03-29"
"SAMHSA","B08TI084604","1B08TI084604-01","Pennsylvania State Department Of Drug And Alcohol Programs","2025-03-24","1546937.00","568579.18","","978357.82","Subtance Use Block Grant - Arp","N/A - Departmental Authority","","","","","2025-03-29"
"SAMHSA","B08TI084606","1B08TI084606-01","South Carolina State Department Of Alcohol And Other Drug Abuse Services","2025-03-24","684099.00","196932.49","","487166.51","Subtance Use Block Grant - Arp","N/A - Departmental Authority","","","","","2025-03-29"
"SAMHSA","B08TI084608","1B08TI084608-01","Tennessee State Department Of Mental Health And Substance Abuse Services","2025-03-24","864280.00","","","864280.00","Subtance Use Block Grant - Arp","N/A - Departmental Authority","","","","","2025-03-29"
"SAMHSA","B08TI084609","1B08TI084609-01","Texas Health And Human Services Commission","2025-03-24","4715901.00","4309868.51","","406032.49","Subtance Use Block Grant - Arp","N/A - Departmental Authority","","","","","2025-03-29"
"SAMHSA","B08TI084612","1B08TI084612-01","Virginia State Department Of Behavioral Health And Developmental Services","2025-03-24","1245502.00","395791.59","","849710.41","Subtance Use Block Grant - Arp","N/A - Departmental Authority","","","","","2025-03-29"
"SAMHSA","B08TI084613","1B08TI084613-01","Wisconsin Department Of Health Services","2025-03-24","813590.00","","","813590.00","Subtance Use Block Grant - Arp","N/A - Departmental Authority","","","","","2025-03-29"
"SAMHSA","B08TI084616","1B08TI084616-01","Puerto Rico Department Of Mental Health And Anti-Addiction Services Admin","2025-03-24","622008.00","136043.12","","485964.88","Subtance Use Block Grant - Arp","N/A - Departmental Authority","","","","","2025-03-29"
"SAMHSA","B08TI084617","1B08TI084617-01","Health Care Authority","2025-03-24","1076243.00","495243.24","","580999.76","Subtance Use Block Grant - Arp","N/A - Departmental Authority","","","","","2025-03-29"
"SAMHSA","B08TI084620","1B08TI084620-01","D. C. Department Of Behavioral Health","2025-03-24","128419.00","14132.76","","114286.24","Subtance Use Block Grant - Arp","N/A - Departmental Authority","","","","","2025-03-29"
"SAMHSA","B08TI084621","1B08TI084621-01","Virgin Islands Department Of Health","2025-03-24","125000.00","23154.24","","101845.76","Subtance Use Block Grant - Arp","N/A - Departmental Authority","","","","","2025-03-29"
"SAMHSA","B08TI084622","1B08TI084622-01","Alabama State Dept Of Mtl Hlth & Mtl Ret","2025-03-24","651084.00","399400.54","","251683.46","Subtance Use Block Grant - Arp","N/A - Departmental Authority","","","","","2025-03-29"
"SAMHSA","B08TI083492","1B08TI083492-01","West Virginia State Dept Hlth/Human Rscs","2025-03-24","7904019.00","7493382.65","","410636.35","N/A - Departmental Authority","","","","","","2025-03-29"
"SAMHSA","B08TI083493","1B08TI083493-01","Health And Human Services, Nevada Department Of","2025-03-24","15937418.00","15422264.78","","515153.22","Substance Use Block Grant - Covid Relief","N/A - Departmental Authority","","","","","2025-03-29"
"SAMHSA","B08TI083494","1B08TI083494-01","Red Lake Band Of Chippewa Indians","2025-03-24","556786.00","451379.98","","105406.02","Substance Use Block Grant - Covid Relief","N/A - Departmental Authority","","","","","2025-03-29"
"SAMHSA","B08TI083495","1B08TI083495-01","Fl St Department Of Children And Families","2025-03-24","104396719.00","97367121.52","","7029597.48","Substance Use Block Grant - Covid Relief","N/A - Departmental Authority","","","","","2025-03-29"
"SAMHSA","B08TI083497","1B08TI083497-01","Illinois Dept Of Human Services","2025-03-24","63404936.00","63223867.00","","181069.00","Substance Use Block Grant - Covid Relief","N/A - Departmental Authority","","","","","2025-03-29"
"SAMHSA","B08TI083503","1B08TI083503-01","Michigan Department Of Health And Human Services","2025-03-24","52538794.00","50699128.05","","1839665.95","Substance Use Block Grant - Covid Relief","N/A - Departmental Authority","","","","","2025-03-29"
"SAMHSA","B08TI083504","1B08TI083504-01","Mn St Department Of Human Services","2025-03-24","22591036.00","22173135.94","","417900.06","Mental Health Block Grant - Covid Relief","N/A - Departmental Authority","","","","","2025-03-29"
"SAMHSA","B08TI083505","1B08TI083505-01","Mississippi State Department Of Mental Health","2025-03-24","12938191.00","10276261.47","","2661929.53","Mental Health Block Grant - Covid Relief","N/A - Departmental Authority","","","","","2025-03-29"
"SAMHSA","B08TI083508","1B08TI083508-01","Nebraska St Dept Of Health & Human Servs","2025-03-24","7162196.00","2524616.39","","4637579.61","Mental Health Block Grant - Covid Relief","N/A - Departmental Authority","","","","","2025-03-29"
"SAMHSA","B08TI083509","1B08TI083509-01","Nh State Dept/Hlth Statistics/Data Mgmt","2025-03-24","6530972.00","5693811.58","","837160.42","Mental Health Block Grant - Covid Relief","N/A - Departmental Authority","","","","","2025-03-29"
"SAMHSA","B08TI083513","1B08TI083513-01","Oregon Health Authority Directors Office Financial Services","2025-03-24","19288251.00","18122759.21","","1165491.79","Mental Health Block Grant - Covid Relief","N/A - Departmental Authority","","","","","2025-03-29"
"SAMHSA","B08TI083515","1B08TI083515-01","Tennessee State Department Of Mental Health And Substance Abuse Services","2025-03-24","29973471.00","29356151.25","","617319.75","Mental Health Block Grant - Covid Relief","N/A - Departmental Authority","","","","","2025-03-29"
"SAMHSA","B08TI083518","1B08TI083518-01","Puerto Rico Department Of Mental Health And Anti-Addiction Services Admin","2025-03-24","21053755.00","20032964.02","","1020790.98","Mental Health Block Grant - Covid Relief","N/A - Departmental Authority","","","","","2025-03-29"
"SAMHSA","B08TI083522","1B08TI083522-01","Virgin Islands Department Of Health","2025-03-24","683619.00","570393.15","","113225.85","Mental Health Block Grant - Covid Relief","N/A - Departmental Authority","","","","","2025-03-29"
"SAMHSA","B08TI083523","1B08TI083523-01","Alabama State Dept Of Mtl Hlth & Mtl Ret","2025-03-24","21641962.00","21455144.07","","186817.93","Mental Health Block Grant - Covid Relief","N/A - Departmental Authority","","","","","2025-03-29"
"SAMHSA","B08TI083524","1B08TI083524-01","Alaska State Department Of Hlth-Soc Svcs","2025-03-24","5519877.00","5392225.01","","127651.99","Mental Health Block Grant - Covid Relief","N/A - Departmental Authority","","","","","2025-03-29"
"SAMHSA","B08TI083526","1B08TI083526-01","Division Of Aging Adult And Behavioral Health Services","2025-03-24","12676621.00","12354885.64","","321735.36","Mental Health Block Grant - Covid Relief","N/A - Departmental Authority","","","","","2025-03-29"
"SAMHSA","B08TI083527","1B08TI083527-01","California State Dept/Health Care Svcs","2025-03-24","238465012.00","232963781.35","","5501230.65","Mental Health Block Grant - Covid Relief","N/A - Departmental Authority","","","","","2025-03-29"
"SAMHSA","B08TI083530","1B08TI083530-01","Georgia Department Of Behavioral Health And Developmental Disabilities (Dbhdd)","2025-03-24","53569236.00","49722627.18","","3846608.82","Mental Health Block Grant - Covid Relief","N/A - Departmental Authority","","","","","2025-03-29"
"SAMHSA","B08TI083532","1B08TI083532-01","Indiana Family & Social Services Admin","2025-03-24","30224518.00","29212277.40","","1012240.60","Mental Health Block Grant - Covid Relief","N/A - Departmental Authority","","","","","2025-03-29"
"SAMHSA","B08TI083534","1B08TI083534-01","Louisiana State Department Of Health","2025-03-24","23457477.00","20519453.70","","2938023.30","Mental Health Block Grant - Covid Relief","N/A - Departmental Authority","","","","","2025-03-29"
"SAMHSA","B08TI083535","1B08TI083535-01","Maryland Alcohol And Drug Abuse Admin","2025-03-24","31943446.00","19627229.83","","12316216.17","Mental Health Block Grant - Covid Relief","N/A - Departmental Authority","","","","","2025-03-29"
"SAMHSA","B08TI083536","1B08TI083536-01","Fsm Dept Of Health And Social Affairs","2025-03-24","662313.00","443904.51","","218408.49","Mental Health Block Grant - Covid Relief","N/A - Departmental Authority","","","","","2025-03-29"
"SAMHSA","B08TI083538","1B08TI083538-01","New Jersey State Department Of Human Services","2025-03-24","45050958.00","39441987.51","","5608970.49","Mental Health Block Grant - Covid Relief","N/A - Departmental Authority","","","","","2025-03-29"
"SAMHSA","B08TI083539","1B08TI083539-01","Nys Office Of Addiction Services And Supports","2025-03-24","104819223.00","104634033.00","","185190.00","Mental Health Block Grant - Covid Relief","N/A - Departmental Authority","","","","","2025-03-29"
"SAMHSA","B08TI083540","1B08TI083540-01","Nc State Dept/Hlth & Human Services","2025-03-24","42171280.00","35346607.80","","6824672.20","Mental Health Block Grant - Covid Relief","N/A - Departmental Authority","","","","","2025-03-29"
"SAMHSA","B08TI083542","1B08TI083542-01","Pennsylvania State Department Of Drug And Alcohol Programs","2025-03-24","55395098.00","54165941.82","","1229156.18","Mental Health Block Grant - Covid Relief","N/A - Departmental Authority","","","","","2025-03-29"
"SAMHSA","B08TI083546","1B08TI083546-01","Utah Department Of Health And Human Services","2025-03-24","15548611.00","15253127.74","","295483.26","Mental Health Block Grant - Covid Relief","N/A - Departmental Authority","","","","","2025-03-29"
"SAMHSA","B08TI083550","1B08TI083550-01","Dc Department Of Health","2025-03-24","6530972.00","4446233.94","","2084738.06","Mental Health Block Grant - Covid Relief","N/A - Departmental Authority","","","","","2025-03-29"
"SAMHSA","B08TI083551","1B08TI083551-01","Republic/Marshall Is Ministry Of Finance","2025-03-24","483646.00","","","483646.00","Mental Health Block Grant - Covid Relief","N/A - Departmental Authority","","","","","2025-03-29"
"SAMHSA","B09SM083944","1B09SM083944-01","Division Of Aging Adult And Behavioral Health Services","2025-03-24","7229333.00","6789038.88","","440294.12","Mental Health Block Grant - Covid Relief","N/A - Departmental Authority","","","","","2025-03-29"
"SAMHSA","B09SM083945","1B09SM083945-01","California State Dept/Health Care Svcs","2025-03-24","108247196.00","108247196.00","","","Mental Health Block Grant - Covid Relief","N/A - Departmental Authority","","","","","2025-03-29"
"SAMHSA","B09SM083947","1B09SM083947-01","South Carolina State Dept Of Mental Hlth","2025-03-24","12436240.00","11688983.90","","747256.10","Mental Health Block Grant - Covid Relief","N/A - Departmental Authority","","","","","2025-03-29"
"SAMHSA","B09SM083955","1B09SM083955-01","Rep/Marshall Islands- Ministry Of Health","2025-03-24","241823.00","","","241823.00","Mental Health Block Grant - Covid Relief","N/A - Departmental Authority","","","","","2025-03-29"
"SAMHSA","B09SM083957","1B09SM083957-01","Alabama State Dept Of Mtl Hlth & Mtl Ret","2025-03-24","11944986.00","11427427.94","","517558.06","Mental Health Block Grant - Covid Relief","N/A - Departmental Authority","","","","","2025-03-29"
"SAMHSA","B09SM083960","1B09SM083960-01","Arizona Hlth Care Cost Containment Sys","2025-03-24","22711565.00","22711565.00","","","Mental Health Block Grant - Covid Relief","N/A - Departmental Authority","","","","","2025-03-29"
"SAMHSA","B09SM083963","1B09SM083963-01","D. C. Department Of Behavioral Health","2025-03-24","1956394.00","1537160.57","","419233.43","Mental Health Block Grant - Covid Relief","N/A - Departmental Authority","","","","","2025-03-29"
"SAMHSA","B09SM083966","1B09SM083966-01","Vermont State Agency Of Human Services","2025-03-24","1415844.00","1089154.16","","326689.84","Mental Health Block Grant - Covid Relief","N/A - Departmental Authority","","","","","2025-03-29"
"SAMHSA","B09SM083970","1B09SM083970-01","Idaho State Dept Of Health And Welfare","2025-03-24","4873385.00","4512740.45","","360644.55","Mental Health Block Grant - Covid Relief","N/A - Departmental Authority","","","","","2025-03-29"
"SAMHSA","B09SM083971","1B09SM083971-01","Illinois State Department Of Human Srvcs","2025-03-24","29073007.00","28952019.00","","120988.00","Mental Health Block Grant - Covid Relief","N/A - Departmental Authority","","","","","2025-03-29"
"SAMHSA","B09SM083973","1B09SM083973-01","Kansas State Department For Aging And Disability Services","2025-03-24","6035542.00","3726127.68","","2309414.32","Mental Health Block Grant - Covid Relief","N/A - Departmental Authority","","","","","2025-03-29"
"SAMHSA","B09SM083975","1B09SM083975-01","Louisiana State Office Of Behavioral Health","2025-03-24","11975406.00","11424313.65","","551092.35","Mental Health Block Grant - Covid Relief","N/A - Departmental Authority","","","","","2025-03-29"
"SAMHSA","B09SM083977","1B09SM083977-01","Health, Maryland Department Of","2025-03-24","16100385.00","11985868.32","","4114516.68","Mental Health Block Grant - Covid Relief","N/A - Departmental Authority","","","","","2025-03-29"
"SAMHSA","B09SM083978","1B09SM083978-01","Ma St Executive Office Of Health & Human Services","2025-03-24","16551534.00","15576172.75","","975361.25","Mental Health Block Grant - Covid Relief","N/A - Departmental Authority","","","","","2025-03-29"
"SAMHSA","B09SM083979","1B09SM083979-01","Michigan State Department Of Health And Human Services","2025-03-24","24265829.00","18603056.42","","5662772.58","Mental Health Block Grant - Covid Relief","N/A - Departmental Authority","","","","","2025-03-29"
"SAMHSA","B09SM083980","1B09SM083980-01","Minnesota State Department Of Human Services","2025-03-24","12518067.00","9244984.57","","3273082.43","Mental Health Block Grant - Covid Relief","N/A - Departmental Authority","","","","","2025-03-29"
"SAMHSA","B09SM083981","1B09SM083981-01","Mississippi State Department Of Mental Health","2025-03-24","7556583.00","5809952.79","","1746630.21","Mental Health Block Grant - Covid Relief","N/A - Departmental Authority","","","","","2025-03-29"
"SAMHSA","B09SM083985","1B09SM083985-01","Nebraska St Dept Of Health & Human Servs","2025-03-24","3795400.00","1022841.60","","2772558.40","Mental Health Block Grant - Covid Relief","N/A - Departmental Authority","","","","","2025-03-29"
"SAMHSA","B09SM083986","1B09SM083986-01","Health And Human Services, Nevada Department Of","2025-03-24","8743742.00","8089715.23","","654026.77","Mental Health Block Grant - Covid Relief","N/A - Departmental Authority","","","","","2025-03-29"
"SAMHSA","B09SM083987","1B09SM083987-01","Nh State Dept/Hlth Statistics/Data Mgmt","2025-03-24","2912959.00","2661061.33","","251897.67","Mental Health Block Grant - Covid Relief","N/A - Departmental Authority","","","","","2025-03-29"
"SAMHSA","B09SM083988","1B09SM083988-01","New Jersey State Department Of Human Services","2025-03-24","22649212.00","15171934.28","","7477277.72","Mental Health Block Grant - Covid Relief","N/A - Departmental Authority","","","","","2025-03-29"
"SAMHSA","B09SM083990","1B09SM083990-01","New York State Department Of Health","2025-03-24","46339285.00","46211225.00","","128060.00","Mental Health Block Grant - Covid Relief","N/A - Departmental Authority","","","","","2025-03-29"
"SAMHSA","B09SM083992","1B09SM083992-01","North Dakota State Department Of Human Services","2025-03-24","1435102.00","1325019.00","","110083.00","Mental Health Block Grant - Covid Relief","N/A - Departmental Authority","","","","","2025-03-29"
"SAMHSA","B09SM083993","1B09SM083993-01","Oklahoma Dept Of Mental Hlth/Subs Abuse","2025-03-24","9094136.00","8442566.74","","651569.26","Mental Health Block Grant - Covid Relief","N/A - Departmental Authority","","","","","2025-03-29"
"SAMHSA","B09SM083996","1B09SM083996-01","Puerto Rico Department Of Mental Health And Anti-Addiction Services Admin","2025-03-24","10526878.00","9727366.21","","799511.79","Mental Health Block Grant - Covid Relief","N/A - Departmental Authority","","","","","2025-03-29"
"SAMHSA","B09SM084000","1B09SM084000-01","Indiana Family & Social Services Admin","2025-03-24","14807647.00","14376802.56","","430844.44","Mental Health Block Grant - Covid Relief","N/A - Departmental Authority","","","","","2025-03-29"
"SAMHSA","B09SM084001","1B09SM084001-01","Georgia Department Of Behavioral Health And Developmental Disabilities (Dbhdd)","2025-03-24","26439839.00","20629084.21","","5810754.79","Mental Health Block Grant - Covid Relief","N/A - Departmental Authority","","","","","2025-03-29"
